barcode,pname,unit_type,order_step,min_q,step_supplier,box_kg,n,review,confidence
2984670072759,"Бащинський Сардельки М'ясні з сиром 0,882кг",ves_plav,0.1,,0.1,,1,LOW_N,ves_plav
2984670072995,Ковбаса в/с с/к Мілано 1кг,ves_plav,0.1,,0.1,,1,LOW_N,ves_plav
4823077625497,Рошен Цукерки Галаретка 1кг,ves_plav,0.1,,0.1,,1,LOW_N,ves_plav
4823077608933,Рошен Цукерки Лещина 1кг,ves_plav,0.1,,0.1,,1,OK,sales_stat
2984670079086,Волошкове Поле Сир Твердий Граф Дантес 45% 1кг Зелений Хутір,ves_plav,0.1,,0.1,,1,OK,sales_stat
4823088400564,ХБФ Цукерки Ренклод1кг,ves_plav,0.1,,0.1,,1,LOW_N,ves_plav
2984670064617,Риба Путасу В'ялена 1кг,ves_plav,0.1,,0.1,,1,LOW_N,ves_plav
2984670076184,Грона Печиво Мелодия з Маком 1кг,ves_plav,0.1,,0.1,,1,LOW_N,ves_plav
2984670072971,Ковбаса в/к в/с Президентська 1кг,ves_plav,0.1,,0.1,,1,LOW_N,ves_plav
2203131407184,"Бащинський Сардельки Соковиті 0,778кг",ves_plav,0.1,,0.1,,1,LOW_N,ves_plav
2984670073138,Ковбаса с/к в/с Президентська 1кг,ves_plav,0.1,,0.1,,1,LOW_N,ves_plav
2984670066116,"Сырье Огірок свіжий, кг",ves_plav,0.1,,0.1,,1,LOW_N,
2984670072735,Бащинський Крила курячі вар.-копч.,ves_plav,0.1,,0.1,,1,LOW_N,ves_plav
2984670062231,Айсберг Лящ Метелик Х/К 1кг,ves_plav,0.1,,0.1,,1,LOW_N,ves_plav
2984670073077,"Ковбаса вар.Теляча з вершками Ранчо 0,5кг",ves_plav,0.1,,0.1,,1,LOW_N,ves_plav
2984670073534,Сосиски Трое поросят в/г 1кг,ves_plav,0.1,,0.1,,1,LOW_N,ves_plav
2984670062187,Айсберг Хребти Лосося х/к 1кг,ves_plav,0.1,,0.1,,1,LOW_N,ves_plav
4823077607493,Рошен Цукерки Карамелькино 1кг,ves_plav,0.1,,0.1,,1,OK,sales_stat
2984670073282,Сало По-угорськи 1кг,ves_plav,0.1,,0.1,,1,LOW_N,ves_plav
4820180814114,"Біскотті Печиво Деміціо Мікс 0,45кг",ves_plav,0.1,,0.1,,1,LOW_N,ves_plav
2984670072834,Безлюдовский МК Столична с/к в/с,ves_plav,0.1,,0.1,,1,LOW_N,ves_plav
2984670072803,Безлюдовский МК Сардельки Карапуз в/с,ves_plav,0.1,,0.1,,1,LOW_N,ves_plav
2984670072773,Бащинський Філе куряче в/к Апетитне 450г,ves_plav,0.1,,0.1,,1,LOW_N,ves_plav
4820183961310,Безлюдовський МК Салямі Калабрія в/с 1шт,ves_plav,0.1,,0.1,,1,LOW_N,ves_plav
2978950022572,Овочі/Фрукти Капуста Молода 1кг,ves_plav,0.1,,0.1,,1,OK,sales_stat
4823077648038,Рошен Вафлі Джоні Крокер кокос 1кг,ves_plav,0.1,,0.1,,1,LOW_N,ves_plav
2978950015741,Волошкове Поле Сир Твердий Роттердам Классік 40% 1кг,ves_plav,0.1,,0.1,,1,OK,sales_stat
2984670072933,Ковбаса  Ранчо Сушена з яловичиною в/с 1кг,ves_plav,0.1,,0.1,,1,LOW_N,ves_plav
2984670072957,Ковбаса  Ранчо Сушена зі свининою 1с,ves_plav,0.1,,0.1,,1,LOW_N,ves_plav
2978950021087,Сулугуні Коса 1кг,ves_plav,0.1,,0.1,,1,OK,sales_stat
2984670077440,Чіпси Картопляні Вагові в асортименті 1кг,ves_plav,0.1,,0.1,,1,LOW_N,ves_plav
2984670072827,Безлюдовский МК Сардельки Шпикачки в/с,ves_plav,0.1,,0.1,,1,LOW_N,ves_plav
2984670062156,Айсберг Горбуша х/к б/г 1кг,ves_plav,0.1,,0.1,,1,LOW_N,ves_plav
2984670067533,Овочі/Фрукти Лайм 1кг,ves_plav,0.1,,0.1,,1,LOW_N,ves_plav
2984670072810,Безлюдовский МК Сардельки Карлсон в/с,ves_plav,0.1,,0.1,,1,LOW_N,ves_plav
2984670072841,Грудинка Пряна в/к в/с,ves_plav,0.1,,0.1,,1,LOW_N,ves_plav
2984670073299,Сардельки в/с Міні з яловичиною Ранчо 1кг,ves_plav,0.1,,0.1,,1,LOW_N,ves_plav
2984670073213,Крильця курячи ТМ Мясна Гільдія,ves_plav,0.1,,0.1,,1,LOW_N,ves_plav
2984670072711,Балик Традиційний копч.-вар. в/с,ves_plav,0.1,,0.1,,1,LOW_N,ves_plav
2984670067564,Овочі/Фрукти Цукіні 1кг,ves_plav,0.1,,0.1,,1,LOW_N,ves_plav
2984670073152,Ковбаса с/к в/с Украінська 1кг,ves_plav,0.1,,0.1,,1,LOW_N,ves_plav
4823077604416,Рошен Цукерки Червоний Мак 1кг,ves_plav,0.1,,0.1,,1,OK,sales_stat
2984670053291,Світі свіже Ізраіль,ves_plav,0.1,,0.1,,1,LOW_N,ves_plav
2984670073145,Ковбаса с/к в/с Президентська Т/У,ves_plav,0.1,,0.1,,1,LOW_N,ves_plav
2978950039341,Корм Пауч Кролик 14 кг 1 кг,ves_plav,0.1,,0.1,,1,LOW_N,ves_plav
2203131208620,"Бащинський Сардельки М'ясні 0,938кг",ves_plav,0.1,,0.1,,1,LOW_N,ves_plav
2984670064938,Риба Стейк Форелі х/к  1кг,ves_plav,0.1,,0.1,,1,OK,sales_stat
4823077635588,Рошен Вафлі Джоні Крокер чоко 1кг,ves_plav,0.1,,0.1,,2,LOW_N,ves_plav
2984670068448,Риба Ставрида х/к б/г (600+) 1кг,ves_plav,0.1,,0.1,,2,LOW_N,ves_plav
2984670063559,Безлюдовський МК Ковбаса Сервелат в/с с/к 1кг,ves_plav,0.1,,0.1,,2,LOW_N,ves_plav
2978950036609,Овочі/Фрукти Цибуля Біла 1кг,ves_plav,0.1,,0.1,,2,LOW_N,ves_plav
2978950039266,Роганський МК Шинка Сорочинська к/в в/с 1кг,ves_plav,0.1,,0.1,,2,OK,sales_stat
2200014,Рошен Карамель Лолліпоп Коктейль (920г) 1кг,ves_plav,0.1,,0.1,,2,OK,sales_stat
2984670059736,Безлюдовський МК Ковбаса Салямі Люкс в/с 1кг,ves_plav,0.1,,0.1,,2,LOW_N,ves_plav
2984670061210,Безлюдовський МК Ковбаса Сервелат в/к в/с 1кг,ves_plav,0.1,,0.1,,2,LOW_N,ves_plav
2984670063184,Овочі/Фрукти Диня 1кг,ves_plav,0.1,,0.1,,2,OK,sales_stat
2984670063450,Овочі/Фрукти Перець Червоний 1кг,ves_plav,0.1,,0.1,,3,OK,sales_stat
2984670045098,Корм Мяу Курка 14кг 1 шт,ves_plav,0.1,,0.1,,3,LOW_N,ves_plav
2984670066956,Глобино МК Набір Мікс для Солянки в/п 1кг,ves_plav,0.1,,0.1,,3,LOW_N,ves_plav
2978950025931,Овочі/Фрукти Кабачок 1кг,ves_plav,0.1,,0.1,,3,OK,sales_stat
2984670068332,Риба Ставрида х/к б/г (900+) 1кг,ves_plav,0.1,,0.1,,3,LOW_N,ves_plav
2984670062194,Айсберг Чехонь В*ялена 1кг,ves_plav,0.1,,0.1,,3,LOW_N,ves_plav
2984670071028,Овочі/Фрукти Ківі 1кг,ves_plav,0.1,,0.1,,3,OK,sales_stat
2984670074616,Овочі/Фрукти Помело 1кг,ves_plav,0.1,,0.1,,4,LOW_N,ves_plav
2984670071004,Овочі/Фрукти Гранат 1кг,ves_plav,0.1,,0.1,,4,LOW_N,ves_plav
2978950039280,Роганський МК М*ясні Чіпси Курячі с/к в/с 1кг,ves_plav,0.1,,0.1,,4,OK,sales_stat
2984670048921,Рошен Вафлі Джоні Крокер мілк 1кг,ves_plav,0.1,,0.1,,4,LOW_N,ves_plav
2984670071011,Овочі/Фрукти Грейпфрут 1кг,ves_plav,0.1,,0.1,,4,OK,sales_stat
2984670064914,Риба Ставрида г/к  1кг,ves_plav,0.1,1.066,0.1,,5,OK,ves_plav
2978950031581,Роганський МК Ковбаса Президентська н/к в/с (т/к) 1кг,ves_plav,0.1,0.35,0.1,,5,OK,ves_plav
2978950021186,Овочі/Фрукти Цибуля Синя Марс 1кг,ves_plav,0.1,2.38,0.1,,6,OK,sales_stat
2984670064945,Риба Форель х/к  1кг,ves_plav,0.1,1.066,0.1,,7,OK,ves_plav
2984670063566,Безлюдовський МК Ковбаса Шинка Різдв'яна в/с с/к 1кг,ves_plav,0.1,0.578,0.1,,7,OK,ves_plav
2984670079598,Риба Оселедець х/к 350+,ves_plav,0.1,0.71,0.1,,7,OK,ves_plav
2984670067540,Овочі/Фрукти Хурма 1кг,ves_plav,0.1,3.14,0.1,,9,OK,sales_stat
2984670063047,Безлюдовський МК Ковбаски Єгерські 1с 1кг,ves_plav,0.1,0.62,0.1,,10,OK,ves_plav
2978950027584,Овочі/Фрукти Помідор Рожевий 1кг,ves_plav,0.1,1.1,0.1,,11,OK,sales_stat
2984670067557,Овочі/Фрукти Виноград Киш-Миш 1кг,ves_plav,0.1,3.8,0.1,,12,OK,sales_stat
2984670063535,Безлюдовський МК Ковбаса Київська в/с с/в 1кг,ves_plav,0.1,0.242,0.1,,12,OK,ves_plav
2984670064631,Риба Вомер (300-400) х/к 1кг,ves_plav,0.1,0.8,0.1,,14,OK,sales_stat
2978950021216,Овочі/Фрукти Груша 1кг,ves_plav,0.1,5.7,0.1,,14,OK,sales_stat
2984670073718,Фісташки Смажені Солоні 1кг,ves_plav,0.1,0.9,0.1,,17,OK,sales_stat
2984670061166,Овочі/Фрукти Морква Молода Мита 1кг,ves_plav,0.1,0.986,0.1,,17,OK,ves_plav
2984670064921,Риба Скумбрія х/к б/г (500+)  1кг,ves_plav,0.1,0.8,0.1,,19,OK,sales_stat
2984670063542,Безлюдовський МК Ковбаса Салямі Французська с/к 1кг,ves_plav,0.1,0.2,0.1,,21,OK,sales_stat
2984670063528,Безлюдовський МК Ковбаса Брауншвейгська в/с с/к 1кг,ves_plav,0.1,0.3,0.1,,25,OK,sales_stat
2984670064365,Риба Мойва х/к 1кг,ves_plav,0.1,1.1,0.1,,32,OK,sales_stat
2984670064358,Риба Шпроти г/к 1кг,ves_plav,0.1,1.1,0.1,,34,OK,sales_stat
2978950031833,Овочі/Фрукти Яблуко Голден 1кг,ves_plav,0.1,0.832,0.1,,52,OK,ves_plav
2984670061234,Айсберг Плоскірка В'ялена Чищена Ікряна 1кг,ves_plav,0.1,1.1,0.1,,55,OK,sales_stat
2984670064389,Риба Скумбрія х/к б/г (400/600г)  1кг,ves_plav,0.1,0.9,0.1,,55,OK,sales_stat
2984670073701,Кеш'ю Смажений Солоний (180) 1кг,ves_plav,0.1,1.2,0.1,,61,OK,sales_stat
2984670060930,Айсберг Плоскірка В'ялена Чищена 1кг,ves_plav,0.1,0.476,0.1,,62,OK,ves_plav
2984670064372,Риба Салака Шведська х/к 1кг,ves_plav,0.1,1.2,0.1,,66,OK,sales_stat
2984670064341,Риба Хребти Лосося г/к 1кг,ves_plav,0.1,1.1,0.1,,69,OK,sales_stat
2984670063177,Овочі/Фрукти Кавун 1кг,ves_plav,0.1,4.0,0.1,,86,OK,sales_stat
2984670073695,Кеш'ю Смажений (240) 1кг,ves_plav,0.1,1.2,0.1,,92,OK,sales_stat
2984670058289,Безлюдовський МК Ковбаса Салямі Класична с/к 1с 1кг,ves_plav,0.1,0.252,0.1,,102,OK,ves_plav
2984670060923,Айсберг Лящ В'ялений Чищ.з Ікрою 1кг,ves_plav,0.1,0.58,0.1,,104,OK,ves_plav
2984670058258,Безлюдовський МК Ковбаса Філейна вар.1с 1кг,ves_plav,0.1,0.034,0.1,,123,OK,ves_plav
2984670064334,Риба Корюшка В'ялена Дрібна 1кг,ves_plav,0.1,0.4,0.1,,124,OK,sales_stat
2978950031826,Овочі/Фрукти Яблуко Симиренко 1 кг,ves_plav,0.1,1.2,0.1,,148,OK,sales_stat
2978950021957,Овочі/Фрукти Огірок Корнішон 1кг,ves_plav,0.1,1.1,0.1,,192,OK,sales_stat
2984670061609,Овочі/Фрукти Капуста 1кг,ves_plav,0.1,2.0,0.1,,198,OK,sales_stat
4820231110912,Волхов Печиво Харківське з Вишневим Мармеладом 1кг,ves_plav,0.1,0.9,0.1,,256,OK,sales_stat
2978950030478,Овочі/Фрукти Буряк 1кг,ves_plav,0.1,1.1,0.1,,263,OK,sales_stat
2984670055929,Глобино МК Ковбаса Салямі Вікторія с/к в/п 1с 1кг,ves_plav,0.1,0.3,0.1,,306,OK,sales_stat
2978950022435,Овочі/Фрукти Морква 1кг,ves_plav,0.1,1.1,0.1,,368,OK,sales_stat
2978950021179,Овочі/Фрукти Помідор 1кг,ves_plav,0.1,1.1,0.1,,384,OK,sales_stat
2984670055912,Глобино МК Ковбаса Брауншвейгська с/к в/с 1кг,ves_plav,0.1,0.3,0.1,,410,OK,sales_stat
2978950021209,Овочі/Фрукти Часник 1кг,ves_plav,0.1,0.3,0.1,,429,OK,sales_stat
2978950034841,Овочі/Фрукти Яблуко Чемпіон 1 кг,ves_plav,0.1,0.818,0.1,,481,OK,ves_plav
2984670055936,Глобино МК Ковбаса Салямі Золотиста с/к в/с в/п 1кг,ves_plav,0.1,0.3,0.1,,499,OK,sales_stat
2202287401640,Глобино МК Вуха По-Царськи 1с 1кг,ves_plav,0.1,0.5,0.1,,545,OK,sales_stat
2978950036531,Овочі/Фрукти Яблуко Фуджи 1кг,ves_plav,0.1,1.4,0.1,,713,OK,sales_stat
2978950036166,Овочі/Фрукти Мандарин 1кг,ves_plav,0.1,1.3,0.1,,947,OK,sales_stat
2984670063962,Овочі/Фрукти Цибуля Ріпчаста 1кг,ves_plav,0.1,1.5,0.1,,1090,OK,sales_stat
2978950021131,Овочі/Фрукти Апельсин 1кг,ves_plav,0.1,1.1,0.1,,1388,OK,sales_stat
2978950021148,Овочі/Фрукти Банан 1кг,ves_plav,0.1,1.2,0.1,,1739,OK,sales_stat
2978950021162,Овочі/Фрукти Лимон 1кг,ves_plav,0.1,1.1,0.1,,1788,OK,sales_stat
2984670063160,Овочі/Фрукти Картопля 1кг,ves_plav,0.1,3.5,0.1,,1811,OK,sales_stat
2984670058265,"Безлюдовський МК Ковбаса Президентська н/к в/с 1кг(0,23)",ves_plav,0.1,0.2,0.23,0.23,272,OK,sales_stat
2984670058272,"Безлюдовський МК Ковбаса Посольська н/к 1с 1кг(0,23)",ves_plav,0.1,0.2,0.23,0.23,293,OK,sales_stat
2978950032861,"Роганський МК Ковбаса Венеція с/к в/с 1кг (0,3)",ves_plav,0.1,,0.3,0.3,1,OK,sales_stat
2978950032885,"Роганський МК Ковбаса Папероні с/к 1с (40мм) 1кг (0,3)",ves_plav,0.1,,0.3,0.3,2,LOW_N,ves_plav
21765002788,"Роганський МК Ковбаса Золота с/к в/с 1кг (0,3)",ves_plav,0.1,,0.3,0.3,3,OK,sales_stat
2984670059743,"Безлюдовський МК Ковбаса Мадера в/с 1кг(0,3)",ves_plav,0.1,0.3,0.3,0.3,197,OK,sales_stat
2978950031369,"Роганський МК Сосиски Смачняшки в/с 1кг (0,5)",ves_plav,0.1,,0.5,0.5,4,OK,sales_stat
2978950031482,"Роганський МК Сосиски Шкільні вар в/с (черева) 1кг (0,5)",ves_plav,0.1,0.66,0.5,0.5,5,OK,sales_stat
2984670032784,"Роганський МК Ковбаса Варена Шкільна 1с(фабіас) 1кг (0,5)",ves_plav,0.1,0.564,0.5,0.5,6,OK,sales_stat
2978950031475,"Роганський МК Ковбаса Салямі Преміум н/к в/с 1кг (0,5)",ves_plav,0.1,0.526,0.5,0.5,6,OK,sales_stat
2978950031567,"Роганський МК Ковбаса Салямі Київська 1с 1кг (0,5)",ves_plav,0.1,0.462,0.5,0.5,7,OK,sales_stat
2978950031352,"Роганський МК Сардельки Пармезан вар 1с(черева) 1кг (0,5)",ves_plav,0.1,0.6,0.5,0.5,11,OK,sales_stat
2978950023432,"Роганський МК Ковбаса Краківська ДСТУ н/к в/с 1кг (0,5)",ves_plav,0.1,0.5,0.5,0.5,14,OK,sales_stat
2978950031345,"Роганський МК Сардельки Ніжні 1с(черева) ВМК 1кг (0,5)",ves_plav,0.1,0.5,0.5,0.5,18,OK,sales_stat
2984670061180,"Безлюдовський МК Сардельки Лікарські в/с 1кг(0,5)",ves_plav,0.1,0.032,0.5,0.5,123,OK,ves_plav
2984670061203,"Безлюдовський МК Сосиски Соковиті в/с 1кг(0,5)",ves_plav,0.1,0.3,0.5,0.5,237,OK,sales_stat
2984670061197,"Безлюдовський МК Сосиски Прикопчені 1с 1кг(0,5)",ves_plav,0.1,0.4,0.5,0.5,258,OK,sales_stat
2984670058296,"Безлюдовський МК Сосиски Зайченя в/с 1кг(0,5)",ves_plav,0.1,0.5,0.5,0.5,387,OK,sales_stat
2984670061364,СУЛУГУНІ Сухий Рваний 1кг,ves_plav,0.1,1.0,0.51,,324,OK,sales_stat
2978950031543,"Роганський МК Ковбаса Салямі Харківська в/с 1кг (0,6)",ves_plav,0.1,0.476,0.6,0.6,9,OK,sales_stat
19513006904,"Роганський МК Ковбаса Сервелат в/к в/с 1кг (0,7)",ves_plav,0.1,0.644,0.7,0.7,9,OK,sales_stat
21411008089,"Роганський МК Сосиски Прикопчені1с (банани) 1кг (0,8)",ves_plav,0.1,0.8,0.8,0.8,11,OK,sales_stat
2984670040826,"Теплі Моря Слайси зі Свинини Шашлик по Українськи Сол/Суш 1кг (0,8кг)",ves_plav,0.1,0.67,0.8,0.8,16,OK,ves_plav
2984670057114,"Теплі Моря Свинина По Козацьки Сол/Суш 1 кг(0,8)",ves_fix,0.8,0.8,0.8,0.8,1428,OK,sales_stat
2984670073114,"Ковбаса Портофіно в/с 0,075кг",sht_delimyy,1.0,,1.0,,1,LOW_N,delimyy
4820043250264,Свіфт Кисіль Вишневий Ласочка 90 гр,sht_delimyy,1.0,,1.0,,1,LOW_N,delimyy
4820000538886,Сигарети Вінстон ІхсПресіон Віолет 20шт,sht_delimyy,1.0,,1.0,,1,LOW_N,delimyy
4820231110745,Волхов Печиво Харків.Класичне 480г,sht_delimyy,1.0,,1.0,,1,LOW_N,delimyy
4820216120349,"Біскотті Печиво Феєрія 0,45кг",sht_delimyy,1.0,,1.0,,1,LOW_N,delimyy
4823088403039,ХБФ Цукерки Коробочні Вишня заспирт.в Шоколаді 190г,sht_delimyy,1.0,,1.0,,1,LOW_N,delimyy
2978950032984,Монжар Жувальна Цукерка Шокер Тропік (50) 1 шт,sht_delimyy,1.0,,1.0,,1,LOW_N,delimyy
4823096006486,Чумак Майонез Апетитний 50% 500г,sht_delimyy,1.0,,1.0,,1,LOW_N,delimyy
4823117500241,"КХ Печиво Вівсяне 0,36 кг",sht_delimyy,1.0,,1.0,,1,LOW_N,delimyy
2978950015598,Агропром Стакан Пластик 500 мл 1 шт,sht_delimyy,1.0,,1.0,,1,LOW_N,delimyy
4820253630405,Авангард Біг Боб Арахіс в Оболочці Васабі 55г,sht_delimyy,1.0,,1.0,,1,LOW_N,delimyy
4823077636110,Рошен Печиво Ловіта Желе Апельсин 420г,sht_delimyy,1.0,,1.0,,1,LOW_N,delimyy
4820229040535,Чай Зелений Алокозай З Саусепом 90г,sht_delimyy,1.0,,1.0,,1,LOW_N,delimyy
4820182747618,Авангард Сухарики Флінт пш. Трюфельний Камамбер 55г+ Соус Сирний 15г,sht_delimyy,1.0,,1.0,,1,LOW_N,delimyy
4820082706623,Чай Чорний Тянь Шань Лімонетто 20 пак (Пірамідка),sht_delimyy,1.0,,1.0,,1,LOW_N,delimyy
4820182065637,Авангард Біг Боб Фісташки Солоні Відбірні 170г,sht_delimyy,1.0,,1.0,,1,LOW_N,delimyy
9001508084968,Цукерки Моцарт 132г,sht_delimyy,1.0,,1.0,,1,LOW_N,delimyy
48211697,Сигарети Собраніє Рефін Блек 20шт,sht_delimyy,1.0,,1.0,,1,LOW_N,delimyy
4820210840649,"Медоф Горілка Львів Княжий Крафт 0,1л",sht_delimyy,1.0,,1.0,,1,LOW_N,delimyy
4820194791593,Гама Блекбургер з Котлетою 200г,sht_delimyy,1.0,,1.0,,1,LOW_N,delimyy
4820247141900,"Євромікс Кабаноси з птиці з додав.сиру 0,08кг",sht_delimyy,1.0,,1.0,,1,LOW_N,delimyy
4820270930953,Монжар Жувальна Цукерка Барбелла (20) 1 шт,sht_delimyy,1.0,,1.0,,1,LOW_N,delimyy
4820253631884,Авангард Сан Санич Ядра Соняшника  Солоні 100г,sht_delimyy,1.0,,1.0,,1,LOW_N,delimyy
4820017002684,"Вода Моршинська 1,5л ср/газ Апельсин-Грейпфрукт",sht_delimyy,1.0,,1.0,,1,LOW_N,delimyy
4820132923895,"Біскотті Печиво Пряник Заварний Ніжність в Біл.Глазурі 0,5кг",sht_delimyy,1.0,,1.0,,1,LOW_N,delimyy
4820256583210,"УДК Коньяк України Тетрі  3*0,5л",sht_delimyy,1.0,,1.0,,1,LOW_N,delimyy
4820180814947,"Біскотті Печиво здобне пісочне Морелі 0,45кг",sht_delimyy,1.0,,1.0,,1,LOW_N,delimyy
4820180816859,"Біскотті Печиво Книшик 0,45 кг",sht_delimyy,1.0,,1.0,,1,LOW_N,delimyy
4820088414188,Водний Світ Ікра Минтаю Сол.100гр,sht_delimyy,1.0,,1.0,,1,LOW_N,delimyy
4820180815708,"Біскотті Печиво пісочне Горішок 0,5 кг",sht_delimyy,1.0,,1.0,,1,LOW_N,delimyy
4820000949545,"УДК Напій Винний Ігристий Фраголіно Бьянко Біл.н/сол.0,75л",sht_delimyy,1.0,,1.0,,1,LOW_N,delimyy
2984670072940,"Ковбаса  Ранчо Сушена зі свининою 0,075кг",sht_delimyy,1.0,,1.0,,1,LOW_N,delimyy
2984670041922,Чай Зелений За Динамо 90г Уцінка 50%,sht_delimyy,1.0,,1.0,,1,LOW_N,
482300683972,Грінвіль Морська капуста класична 250г,sht_delimyy,1.0,,1.0,,1,LOW_N,delimyy
80968894,Драже Тік Так  Лимон та Лайм,sht_delimyy,1.0,,1.0,,1,LOW_N,delimyy
4015400075110,Тампони Тампакс Супер 16шт,sht_delimyy,1.0,,1.0,,1,LOW_N,delimyy
4823077649509,Рошен Шоколад Чорний Біттер 80% 85г,sht_delimyy,1.0,,1.0,,1,LOW_N,delimyy
4823077649875,Рошен Цукерки Боо 1кг,ves_plav,0.1,,1.0,,1,OK,sales_stat
8714100807262,Чай Хербата Сага 50 Пак,sht_delimyy,1.0,,1.0,,1,LOW_N,delimyy
3162049000292,"Дісна Віскі Ірландський Wise Salmon 40% 0,7л",sht_delimyy,1.0,,1.0,,1,LOW_N,delimyy
4820149481555,Чай Чорний Хвилинка Лимон 20 пак,sht_delimyy,1.0,,1.0,,1,LOW_N,delimyy
4823096008516,Чумак Майонез Провансаль 67% 180г,sht_delimyy,1.0,,1.0,,1,LOW_N,delimyy
4823088403527,ХБФ Цукерки Коробочні Скарлет 220г,sht_delimyy,1.0,,1.0,,1,LOW_N,delimyy
4260700180723,Порошок Тіно Універ.Свіжі Квіти 350г,sht_delimyy,1.0,,1.0,,1,LOW_N,delimyy
4820182749971,Авангард Соломка Картопляна Зелена Цибуля 55г з Соусом Сирний 15г,sht_delimyy,1.0,,1.0,,1,LOW_N,delimyy
2984670043667,Сулугуні Соломка Папріка-Мікс 1кг,ves_plav,0.1,,1.0,,1,OK,sales_stat
4820194790022,Гама Багета з Баликом,sht_delimyy,1.0,,1.0,,1,LOW_N,delimyy
4820004232131,"Волошкове Поле Сирок Солодкий  8% Родзинки  0,1кг еколін",sht_delimyy,1.0,,1.0,,1,LOW_N,delimyy
4820182063169,Авангард Біг Боб Арахіс Смажений Солоний Банка 120г,sht_delimyy,1.0,,1.0,,1,LOW_N,delimyy
4820149483863,Чай Едемс Чорний Англ.Класичний 100г,sht_delimyy,1.0,,1.0,,1,LOW_N,delimyy
4820260570442,Олком Соус Бургер 180г д/п,sht_delimyy,1.0,,1.0,,1,LOW_N,delimyy
4823124603515,Чай Чорний з Бергамотом 20п,sht_delimyy,1.0,,1.0,,1,LOW_N,delimyy
2984670069247,"Ковбаски с/к в/с Маздамер 0,08кг",sht_delimyy,1.0,,1.0,,1,LOW_N,delimyy
8718114822853,Чай Ліптон Еллоу Лейбл Гранульований 100г,sht_delimyy,1.0,,1.0,,1,LOW_N,delimyy
4820002713946,"Оболонь Напій с/а енерг Бронкс Гранат з/б 0,33 л",sht_delimyy,1.0,,1.0,,1,LOW_N,delimyy
4820149485249,Чай Магік Тіа чорний кєнійский 90г,sht_delimyy,1.0,,1.0,,1,LOW_N,delimyy
7622100824459,Сигарети Терея Камео 20шт,sht_delimyy,1.0,,1.0,,1,LOW_N,delimyy
4820272180639,Ферма Сметана 20% 200г Стакан,sht_delimyy,1.0,,1.0,,1,LOW_N,delimyy
4823096802688,Чай Гринфілд Зелений Ромашка 25 Пак,sht_delimyy,1.0,,1.0,,1,LOW_N,delimyy
4820034100226,"Палички кукур.Молочні ""Старснек"" 180гр",sht_delimyy,1.0,,1.0,,1,LOW_N,delimyy
5900396022943,Чай фруктовий Лойд Журавлина-Малина (пірамідка) 40г,sht_delimyy,1.0,,1.0,,1,LOW_N,delimyy
2984670073008,"Ковбаса в/с с/к Мілано 0,075г",sht_delimyy,1.0,,1.0,,1,LOW_N,delimyy
4820149489247,Чай Чорний За Динамо 90г,sht_delimyy,1.0,,1.0,,1,LOW_N,delimyy
4820006010737,"Сквирянка Крупа кукурудзяна шліф.0,8кг",sht_delimyy,1.0,,1.0,,1,LOW_N,delimyy
4820041575925,Крем-сир Вершковий 60% Кремоссо 150г,sht_delimyy,1.0,,1.0,,1,LOW_N,delimyy
2984670073060,"Ковбаса вар.Лікарська в/с 0,37кг",sht_delimyy,1.0,,1.0,,1,LOW_N,delimyy
4823003215235,Сигарети Парламент Компакт Сільвер 20шт,sht_delimyy,1.0,,1.0,,1,LOW_N,delimyy
8410702056694,"Дісна Вино Cola De Cometa Біле Н/Сол 0,75л",sht_delimyy,1.0,,1.0,,1,LOW_N,delimyy
2984670059095,Перець Чорний Мелений 1кг,sht_delimyy,1.0,,1.0,,1,LOW_N,delimyy
2984670072865,"Ковбаса  Ранчо 1с Оригінальна з молоком 0,5кг",sht_delimyy,1.0,,1.0,,1,LOW_N,delimyy
4820256582565,"УДК Коньяк України Алавері 5*0,5л",sht_delimyy,1.0,,1.0,,1,LOW_N,delimyy
2984670073688,Овочі/Фрукти Ананас 1шт,sht_delimyy,1.0,,1.0,,1,LOW_N,delimyy
4820000538862,Сигарети Вінстон ІхсПресіон Блю 20шт,sht_delimyy,1.0,,1.0,,1,LOW_N,delimyy
8720608011919,Чай Ліптон Інгліш Брекфаст 25 пак,sht_delimyy,1.0,,1.0,,1,LOW_N,delimyy
4820270362273,Набір Гло Хайпер Блек,sht_delimyy,1.0,,1.0,,1,LOW_N,delimyy
7622202321016,"Гумка Дірол Ікс Фреш Баблфреш Фрукти та  М*ята 13,5г(пластинки)",sht_delimyy,1.0,,1.0,,1,LOW_N,delimyy
4820179257915,Ріва Пюре Картопляне Вершки Пач.60г,sht_delimyy,1.0,,1.0,,1,LOW_N,delimyy
4820195515136,Батоша Кетчуп з Оливками 250г дЇп,sht_delimyy,1.0,,1.0,,1,LOW_N,delimyy
4823116835085,Наша ряба Рулет шинка пряний з філе курки  500г,sht_delimyy,1.0,,1.0,,1,LOW_N,delimyy
4820250941948,"БІР Пиво Гараж б/алк Грейпфрут 0,5 з/б",sht_delimyy,1.0,,1.0,,1,LOW_N,delimyy
4820270360491,Сигарети Кент Стік Корал Ред 20шт,sht_delimyy,1.0,,1.0,,1,LOW_N,delimyy
4820071649139,Ріва Іделія Кетчуп Шашличний 250г,sht_delimyy,1.0,,1.0,,1,LOW_N,delimyy
2984670059866,Кава Мак Кофе Капучино з Сол.Карам.(20)25г 1 шт,sht_delimyy,1.0,,1.0,,1,LOW_N,delimyy
4820216120271,"Біскотті Печиво Американ. з Шмат.Глаз.0,4кг",sht_delimyy,1.0,,1.0,,1,LOW_N,delimyy
4823077625602,Рошен Вафлі Ваферс Горіх 216г(16),sht_delimyy,1.0,,1.0,,1,LOW_N,delimyy
4823006803262,Грінвіль Морква по-корейськи 350г,sht_delimyy,1.0,,1.0,,1,LOW_N,delimyy
2984670073053,"Ковбаса вар. в/с Лікарська 0,4кг",sht_delimyy,1.0,,1.0,,1,LOW_N,delimyy
80844983,Мілк слайс Т1*20 Полуниця,sht_delimyy,1.0,,1.0,,1,LOW_N,delimyy
4820188111680,"Дісна Вино Вардіані Алазанська Долина Рожеве н/с 0,75л",sht_delimyy,1.0,,1.0,,1,LOW_N,delimyy
4820017003292,"Вода Моршинська 0,5л Лимонад троп.фрукти",sht_delimyy,1.0,,1.0,,1,LOW_N,delimyy
4820146443846,"Сік Ранок Яблуко-Полуничний 0,2л",sht_delimyy,1.0,,1.0,,1,LOW_N,delimyy
2984670073022,"Ковбаса в/с Салямі Золотиста 0,075кг",sht_delimyy,1.0,,1.0,,1,LOW_N,delimyy
4820272180370,"Ферма Кефір 2,5% 840г ПЕТ",sht_delimyy,1.0,,1.0,,1,LOW_N,delimyy
5900020045157,Нестле Готовий Сніданок Трікс 190гр,sht_delimyy,1.0,,1.0,,1,LOW_N,delimyy
4820149483771,Чай Чорний Хвилинка 180г,sht_delimyy,1.0,,1.0,,1,LOW_N,delimyy
4820245528598,Ферма Крем-Сир Вершковий 50% 170г,sht_delimyy,1.0,,1.0,,1,LOW_N,delimyy
4823127307601,Хуторок Борошно в/г 1кг,sht_delimyy,1.0,,1.0,,1,LOW_N,delimyy
4820235322182,"Грин Дей Горілка Зелений День Павер 0,5л",sht_delimyy,1.0,,1.0,,1,LOW_N,delimyy
7622210893215,Шоколад Корона Білий Пористий 80г,sht_delimyy,1.0,,1.0,,1,LOW_N,delimyy
4820078262812,Кекс Вишня 240г,sht_delimyy,1.0,,1.0,,1,LOW_N,delimyy
4820250944628,"БІР Енерг Напій Battery Cola  Б/А 0,5л з/б",sht_delimyy,1.0,,1.0,,1,LOW_N,delimyy
4820149489261,Чай Зелений За Динамо 90г,sht_delimyy,1.0,,1.0,,1,LOW_N,delimyy
7613035585881,Нестле Кава Нескафе Класік 60г,sht_delimyy,1.0,,1.0,,1,LOW_N,delimyy
4820220133779,"Хладік  п/ф Пельмені по Українськи Хладик 0,5кг",sht_delimyy,1.0,,1.0,,1,LOW_N,delimyy
7622210679376,Шоколад Мілка Молочний Полуничний Чизкейк 300г,sht_delimyy,1.0,,1.0,,1,LOW_N,delimyy
4820079693455,Алексис М'ясо Індиків 525г з/б,sht_delimyy,1.0,,1.0,,1,LOW_N,delimyy
4820235321703,"Грин Дей Вино Вілла Крим Оранж Фокс Бей н/с Біле 0,75л (12)",sht_delimyy,1.0,,1.0,,1,LOW_N,delimyy
4823077645907,Рошен Цукерки Жел.Ямі Гамі Яблуко 165г,sht_delimyy,1.0,,1.0,,1,LOW_N,delimyy
4823077623684,Рошен Карамель Молочна Крапля 150г,sht_delimyy,1.0,,1.0,,1,LOW_N,delimyy
8714599109243,Якобз Айріш Капучино (1кг),ves_plav,0.1,,1.0,1.0,1,LOW_N,ves_plav
4820270361733,Набір Гло Хайпер ХЗ Про Блек Ред,sht_delimyy,1.0,,1.0,,1,LOW_N,delimyy
4820215250740,"Медоф Ігристе Коктебель Сангрія 0,75л",sht_delimyy,1.0,,1.0,,1,LOW_N,delimyy
2978950021100,Сулугуні Соломка зі Спеціями 1кг,ves_plav,0.1,,1.0,,1,OK,sales_stat
4820250941054,"БІР Пиво Славутич Корабельне 1,96л",sht_delimyy,1.0,,1.0,,1,LOW_N,delimyy
2984670066604,Кулінарія Рублені котлети 1шт,sht_delimyy,1.0,,1.0,,1,LOW_N,delimyy
7613035585867,Нестле Кава Нескафе Класік 120г,sht_delimyy,1.0,,1.0,,1,LOW_N,delimyy
4823124603843,Хуторок Вермішель зі смаком Качки 60г,sht_delimyy,1.0,,1.0,,1,LOW_N,delimyy
4820250940842,"БІР Пиво Арсенал Міцне 1,96л",sht_delimyy,1.0,,1.0,,1,LOW_N,delimyy
4820180815623,"Біскотті Печиво Тістечко Пісочне Мерлинка 0,67кг",sht_delimyy,1.0,,1.0,,1,LOW_N,delimyy
4823077638848,Рошен Вафлі Джоні Крокер мілк 350г,sht_delimyy,1.0,,1.0,,1,LOW_N,delimyy
4820193039641,"Оболонь Напій С/а Джин Вишня 0,33л пляшка",sht_delimyy,1.0,,1.0,,1,LOW_N,delimyy
2984670072964,Ковбаса 1г Олівє Ранчо 450г,sht_delimyy,1.0,,1.0,,1,LOW_N,delimyy
4008400284620,Кіндер Шоко-Бонс G46,sht_delimyy,1.0,,1.0,,1,LOW_N,delimyy
4820235280499,Шоколад Арне чорний 57% з мигд.та грушею 100г,sht_delimyy,1.0,,1.0,,1,LOW_N,delimyy
4823005000150,"БІР Пиво Львівське Світле 0,5л",sht_delimyy,1.0,,1.0,,1,LOW_N,delimyy
4820097893295,Шейки Вода Природне Джерело 6л Негаз,sht_delimyy,1.0,,1.0,,1,LOW_N,delimyy
2984670073770,Борошно Полтавчанка Пш.1/г(50кг),sht_delimyy,1.0,,1.0,,1,LOW_N,delimyy
4823079004566,"Сир твердий Чеддер 48% ,015кг",sht_delimyy,1.0,,1.0,,1,LOW_N,delimyy
4820250941917,"БІР Пиво Гараж б/алк Малина 0,5л з/б (24)",sht_delimyy,1.0,,1.0,,1,LOW_N,delimyy
4820215365215,Корм Мяу Індича Печінка в Ніжному Соусі 100гр (24),sht_delimyy,1.0,,1.0,,1,LOW_N,delimyy
4823063129718,"Сухарики Багет Хрум Тайм Буженина,Французька Гірчиця 90г",sht_delimyy,1.0,,1.0,,1,LOW_N,delimyy
4820180814138,"Біскотті Печиво Дольче Місто Мікс 0,45кг",sht_delimyy,1.0,,1.0,,1,LOW_N,delimyy
8001841733050,Прокладки Олвейс Ультра Безпечна Ніч 6шт/упак.,sht_delimyy,1.0,,1.0,,1,LOW_N,delimyy
4823077648106,Рошен Печиво здобне масло класичне 140г,sht_delimyy,1.0,,1.0,,1,LOW_N,delimyy
8445291125735,Нестле Мівіна Приправа Грибна 80г,sht_delimyy,1.0,,1.0,,1,LOW_N,delimyy
222000006945,Якобз Стакан 110мл (50),sht_delimyy,1.0,,1.0,,1,LOW_N,delimyy
4820235280512,Шоколад Арне 57% чорний з лим.цедрою та перцем 100г,sht_delimyy,1.0,,1.0,,1,LOW_N,delimyy
4820068271558,Золоте Зерно Сушка Міні Гріссіні Глазурь Ваніль 170 гр (30),sht_delimyy,1.0,,1.0,,1,LOW_N,delimyy
4823097407721,Щедро Гірчиця Цітрус мілд д/п 120г,sht_delimyy,1.0,,1.0,,1,LOW_N,delimyy
2984670041915,Чай Чорний Хвилинка 90г Уцінка 50%,sht_delimyy,1.0,,1.0,,1,LOW_N,
4820231110851,Волхов Печиво З Арахісом 350г,sht_delimyy,1.0,,1.0,,1,LOW_N,delimyy
4820183774941,Аква Лосось антлантич.натур.шматочки 230гр,sht_delimyy,1.0,,1.0,,1,LOW_N,delimyy
8000500347508,Кіндер Кардс Т(2*3),sht_delimyy,1.0,,1.0,,1,LOW_N,delimyy
4823077646270,Рошен Рошен Печиво Ловіта Кокос 152г,sht_delimyy,1.0,,1.0,,1,LOW_N,delimyy
8445290306647,Нестле Вафлі Артек Пломбір 71г,sht_delimyy,1.0,,1.0,,1,LOW_N,delimyy
7613036536417,"Нестле Кава Нескафе Голд 1,8 гр (25) Упаковка 25 шт",sht_delimyy,1.0,,1.0,,1,LOW_N,delimyy
8720608009787,Чай Ліптон Зелений 25 пак,sht_delimyy,1.0,,1.0,,1,LOW_N,delimyy
4820229035005,"УДК Горілка Первак Класичний 0,7л (15)",sht_delimyy,1.0,,1.0,,1,LOW_N,delimyy
4820192689731,Сигарети Ротманс Ессенце Демі Сільвер 20шт,sht_delimyy,1.0,,1.0,,1,LOW_N,delimyy
2984670055356,Сулугуні Соломка Українські Страви 1кг,ves_plav,0.1,,1.0,,1,OK,sales_stat
4823077645976,Рошен Рошен Печиво Сендв.Мультік.Кокос-Крем 180г,sht_delimyy,1.0,,1.0,,1,LOW_N,delimyy
2984670073473,Сосиски 1с Смачні Ранчо 275г,sht_delimyy,1.0,,1.0,,1,LOW_N,delimyy
4823063125512,Чипси Лейз Сметана та Цибуля 120г,sht_delimyy,1.0,,1.0,,1,LOW_N,delimyy
4820152021625,Сфера Чіпси в Асортименті 40г,sht_delimyy,1.0,,1.0,,1,LOW_N,delimyy
2984670066567,Кулінарія Обід Картопля з куряч.гомілкою 240г,sht_delimyy,1.0,,1.0,,1,LOW_N,delimyy
4820182749957,Авангард Соломка Картопляна Ковбаски Барбекю55г з Кетчупом 15г,sht_delimyy,1.0,,1.0,,1,LOW_N,delimyy
4823096006448,Чумак Майонез Справжній 72% 500г,sht_delimyy,1.0,,1.0,,1,LOW_N,delimyy
4820247141665,"Євромікс Кабаноси делікат з птиці 0,08кг",sht_delimyy,1.0,,1.0,,1,LOW_N,delimyy
4820256583159,"УДК Коньяк України Тетрі  5*0,5л",sht_delimyy,1.0,,1.0,,1,LOW_N,delimyy
4820180812912,"Біскотті Печиво здобне пісочне Кіфлики 0,45кг",sht_delimyy,1.0,,1.0,,1,LOW_N,delimyy
4820216120332,"Біскотті Печиво здобне пісочне Тутті-Фрутті 0,55кг",sht_delimyy,1.0,,1.0,,1,LOW_N,delimyy
2984670073442,Сосиски 1с З філе Ранчо 275г,sht_delimyy,1.0,,1.0,,1,LOW_N,delimyy
4820180815814,"Біскотті Печиво здобне пісочне Мереживо з малиною 0,46кг",sht_delimyy,1.0,,1.0,,1,LOW_N,delimyy
8718114822877,Чай Ліптон Еллоу Лейбл Листовий 100г,sht_delimyy,1.0,,1.0,,1,LOW_N,delimyy
2984670073084,"Ковбаса варена в/с Три коровки 0,35кг",sht_delimyy,1.0,,1.0,,1,LOW_N,delimyy
4823079001527,Сосиски в/с Молочні 285г,sht_delimyy,1.0,,1.0,,1,LOW_N,delimyy
4820229040429,Чай Чорний Алокозай Апельсин 25 пак,sht_delimyy,1.0,,1.0,,1,LOW_N,delimyy
4820271510017,"Артемівське Ігристе Н/Сухе Рожеве 0,75л",sht_delimyy,1.0,,1.0,,1,LOW_N,delimyy
7613036449755,"Нестле Кава Нескафе Класік 1,8 гр (25) Упаковка 25 шт",sht_delimyy,1.0,,1.0,,1,LOW_N,delimyy
4030600213377,Сигарети Давідоф  Сілвер 20шт,sht_delimyy,1.0,,1.0,,1,LOW_N,delimyy
5449000334220,"Сік КАППІ МІНІ Ягоди нектар 0,2л",sht_delimyy,1.0,,1.0,,1,LOW_N,delimyy
2984670073091,"Ковбаса н/к в/с Дрогобицька 0,45кг",sht_delimyy,1.0,,1.0,,1,LOW_N,delimyy
4820004928669,"Хлібний Дар Вино Алазанская Долина Аліко н/сол черв 0,75 л (12)",sht_delimyy,1.0,,1.0,,1,LOW_N,delimyy
4820220130112,Хладік Морозиво Хрещатик Київський 140г,sht_delimyy,1.0,,1.0,,1,LOW_N,delimyy
4820039803511,Комо Сир Кантрі 50% Брусок 150гр,sht_delimyy,1.0,,1.0,,1,LOW_N,delimyy
4820141690290,Свіфт Кукурудза Щедра Нива 340г,sht_delimyy,1.0,,1.0,,1,LOW_N,delimyy
4820001315905,Нестле Майонез Торчин Домашній 300г,sht_delimyy,1.0,,1.0,,1,LOW_N,delimyy
4823077614699,Рошен Печиво Цукрове До Кави Масло ван. 185г,sht_delimyy,1.0,,1.0,,1,LOW_N,delimyy
2984670073268,"Продукт біл.-жир. Маздамер 50% 0,15кг",sht_delimyy,1.0,,1.0,,1,LOW_N,delimyy
4820097892045,"Шейки Вода Природне Джерело 1,5л Газ",sht_delimyy,1.0,,1.0,,1,LOW_N,delimyy
54881015707,Чай Ахмад Китайський зелений 100 гр,sht_delimyy,1.0,,1.0,,1,LOW_N,delimyy
9000101537345,Капсули Персіл 41шт,sht_delimyy,1.0,,1.0,,1,LOW_N,delimyy
2984670072780,Безлюдовский МК Лікарська ДСТУ п/а 1кг,sht_delimyy,1.0,,1.0,,1,LOW_N,delimyy
4823127300398,Сік Банка Яблучно-Моркв'яний 250мл,sht_delimyy,1.0,,1.0,,1,LOW_N,delimyy
4820256580554,"УДК Бренді Легенда 1863 0,5л",sht_delimyy,1.0,,1.0,,1,LOW_N,delimyy
4820085609921,Котлета По-Київськи 290г,sht_delimyy,1.0,,1.0,,1,LOW_N,delimyy
9002859131486,Фігурка з мол.шок.Санта Клаус 60г,sht_delimyy,1.0,,1.0,,1,LOW_N,delimyy
4820270362211,Набір Гло Хайпер Ред,sht_delimyy,1.0,,1.0,,1,LOW_N,delimyy
4820183101778,"Грин Дей Вино Вілла Крим Піно Нуар Сухе Червоне Спеціальна Колекція 0,75л (12)",sht_delimyy,1.0,,1.0,,1,LOW_N,delimyy
4820245529519,Ферма Сир Плавлений Вершковий 35% Ферма брикет 70г,sht_delimyy,1.0,,1.0,,1,LOW_N,delimyy
4823079003798,Сосиски 1с Лікарськи Ранчо 285г,sht_delimyy,1.0,,1.0,,1,LOW_N,delimyy
48207799,Сигарети Лм Ред Лебел 20шт,sht_delimyy,1.0,,1.0,,1,LOW_N,delimyy
4820215620666,Сигарети Нео Стікс Буст Ред 20шт,sht_delimyy,1.0,,1.0,,1,LOW_N,delimyy
4820192687140,Сигарети Ротманс Демі Корал 20шт,sht_delimyy,1.0,,1.0,,1,LOW_N,delimyy
9000100852333,Шампунь Шаума Жіночий Сила Кератину 400мл,sht_delimyy,1.0,,1.0,,1,LOW_N,delimyy
4823077630484,Рошен Шоколад Молочн.Тідбіт вишн.брауні 50г,sht_delimyy,1.0,,1.0,,1,LOW_N,delimyy
4823117501163,"КХ Сухарі Гірчичні 0,26кг",sht_delimyy,1.0,,1.0,,1,LOW_N,delimyy
4823077621659,Рошен Вафлі Ваферс Горіх 72г,sht_delimyy,1.0,,1.0,,1,LOW_N,delimyy
4823079006607,Сосиски Міні в/с 330г,sht_delimyy,1.0,,1.0,,1,LOW_N,delimyy
4820016631953,"Вино Кагор Український Штоф Черв.0,7л",sht_delimyy,1.0,,1.0,,1,LOW_N,delimyy
4820039807861,Комо Сир Пл.Дружба 75 гр,sht_delimyy,1.0,,1.0,,1,LOW_N,delimyy
4820202811749,Сир Голландський 40% 70г,sht_delimyy,1.0,,1.0,,1,LOW_N,delimyy
2978950039884,Чай Ліптон Еллоу Лайбл 50 пак Уцінка,sht_delimyy,1.0,,1.0,,1,LOW_N,
2984670072926,"Ковбаса  Ранчо Сушена з яловичиною 0,075кг",sht_delimyy,1.0,,1.0,,1,LOW_N,delimyy
2984670073275,"Продукт біл.-жир.Тільзітер 50% 0,15кг",sht_delimyy,1.0,,1.0,,1,LOW_N,delimyy
4820229031281,"УДК Горілка Хортиця Класична 0,7л",sht_delimyy,1.0,,1.0,,1,LOW_N,delimyy
2984670073169,"Ковбаса с/к в/с Фуєт де Ла Карне 0,075кг",sht_delimyy,1.0,,1.0,,1,LOW_N,delimyy
4823077613036,Рошен Карамель Льодяник Мікс 200г,sht_delimyy,1.0,,1.0,,1,LOW_N,delimyy
4820001354133,Чумак Соус Тартар ДП 200г,sht_delimyy,1.0,,1.0,,1,LOW_N,delimyy
4820239243568,"Ферма Молоко Ультрапастер.3,2% 900г",sht_delimyy,1.0,,1.0,,1,LOW_N,delimyy
4820216120264,"Біскотті Печиво Американ. з Родзинками 0,4кг",sht_delimyy,1.0,,1.0,,1,LOW_N,delimyy
4820149481142,Чай Едемс Зелений Мультифрукт 25 пакетів,sht_delimyy,1.0,,1.0,,1,LOW_N,delimyy
4820163121901,"УДК Вино Ореанда Піно Блан н/сол Біле 0,75л",sht_delimyy,1.0,,1.0,,1,LOW_N,delimyy
8050705434473,Круасани Маестро з абрикосом 300г,sht_delimyy,1.0,,1.0,,1,LOW_N,delimyy
4820000458092,"БІР Сидр Сомерсбі Груша 0,5л з/б",sht_delimyy,1.0,,1.0,,1,LOW_N,delimyy
2984670073305,Сардельки в/с Міні Сарделіні 330г,sht_delimyy,1.0,,1.0,,1,LOW_N,delimyy
2984670073428,"Снеки Оригінал 0,08кг",sht_delimyy,1.0,,1.0,,1,LOW_N,delimyy
4820245525535,Ферма Сир М'який Чеддеризований Моцарелла 45% 180г,sht_delimyy,1.0,,1.0,,1,LOW_N,delimyy
4823117500012,"КХ Печиво Крендельки з кунжутом  0,26 кг",sht_delimyy,1.0,,1.0,,1,LOW_N,delimyy
4820085609945,Нагетси 300г,sht_delimyy,1.0,,1.0,,1,LOW_N,delimyy
4823063129695,"Сухарики Багет Хрум Тайм Буженина,Французька Гірчиця 55г",sht_delimyy,1.0,,1.0,,1,LOW_N,delimyy
2984670061463,Монжар Мармеладна Стрічка Асорті Rainbow 1500г 1 шт,sht_delimyy,1.0,,1.0,,1,LOW_N,delimyy
2984670072889,"Ковбаса  Ранчо в/к в/с Рублена 0,4 кг",sht_delimyy,1.0,,1.0,,1,LOW_N,delimyy
2984670073121,"Ковбаса с/к в/с Брауншвейська 0,075г",sht_delimyy,1.0,,1.0,,1,LOW_N,delimyy
4820149485232,Чай Магік Тіа Чорний Цейлонський 80г,sht_delimyy,1.0,,1.0,,1,LOW_N,delimyy
4820083909115,Корм Пауч Курка для Кошенят 300гр (15),sht_delimyy,1.0,,1.0,,1,LOW_N,delimyy
5413548280189,Кіндер Шоко-Бонс G125,sht_delimyy,1.0,,1.0,,1,LOW_N,delimyy
4820046960962,"Пиво Свіжий розлив 0,65л",sht_delimyy,1.0,,1.0,,1,LOW_N,delimyy
2984670069599,"Палички кукур.Молочні ""Старснек"" 50гр",sht_delimyy,1.0,,1.0,,1,LOW_N,delimyy
4823096008452,Чумак Майонез Провансаль 67% 500г,sht_delimyy,1.0,,1.0,,1,LOW_N,delimyy
4820020265090,"Порошок Сама 2,4 кг",sht_delimyy,1.0,,1.0,,1,LOW_N,delimyy
4820239243544,"Ферма Молоко Ультрапастер.2,5% 900г",sht_delimyy,1.0,,1.0,,1,LOW_N,delimyy
5997312700610,Чіпси Чіо Паприка 75 гр,sht_delimyy,1.0,,1.0,,1,LOW_N,delimyy
4823077633508,Рошен Вафельнi бат.Рошетто Дарк 34 гр,sht_delimyy,1.0,3.0,1.0,,1,OK,delimyy
4820022692658,"Пиво Тетерів 0,5л",sht_delimyy,1.0,,1.0,,1,LOW_N,delimyy
4820044096335,КС Гірчиця Європ.Лагідна 130г,sht_delimyy,1.0,,1.0,,1,LOW_N,delimyy
2978950032410,Монжар Яйце з Сюрпризом Форсаж (24) 1шт,sht_delimyy,1.0,,1.0,,1,LOW_N,delimyy
4820006011147,"Сквирянка Крупа вівсяна плющена в/с 0,5кг",sht_delimyy,1.0,,1.0,,1,LOW_N,delimyy
4820215629485,Сигарети Нео Стікс Буст Тропік 20шт,sht_delimyy,1.0,,1.0,,1,LOW_N,delimyy
8711000684252,Якобз  Чай Піквік Чорний Оріджінал 20шт*40г,sht_delimyy,1.0,,1.0,,1,LOW_N,delimyy
8001090170354,Прокладки Щоденні Діскріт 60шт,sht_delimyy,1.0,,1.0,,1,LOW_N,delimyy
4823077632495,Рошен Цукерки Монблан Цілий Лісовий Горіх 1 кг,sht_delimyy,1.0,,1.0,,1,LOW_N,delimyy
8001090378217,Прокладки Олвейс Найт 26шт,sht_delimyy,1.0,,1.0,,1,LOW_N,delimyy
8002915005172,"Немирів Ігристе Песка Фіореллі 0,75л (6)",sht_delimyy,1.0,,1.0,6.0,1,LOW_N,delimyy
4820017003049,"Вода Моршинська 0,33л з/б ср/газ Лимонад Мохіто",sht_delimyy,1.0,,1.0,,1,LOW_N,delimyy
4820071649108,Ріва Іделія Соус Барбекю 200г,sht_delimyy,1.0,,1.0,,1,LOW_N,delimyy
2984670066642,Кулінарія Солянка 330г,sht_delimyy,1.0,,1.0,,1,LOW_N,delimyy
4823063129435,"Пепсі-Лимон 1,25л",sht_delimyy,1.0,,1.0,,1,LOW_N,delimyy
4820250944215,"БІР Пиво Львівське Спадок 0,48л з/б",sht_delimyy,1.0,,1.0,,1,LOW_N,delimyy
5900497044363,"Напій Ліптон Чай Зелений 0,85л",sht_delimyy,1.0,,1.0,,1,LOW_N,delimyy
7622202320972,"Гумка Дірол Ікс Фреш Свіжість М*яти 13,5г(пластинки)",sht_delimyy,1.0,,1.0,,1,LOW_N,delimyy
4823096003412,Чумак Майонез Апетитний 50% ДП 300г,sht_delimyy,1.0,,1.0,,1,LOW_N,delimyy
2984670073251,"Продукт біл.-жир. Королівський 50% 0,15кг",sht_delimyy,1.0,,1.0,,1,LOW_N,delimyy
4820247142266,"Євромікс Кабаноси зі свинини з перцем чилі 0,08кг",sht_delimyy,1.0,,1.0,,1,LOW_N,delimyy
4820180816811,"Біскотті Печиво Ніч 0,3 кг",sht_delimyy,1.0,,1.0,,1,LOW_N,delimyy
4820085609907,Котлета Кордон Блю 315г,sht_delimyy,1.0,,1.0,,1,LOW_N,delimyy
8006870011452,"Дісна Вино Ігристе Sizarini Frizzanie Біле Н/Сол 0,75л",sht_delimyy,1.0,,1.0,,1,LOW_N,delimyy
5900073000769,Чіпси Чіо Бекон 75 гр,sht_delimyy,1.0,,1.0,,1,LOW_N,delimyy
4820235280192,Чіпси М-р Чіпас Бекон 75г,sht_delimyy,1.0,,1.0,,1,LOW_N,delimyy
4823063128803,Чипси Лейз Макс Королівський Сир 95г,sht_delimyy,1.0,,1.0,,1,LOW_N,delimyy
4823077646294,Рошен Печиво Ловіта Какао 152г,sht_delimyy,1.0,,1.0,,1,LOW_N,delimyy
4820250944253,"БІР Енерг.Напій Battery Juiced Appl Б/А 0,5л з/б",sht_delimyy,1.0,,1.0,,1,LOW_N,delimyy
2984670068387,Бойчак  Фігурка Шок.Санта Клаус 40г(38шт) 1 шт,sht_delimyy,1.0,,1.0,,1,LOW_N,delimyy
4823117500043,"КХ Печиво Крендельки з цукром  0,26 кг",sht_delimyy,1.0,,1.0,,1,LOW_N,delimyy
2984670062149,Айсберг Горбуша Нарізка х/к в/у 100г,sht_delimyy,1.0,,1.0,,1,LOW_N,delimyy
7622100819028,Сигарети Терея Бронз 20шт,sht_delimyy,1.0,,1.0,,1,LOW_N,delimyy
7622201495879,"Гумка Дірол Ікс Фреш Морозна М*ята 13,5г",sht_delimyy,1.0,,1.0,,1,LOW_N,delimyy
4820194790831,Гама Хот-Дог Класичний,sht_delimyy,1.0,,1.0,,1,LOW_N,delimyy
8711000669228,Якобз Кава Зернова (1кг),ves_plav,0.1,,1.0,1.0,1,LOW_N,ves_plav
2978950015550,Агропром Стакан Паперовий Малюнок 175 мл 1 шт,sht_delimyy,1.0,,1.0,,1,LOW_N,delimyy
2984670072988,"Ковбаса в/к в/с Президентська 0,45кг",sht_delimyy,1.0,,1.0,,1,LOW_N,delimyy
2978950021117,Сулугуні Суха Стружка зі Спеціями 1кг,ves_plav,0.1,,1.0,,1,OK,sales_stat
2984670073183,"Ковбаса Салямі Золота Ранчо 0,075кг",sht_delimyy,1.0,,1.0,,1,LOW_N,delimyy
4820146441255,"Сік Ранок Яблучний 0,2л",sht_delimyy,1.0,,1.0,,1,LOW_N,delimyy
4820195515143,Батоша Кетчуп Лагідний 250г дЇп,sht_delimyy,1.0,,1.0,,1,LOW_N,delimyy
4820229032035,"УДК Горілка Первак Домашній Житній 0,5л (20)",sht_delimyy,1.0,,1.0,,1,LOW_N,delimyy
7622210175724,Чіпси Люкс Сир 71г,sht_delimyy,1.0,,1.0,,1,LOW_N,delimyy
4820182067532,Авангард Біг Боб Арахіс Смажений Солоний Сир Банка 120г,sht_delimyy,1.0,,1.0,,1,LOW_N,delimyy
4823096003375,Чумак Майонез Провансаль 67% ДП 300г,sht_delimyy,1.0,,1.0,,1,LOW_N,delimyy
4820003684948,"Сік Джаффа Яблуко 0,95л",sht_delimyy,1.0,,1.0,,1,LOW_N,delimyy
4823077642098,Рошен Вафлі Ваферс Сендвіч Полуниця 142г,sht_delimyy,1.0,,1.0,,1,LOW_N,delimyy
2984670051495,"Снеки Делікат с/к 0,08кг",sht_delimyy,1.0,,1.0,,1,LOW_N,delimyy
4823077642760,Рошен Цукерки Монблан 240г,sht_delimyy,1.0,,1.0,,1,LOW_N,delimyy
4820049140279,Свіфт Кукурудза Економ 340 гр,sht_delimyy,1.0,,1.0,,1,LOW_N,delimyy
4820247142501,"Ферма Євромікс Кабаноси орігінал зі свинини 0,08кг",sht_delimyy,1.0,,1.0,,1,LOW_N,delimyy
8887290130479,Мак Кофе Голд 2г (30) 1 шт,sht_delimyy,1.0,,1.0,,1,LOW_N,delimyy
7622202394003,Чіпси Люкс Паприка 105г,sht_delimyy,1.0,,1.0,,1,LOW_N,delimyy
9000100952330,Шампунь Шаума Жіночий 400мл,sht_delimyy,1.0,,1.0,,1,LOW_N,delimyy
4820245529472,Ферма Сир Плавлений Дружба  35% Ферма брикет 70г,sht_delimyy,1.0,,1.0,,1,LOW_N,delimyy
4823127301456,Авангард Багет Флінт пш.Французький Сир 140г,sht_delimyy,1.0,,1.0,,1,LOW_N,delimyy
4820215629515,Сигарети Нео Стікс Буст Аква 20шт,sht_delimyy,1.0,,1.0,,1,LOW_N,delimyy
4820194790268,Гама Гамбургер з Куркою,sht_delimyy,1.0,,1.0,,1,LOW_N,delimyy
2984670067526,Сырье Пакет паперовий з бок/в 310*160*50 бурий,sht_delimyy,1.0,,1.0,,1,LOW_N,
2978950189442,Фумігатор Від Комарів,sht_delimyy,1.0,,1.0,,1,LOW_N,delimyy
4823127308639,Авангард Сан Санич Насіння Смажене 230г,sht_delimyy,1.0,,1.0,,1,LOW_N,delimyy
4823077649097,Рошен Н.П. №1 Солодка Хатинка 274г,sht_delimyy,1.0,,1.0,,1,LOW_N,delimyy
8714100807354,Чай Хербата Сага 100 Пак,sht_delimyy,1.0,,1.0,,1,LOW_N,delimyy
7622201819323,Печиво Орео Какао-Ваніль 41г,sht_delimyy,1.0,,1.0,,1,LOW_N,delimyy
4820270931141,Монжар Драже Шокотабс 22г 1 шт,sht_delimyy,1.0,,1.0,,1,LOW_N,delimyy
4820017003356,"Вода Моршинська 0,33л з/б негаз Лимон",sht_delimyy,1.0,,1.0,,1,LOW_N,delimyy
4820202811725,Сир Вершковий 40% 70г,sht_delimyy,1.0,,1.0,,1,LOW_N,delimyy
4820231110844,Волхов Печиво Родзинка 350г,sht_delimyy,1.0,,1.0,,1,LOW_N,delimyy
4820071649122,Ріва Іделія Кетчуп Лагідний 250г,sht_delimyy,1.0,,1.0,,1,LOW_N,delimyy
7622210411679,Печиво Орео Какао-Ваніль 44г,sht_delimyy,1.0,,1.0,,1,LOW_N,delimyy
2984670044794,Якобз Кришка Д/Стак 175мл(50),sht_delimyy,1.0,,1.0,,1,LOW_N,delimyy
4820235280550,Шоколад Арне 31% мол.з карам. та морс.сіллю 100г,sht_delimyy,1.0,,1.0,,1,LOW_N,delimyy
2984670074791,Кулінарія Капуста тушкована 145г,sht_delimyy,1.0,,1.0,,1,LOW_N,delimyy
2984670066598,Кулінарія Окрошка 480г,sht_delimyy,1.0,,1.0,,1,LOW_N,delimyy
4820182746918,Авангард Грінки Флінт Телятина з Аджикою 55г,sht_delimyy,1.0,,1.0,,1,LOW_N,delimyy
4820180816835,"Біскотті Печиво День 0,3 кг",sht_delimyy,1.0,,1.0,,1,LOW_N,delimyy
4820250943362,"БІР Пиво Львівське Лев Темне 0,48л з/б",sht_delimyy,1.0,,1.0,,1,LOW_N,delimyy
4823117506762,КХ Пряник Фруктовий сад Абрикос 360г,sht_delimyy,1.0,,1.0,,1,LOW_N,delimyy
4823003208077,Сигарети Бонд Стрит Ред Селекшн 20шт,sht_delimyy,1.0,,1.0,,1,LOW_N,delimyy
4820046960320,Квас Львівський Хлібний 2л,sht_delimyy,1.0,,1.0,,1,LOW_N,delimyy
4823077618161,Рошен Вафельні Трубочки Канафетто з Молочною Начинкою 140г,sht_delimyy,1.0,,1.0,,1,LOW_N,delimyy
4823006803187,Грінвіль Капуста Квашена з Морквою 500г,sht_delimyy,1.0,,1.0,,1,LOW_N,delimyy
4823063129367,"Пепсі-Блек 1,25л",sht_delimyy,1.0,,1.0,,1,LOW_N,delimyy
4823096804439,Чай Принцеса Канді Чорний 90г,sht_delimyy,1.0,,1.0,,1,LOW_N,delimyy
4823009202895,Хладік Морозиво Пломбир ваф.ст.70г,sht_delimyy,1.0,,1.0,,1,LOW_N,delimyy
2978950033448,Сулугуні Соломка з Угорськими Прянощами 1кг,ves_plav,0.1,,1.0,,1,OK,sales_stat
4823077646287,Рошен Печиво Ловіта Лимон 152г,sht_delimyy,1.0,,1.0,,1,LOW_N,delimyy
4823117505918,КХ Сушка з маком 420г,sht_delimyy,1.0,,1.0,,1,LOW_N,delimyy
2984670073046,"Ковбаса вар. 1с Філейна 0,45кг",sht_delimyy,1.0,,1.0,,1,LOW_N,delimyy
2984670073015,"Ковбаса в/с Салямі 0,075кг",sht_delimyy,1.0,,1.0,,1,LOW_N,delimyy
2984670072858,"Ковбаса  Ранчо 1с На дровах зі свининою 0,4кг",sht_delimyy,1.0,,1.0,,1,LOW_N,delimyy
4823002000535,Пронто Класик 300мл,sht_delimyy,1.0,,1.0,,1,LOW_N,delimyy
4820156756409,Чумак Соус Сацебелі 200г,sht_delimyy,1.0,,1.0,,1,LOW_N,delimyy
8413178369138,"Бойчак  Цукерки Жувальні ""Глаза"" 12г ТМ Відал Упаковка 75 шт",sht_delimyy,1.0,,1.0,,1,LOW_N,delimyy
4820256583319,"УДК Напій Винний Фараголіно Россо Сол.Черв.0,75л",sht_delimyy,1.0,,1.0,,1,LOW_N,delimyy
2984670073527,Сосиски Підк.з ялов.Ранчо 250г,sht_delimyy,1.0,,1.0,,1,LOW_N,delimyy
4820082702922,Чай Зелений Тянь Шань Лісова Пісня 20 пак (Пірамідка),sht_delimyy,1.0,,1.0,,1,LOW_N,delimyy
8712561180818,Антиперспірант Рексона Жіноча 150мл,sht_delimyy,1.0,,1.0,,1,LOW_N,delimyy
4820146444959,"Сік Добрий Ранок Ябл-Персик ТМ Плей 0,2л",sht_delimyy,1.0,,1.0,,1,LOW_N,delimyy
2984670069957,"Снеки Маздамер з сиром 0,08кг",sht_delimyy,1.0,,1.0,,1,LOW_N,delimyy
2984670073107,Ковбаса н/к Шинкова 450г,sht_delimyy,1.0,,1.0,,1,LOW_N,delimyy
4820017002400,"Вода Моршинська 1,5л ср/газ Лимон Лайм М*ята",sht_delimyy,1.0,,1.0,,1,LOW_N,delimyy
5900888014739,Бойчак  Чай Чорний Голден Індіан 100 пак,sht_delimyy,1.0,,1.0,,1,LOW_N,delimyy
4823127312179,Біг Боб Арахіс Томат Спайсі 60г,sht_delimyy,1.0,,1.0,,1,LOW_N,delimyy
2984670066550,Кулінарія Обід Картопля з рубл.котлетою 240г,sht_delimyy,1.0,,1.0,,1,LOW_N,delimyy
4823077655143,Рошен Тістечко Чоко Фест 270г,sht_delimyy,1.0,,1.0,,1,LOW_N,delimyy
4820178461689,Алексис Соус Соєвий Класичний 1 л,sht_delimyy,1.0,,1.0,,1,LOW_N,delimyy
7622202022760,"Гумка Дірол Ікс Фреш Свіжість М*яти 19,5г",sht_delimyy,1.0,,1.0,,1,LOW_N,delimyy
4820189942733,Союз Майонез МакМай 360 гр,sht_delimyy,1.0,,1.0,,1,LOW_N,delimyy
4820270931608,Монжар Драже Скатер 22г(24шт),sht_delimyy,1.0,,1.0,,1,LOW_N,delimyy
4820154833950,Рошен  Спеції Кориця мелена 15г,sht_delimyy,1.0,,1.0,,1,LOW_N,delimyy
4820002713014,"Оболонь Живчик Оранж 0,33 з/б",sht_delimyy,1.0,,1.0,,1,LOW_N,delimyy
2984670066437,Сырье Пакет паперовий з бок/в 260*210*50 бурий,sht_delimyy,1.0,,1.0,,1,LOW_N,
4823127314494,Авангард Сан Санич Насіння Преміум Смугасте 95г,sht_delimyy,1.0,,1.0,,1,LOW_N,delimyy
4820250942525,"БІР Пиво Львівське Різдвяне Пряний Цитрус 0,48л з/б",sht_delimyy,1.0,,1.0,,1,LOW_N,delimyy
4820017003230,"Вода Моршинська 0,5л ср/газ Лимонад Ягоди",sht_delimyy,1.0,,1.0,,1,LOW_N,delimyy
4823063128827,Чипси Лейз Макс Сметана та Цибуля 95г,sht_delimyy,1.0,,1.0,,1,LOW_N,delimyy
4820229040665,Чай Чорний Алокозай Малина 25 пак,sht_delimyy,1.0,,1.0,,1,LOW_N,delimyy
2984670059842,Кава Мак Кофе PHO (20) 24г 1 шт,sht_delimyy,1.0,,1.0,,1,LOW_N,delimyy
4820193038323,Оболонь Пиво Германаріх Бланш 1л,sht_delimyy,1.0,,1.0,,1,LOW_N,delimyy
8711000487631,Якобз Напій Шоколад (1кг),ves_plav,0.1,,1.0,1.0,1,LOW_N,ves_plav
4823063129572,"Сухарики Багет Хрум Тайм Житні Буженина,Французька Гірчиця 90г",sht_delimyy,1.0,,1.0,,1,LOW_N,delimyy
2978950017127,Яйце Вищої Категорії 1шт,sht_delimyy,1.0,,1.0,,1,LOW_N,delimyy
4823116834835,Наша ряба Шинка вар.з філе курки 435г,sht_delimyy,1.0,,1.0,,1,LOW_N,delimyy
4820237251558,СКУ Печиво цукрове Чемпіон кунжут 400 г,sht_delimyy,1.0,,1.0,,1,LOW_N,delimyy
2984670062170,Айсберг Лососева Паличка 1кг,sht_delimyy,1.0,,1.0,,1,LOW_N,delimyy
4820041576380,Крем-сир Каліфорнія з зелен.60% 150г,sht_delimyy,1.0,,1.0,,1,LOW_N,delimyy
4033100091742,Сигарети Собраніє Блек  20шт,sht_delimyy,1.0,,1.0,,1,LOW_N,delimyy
4823077634420,Рошен Тістечко Мілк Парті 270г,sht_delimyy,1.0,,1.0,,1,LOW_N,delimyy
2984670072902,"Ковбаса  Ранчо в/с Салямі Мисливська 0,4 кг",sht_delimyy,1.0,,1.0,,1,LOW_N,delimyy
4820256583289,"УДК Напій Винний Сан Мартіно н/сол Рожеве 0,75л",sht_delimyy,1.0,,1.0,,1,LOW_N,delimyy
5449000323781,"Фанта Мандарин Зеро 1,25л",sht_delimyy,1.0,,1.0,,1,LOW_N,delimyy
5900300554010,Чай Хербата Сага 90г,sht_delimyy,1.0,,1.0,,1,LOW_N,delimyy
4820149481609,Чай Чорний Хвилинка Лісова Ягода 20 пак,sht_delimyy,1.0,,1.0,,1,LOW_N,delimyy
4820262060521,Ферма Ікра Капсульована Кета 200гр с/б,sht_delimyy,1.0,,1.0,,1,LOW_N,delimyy
4823124603003,Суміш Пелюсток Троянди Шипшини Малини 20п,sht_delimyy,1.0,,1.0,,1,LOW_N,delimyy
8002915000603,"Немирів Ігристе Фраголіно Россо Фьореллі 0,75л.",sht_delimyy,1.0,,1.0,,1,LOW_N,delimyy
2984670072896,"Ковбаса  Ранчо в/с Салямі Мисливська 0,22кг",sht_delimyy,1.0,,1.0,,1,LOW_N,delimyy
8001090725820,Капсули Аріель Для Кольорового 10шт,sht_delimyy,1.0,,1.0,,1,LOW_N,delimyy
2984670073497,Сосиски в/с З сиром Мацарелла 285г,sht_delimyy,1.0,,1.0,,1,LOW_N,delimyy
8002793032192,"Дісна Вино Solo Corso Bianco Біле Н/Сол 0,75л",sht_delimyy,1.0,,1.0,,1,LOW_N,delimyy
7622210175748,Чіпси Люкс Паприка 71г,sht_delimyy,1.0,,1.0,,1,LOW_N,delimyy
2984670073466,Сосиски 1с Підкопчені з ялов.Ранчо 260г,sht_delimyy,1.0,,1.0,,1,LOW_N,delimyy
2984670073480,Сосиски в/с З вершками та з телятиною 285г,sht_delimyy,1.0,,1.0,,1,LOW_N,delimyy
4820041573853,Масло Селянське 73% Мол.гільдія 180г,sht_delimyy,1.0,,1.0,,1,LOW_N,delimyy
4823117506748,КХ Пряник Північний 360г,sht_delimyy,1.0,,1.0,,1,LOW_N,delimyy
4823096807850,Чай Тесс Ерл Грей 25шт (24),sht_delimyy,1.0,,1.0,,1,LOW_N,delimyy
42247371,Марс Жувальна Гумка Орбіт Баблмінт 14г,sht_delimyy,1.0,,1.0,,1,LOW_N,delimyy
4820216120295,"Біскотті Печиво здобне пісочне Канестреллі 0,55кг",sht_delimyy,1.0,,1.0,,1,LOW_N,delimyy
2984670053666,"Ковбаски с/к в/с Класичні 0,08кг",sht_delimyy,1.0,,1.0,,1,LOW_N,delimyy
4820180815074,"Біскотті Печиво здобне пісочне Зоряне 0,4кг",sht_delimyy,1.0,,1.0,,1,LOW_N,delimyy
7613287465344,Нестле Торчин Соус Шаурма 200 гр,sht_delimyy,1.0,,1.0,,1,LOW_N,delimyy
2984670062163,Айсберг Ікряник Червона Ікра 1кг,sht_delimyy,1.0,,1.0,,1,LOW_N,delimyy
4823077649158,Рошен Н.П. №4 Новорічна Ялинка 388г,sht_delimyy,1.0,,1.0,,1,LOW_N,delimyy
4820022692832,"Броварня Пиво Хайнекен 0,5л",sht_delimyy,1.0,,1.0,,1,LOW_N,delimyy
4820049140545,Свіфт Зелений Горошок БТМ 420 гр,sht_delimyy,1.0,,1.0,,1,LOW_N,delimyy
5011013100170,"Хлібний Дар Еліт Лікер Baileys 0,5л",sht_delimyy,1.0,,1.0,,1,LOW_N,delimyy
5900020022622,Нестле Готовий Сніданок Лайон 250г,sht_delimyy,1.0,,1.0,,1,LOW_N,delimyy
48210447,Монжар Жув Цукер Тоффі Тайм Бан Мікс 20г(40шт) 1шт,sht_delimyy,1.0,,1.0,,1,LOW_N,delimyy
5904921700443,Сік Коркус яблуко-груша 750мл,sht_delimyy,1.0,,1.0,,1,LOW_N,delimyy
2984670073237,Продукт біл.-жир. Вершк.смак 55% 70г,sht_delimyy,1.0,,1.0,,1,LOW_N,delimyy
4820149483740,Чай Чорний Хвилинка 90г,sht_delimyy,1.0,,1.0,,1,LOW_N,delimyy
8720608011827,Чай Ліптон Бергамот-Лимон 25 пак,sht_delimyy,1.0,,1.0,,1,LOW_N,delimyy
4820252124257,"Шейк с/алк Смак Барбарису 0,5л",sht_delimyy,1.0,,1.0,,1,LOW_N,delimyy
4823117501231,"КХ Сухарі Класичні 0,26кг",sht_delimyy,1.0,,1.0,,1,LOW_N,delimyy
4820041578322,Сир Моцарелла 45% 125г,sht_delimyy,1.0,,1.0,,1,LOW_N,delimyy
2984670073039,"Ковбаса в/с Салямі Королівська 0,45кг",sht_delimyy,1.0,,1.0,,1,LOW_N,delimyy
4820017001649,Вода Моршинка 6л,sht_delimyy,1.0,,1.0,,1,LOW_N,delimyy
4820116280075,Сірники (1),sht_delimyy,1.0,,1.0,1.0,1,LOW_N,delimyy
4820183770981,Аква Сардини обсм.т/с 230гр,sht_delimyy,1.0,,1.0,,1,LOW_N,delimyy
4820239242721,"Ферма Масло Ферма Екстра 82,5% 180г",sht_delimyy,1.0,,1.0,,1,LOW_N,delimyy
4820179259322,Ріва Іделія Соус Сацебелі 200г,sht_delimyy,1.0,,1.0,,1,LOW_N,delimyy
7622210420145,Чіпси Люкс Бекон 183г,sht_delimyy,1.0,,1.0,,1,LOW_N,delimyy
4820041573884,Масло Екстра 82% Мол.Гільдія 180г,sht_delimyy,1.0,,1.0,,1,LOW_N,delimyy
8006870014422,"Дісна Вино Ігристе Sizarini Spumante Біле Сухе 0,75л",sht_delimyy,1.0,,1.0,,1,LOW_N,delimyy
4820004239079,"Волошкове Поле Сир Кисломолочний 5% 0,33кг",sht_delimyy,1.0,,1.0,,1,LOW_N,delimyy
2984670044824,Якобз Кришка Д/Стак 340мл(50),sht_delimyy,1.0,,1.0,,1,LOW_N,delimyy
2978950033431,Мед 1л,sht_delimyy,1.0,,1.0,,1,LOW_N,delimyy
4823077630422,Рошен Крекер Крєк Молочно-Ванільний 235г,sht_delimyy,1.0,,1.0,,1,LOW_N,delimyy
4823096003337,Чумак Майонез Справжній 72% ДП 300г,sht_delimyy,1.0,,1.0,,1,LOW_N,delimyy
4820071649115,Ріва Іделія Соус Бургер 200г,sht_delimyy,1.0,,1.0,,1,LOW_N,delimyy
5900951304378,Марс  Корм Віскас Курка для Кошенят 300г,sht_delimyy,1.0,,1.0,,1,LOW_N,delimyy
2978950032991,Монжар Жувальна Цукерка Шокер Малина-Персик (50) 1 шт,sht_delimyy,1.0,,1.0,,1,LOW_N,delimyy
4820180815616,"Біскотті Печиво Грибочок Глазурований 0,45кг",sht_delimyy,1.0,,1.0,,1,LOW_N,delimyy
4820041577493,Сир Моцарелла 40% 70г,sht_delimyy,1.0,,1.0,,1,LOW_N,delimyy
4820030561557,Свіфт Квасоля Б.Г.Біла 520 гр,sht_delimyy,1.0,,1.0,,1,LOW_N,delimyy
4820256582473,"УДК Коньяк України Алавері 3*0,5л",sht_delimyy,1.0,,1.0,,1,LOW_N,delimyy
4820193036565,"Оболонь Пиво Б/Алк 0+ Вишня 0,5л з/б",sht_delimyy,1.0,,1.0,,1,LOW_N,delimyy
4820256584590,"УДК Напій Спирт.Десна 3*0,25л",sht_delimyy,1.0,,1.0,,1,LOW_N,delimyy
4820001316261,Нестле Торчин Соус Делікатисний Майонезний 150г,sht_delimyy,1.0,,1.0,,1,LOW_N,delimyy
4823077643002,Рошен  Спеції Приправа до курки 25г,sht_delimyy,1.0,,1.0,,1,LOW_N,delimyy
4820247142143,"Євромікс Кабаноси зі свинини з додав.цибулі 0,08кг",sht_delimyy,1.0,,1.0,,1,LOW_N,delimyy
4820182749995,Соломка карт.солона Чіпстерс Чілі томат 55г,sht_delimyy,1.0,,1.0,,1,LOW_N,delimyy
4823077627637,Рошен Рулет Золотий Ключик 180г,sht_delimyy,1.0,,1.0,,1,LOW_N,delimyy
4823003216720,Сигарети Парламент Карат Блю 20шт,sht_delimyy,1.0,,1.0,,1,LOW_N,delimyy
4820183770912,Аква Лящ обсм.т/с 230гр,sht_delimyy,1.0,,1.0,,1,LOW_N,delimyy
4820085609969,Нагетси с Сиром  300г,sht_delimyy,1.0,,1.0,,1,LOW_N,delimyy
4820241800094,Авангард Біг Боб Кукурудза Для Попкорну Сирний Блокбастер 90г,sht_delimyy,1.0,,1.0,,1,LOW_N,delimyy
3162049000285,"Дісна Віскі Ірландський Wise Salmon 40% 0,5л",sht_delimyy,1.0,,1.0,,1,LOW_N,delimyy
4820002713021,"Оболонь Напій Живчик Смарт Кола 0,33 з/б",sht_delimyy,1.0,,1.0,,1,LOW_N,delimyy
4823077644443,Рошен Карамель Бері 180г,sht_delimyy,1.0,,1.0,,1,LOW_N,delimyy
2984670073435,"Снеки Слайс чікен 0,08кг",sht_delimyy,1.0,,1.0,,1,LOW_N,delimyy
4823079006324,"Балик Касло с/к в/с 0,100кг",sht_delimyy,1.0,,1.0,,1,LOW_N,delimyy
40084725,Мілк слайс Т1*20,sht_delimyy,1.0,,1.0,,1,LOW_N,delimyy
4820241800421,Авангард Кукурузні Кільця Сметана із Зеленню 55г,sht_delimyy,1.0,,1.0,,1,LOW_N,delimyy
8711000688328,Якобз Сухе Молоко (1кг),ves_plav,0.1,,1.0,1.0,1,LOW_N,ves_plav
4823064813302,Бащинський Ковбаса варена Моя улюблена 500г,sht_delimyy,1.0,,1.0,,1,LOW_N,delimyy
4820229040436,Чай Чорний Алокозай Лимон 25 пак,sht_delimyy,1.0,,1.0,,1,LOW_N,delimyy
4820052640568,Олія соняшникова Денко 3 л,sht_delimyy,1.0,,1.0,,1,LOW_N,delimyy
4820220131645,Хладік Морозиво Магнат Полуничний Чизкейк 140г,sht_delimyy,1.0,,1.0,,1,LOW_N,delimyy
4820002713083,"Оболонь Напій Живчик Яблуко 0,33л з/б",sht_delimyy,1.0,,1.0,,1,LOW_N,delimyy
2978950038856,Агропром Стакан Пластик 100 мл 1 шт,sht_delimyy,1.0,,1.0,,1,LOW_N,delimyy
2984670072872,"Ковбаса  Ранчо 1с Смачна 0,35кг",sht_delimyy,1.0,,1.0,,1,LOW_N,delimyy
4820001314441,Нестле Гірчиця Діжонська 130г,sht_delimyy,1.0,,1.0,,1,LOW_N,delimyy
4823117501194,"КХ Сухарі Киівські 0,26кг",sht_delimyy,1.0,,1.0,,1,LOW_N,delimyy
8445290844514,Нестле Вафлі Артек Пломбір 218г,sht_delimyy,1.0,,1.0,,1,LOW_N,delimyy
8696630139153,Дихлофос Спайдер 330мл,sht_delimyy,1.0,,1.0,,1,LOW_N,delimyy
2984670073176,"Ковбаса с/к Махан в/г 0,075кг",sht_delimyy,1.0,,1.0,,1,LOW_N,delimyy
4820216120554,"Біскотті Печиво Лоренцо 0,4кг",sht_delimyy,1.0,,1.0,,1,LOW_N,delimyy
5907467900827,Напій Коркус  мульт.зелений 330мл,sht_delimyy,1.0,,1.0,,1,LOW_N,delimyy
4006542078176,"Дісна Вино South Mile Pinotage Cabernet Sauvignon Черв Сухе 0,75л",sht_delimyy,1.0,,1.0,,1,LOW_N,delimyy
4820029430932,Оболонь Вода Оболонська Негаз 2л,sht_delimyy,1.0,,1.0,,2,LOW_N,delimyy
4820132923222,"Біскотті Печиво Пряник Чорний Принц 0,5кг",sht_delimyy,1.0,,1.0,,2,LOW_N,delimyy
4820017001625,"Вода Моршинка 0,33л Спорт",sht_delimyy,1.0,,1.0,,2,LOW_N,delimyy
4820256582251,"УДК Вино Шато Бастардо н/сол Черв 0,75л",sht_delimyy,1.0,,1.0,,2,LOW_N,delimyy
4820017003155,"Вода Моршинська 1,5л ср/газ Лимонад Яблуко",sht_delimyy,1.0,,1.0,,2,LOW_N,delimyy
8445291098916,Нестле Вафлі Артек Пломбір 188г,sht_delimyy,1.0,,1.0,,2,LOW_N,delimyy
8714599104194,Кава Карт Нуар 140 гр,sht_delimyy,1.0,,1.0,,2,LOW_N,delimyy
8004810675481,"Дісна Ігристе Ламбруско Біле н/с 0,75л",sht_delimyy,1.0,,1.0,,2,LOW_N,delimyy
3800020491508,Нестле Плитка Кіт Кат Солона карамель 99г,sht_delimyy,1.0,,1.0,,2,LOW_N,delimyy
8004810944488,"Дісна Ігристе Ламбруско Біле Сухе 0,75л",sht_delimyy,1.0,,1.0,,2,LOW_N,delimyy
8425930222063,Тунец в оліі 160г,sht_delimyy,1.0,,1.0,,2,LOW_N,delimyy
4820017003377,"Вода Моршинська 0,33л з/б негаз Полуниця",sht_delimyy,1.0,,1.0,,2,LOW_N,delimyy
4823127303177,Авангард Чіпси Чіпстерс Котлета По-Київськи 100г,sht_delimyy,1.0,,1.0,,2,LOW_N,delimyy
2984670073398,"Сир твердий Монтері 45% 0,15кг",sht_delimyy,1.0,,1.0,,2,LOW_N,delimyy
4820017003339,"Вода Моршинська 0,33л з/б негаз Яблуко",sht_delimyy,1.0,,1.0,,2,LOW_N,delimyy
4820250941221,"БІР Пиво Кроненбург 1664 Розе 0,46л",sht_delimyy,1.0,,1.0,,2,LOW_N,delimyy
4820204404604,"Бел Густо Горошок Зелений 0,425 мл",sht_delimyy,1.0,,1.0,,2,LOW_N,delimyy
5941000030664,Чипси Дорітос Сир 90г,sht_delimyy,1.0,,1.0,,2,LOW_N,delimyy
4823127308646,Авангард Сан Санич Насіння Смажене Солоне 230г (20),sht_delimyy,1.0,,1.0,,2,LOW_N,delimyy
4820252123526,"Шейки Шейк Порнстар 0,33л пл",sht_delimyy,1.0,,1.0,,2,LOW_N,delimyy
4820179252866,Ріва Пюре Картопляне Вершки Стак.40г,sht_delimyy,1.0,,1.0,,2,LOW_N,delimyy
5449000121400,Сік КАППІ Апельсин Нектар 1л,sht_delimyy,1.0,,1.0,,2,LOW_N,delimyy
8711000564394,"Якобз  Чай Піквік Чорн.зі Шмат.Манго 30г(20*1,5г)",sht_delimyy,1.0,,1.0,,2,LOW_N,delimyy
4823127303160,Авангард Чіпси Чіпстерс Борщ 100г,sht_delimyy,1.0,,1.0,,2,LOW_N,delimyy
4820088414003,Водний Світ Крабові Палички 220 гр,sht_delimyy,1.0,,1.0,,2,LOW_N,delimyy
4820083900020,Корм Гав Для Собак М*ясне Асорті (10) 10 кг,sht_delimyy,1.0,,1.0,10.0,2,LOW_N,delimyy
5900497044325,"Напій Ліптон Чай Чорний Лимон 0,85л",sht_delimyy,1.0,,1.0,,2,LOW_N,delimyy
4820002713625,"Оболонь Напій с/а енерг Бронкс з/б 0,33 л",sht_delimyy,1.0,,1.0,,2,LOW_N,delimyy
4260700180259,Порошок Грюнвальд універ.Гірська Свіжість 3 кг,sht_delimyy,1.0,,1.0,,2,LOW_N,delimyy
4820215620963,Сигарети Нео Стікс Річ Тобакко 20шт,sht_delimyy,1.0,,1.0,,2,LOW_N,delimyy
4820250941863,"БІР Пиво Львівське М*яке 0,45л",sht_delimyy,1.0,,1.0,,2,LOW_N,delimyy
8001841583426,Капсули Аріель Колор 60 шт,sht_delimyy,1.0,,1.0,,2,LOW_N,delimyy
2984670073374,"Сир твердий Корол.50% 0,15кг",sht_delimyy,1.0,,1.0,,2,LOW_N,delimyy
8693323848125,Монжар Мармеладна Стрічка Мікс 15гр 1 шт,sht_delimyy,1.0,,1.0,,2,LOW_N,delimyy
7622300108137,"Шоколад Мілка Мілкінес з Мол Начинкою 87,5г",sht_delimyy,1.0,,1.0,,2,LOW_N,delimyy
4820000458795,"БІР Пиво Карлсберг 0,45л",sht_delimyy,1.0,,1.0,,2,LOW_N,delimyy
4820146444386,Сік Ранок Грушево-Яблучний 1л (12),sht_delimyy,1.0,,1.0,,2,LOW_N,delimyy
7613035803183,Нестле Торчин Приправа 10 Овочів 170г,sht_delimyy,1.0,,1.0,,2,LOW_N,delimyy
8445290844163,Нестле Вафлі Артек Класичні 218г,sht_delimyy,1.0,,1.0,,2,LOW_N,delimyy
4820001314601,Нестле Торчин Соус Чилі 200г,sht_delimyy,1.0,,1.0,,2,LOW_N,delimyy
4820270931660,Монжар Цуценя-Сюрприз Зоо-Планета(24) 1 шт,sht_delimyy,1.0,,1.0,,2,LOW_N,delimyy
7613036115858,Нестле Кава Нескафе 3в1 Коконат Мікс 13г(20) Стік,sht_delimyy,1.0,,1.0,,2,LOW_N,delimyy
4820250943300,"БІР Енерг Напій Battery Mix Б/А 0,33л з/б",sht_delimyy,1.0,,1.0,,2,LOW_N,delimyy
4820001830033,"Вода мін.Поляна Квасова 0,5л Т/У",sht_delimyy,1.0,,1.0,,2,LOW_N,delimyy
5900396000910,Чай Чорний Хвилинка 140г (100шт),sht_delimyy,1.0,,1.0,,2,LOW_N,delimyy
2984670073381,"Сир твердий Масдамер 44% 0,15кг",sht_delimyy,1.0,,1.0,,2,LOW_N,delimyy
4823077633034,Рошен Ваф.трубочки Канафето Крем Какао 140г,sht_delimyy,1.0,,1.0,,2,LOW_N,delimyy
4820182062735,Авангард Біг Боб Фісташки Солоні Відбірні 90г,sht_delimyy,1.0,,1.0,,2,LOW_N,delimyy
4820079692533,Макар.Вироби Перо Паста Густо Дівіно 400г,sht_delimyy,1.0,,1.0,,2,LOW_N,delimyy
4820264290919,"Напій Джусік Кавун та Лічі DP  0,2л",sht_delimyy,1.0,,1.0,,2,LOW_N,delimyy
4820264290407,"Напій Джусік Яблуко-Виноград  DP  0,2л",sht_delimyy,1.0,,1.0,,2,LOW_N,delimyy
4823063127394,Чипси Лейз Сир 170г,sht_delimyy,1.0,,1.0,,2,LOW_N,delimyy
4820193038231,"Оболонь Пиво Хайк Малина 0,5л з/б",sht_delimyy,1.0,,1.0,,2,LOW_N,delimyy
4860019001339,"Мінеральна Вода Боржоми 0,33 скло газ",sht_delimyy,1.0,,1.0,,2,LOW_N,delimyy
4823124602495,Чай Рогмашка та Мята 20п,sht_delimyy,1.0,,1.0,,2,LOW_N,delimyy
2984670073404,"Сир твердий Укр.трад.50% 0,15кг",sht_delimyy,1.0,,1.0,,2,LOW_N,delimyy
4820002713038,"Оболонь Живчик Лимон 0,33 з/б",sht_delimyy,1.0,,1.0,,2,LOW_N,delimyy
4820250942426,"БІР Пиво Арсенал Міцне 0,48л з/б",sht_delimyy,1.0,,1.0,,2,LOW_N,delimyy
4823127313923,Авангард Сан Санич Насіння Преміум Смугасте Солоне 95г,sht_delimyy,1.0,,1.0,,2,LOW_N,delimyy
5841000030688,Чипси Дорітос Барбекю 90г,sht_delimyy,1.0,,1.0,,2,LOW_N,delimyy
7622202267857,Чіпси Люкс Паприка 105г,sht_delimyy,1.0,,1.0,,2,LOW_N,delimyy
8887290146227,Кава Мак Кофе Лате Карамель (20) 25г 1 шт,sht_delimyy,1.0,,1.0,,2,LOW_N,delimyy
8711000684016,Чай Піквік Чорний Оріджінал Інгліш(40*2г),sht_delimyy,1.0,,1.0,,2,LOW_N,delimyy
4820264290391,"Напій Джусік Мультифрукті DP  0,2л",sht_delimyy,1.0,,1.0,,2,LOW_N,delimyy
2978950032670,Монжар Джелопі Акули 500гр 1 шт,sht_delimyy,1.0,,1.0,,2,LOW_N,delimyy
4820079693172,Алексис Перець гостр.марин. 390г,sht_delimyy,1.0,,1.0,,2,LOW_N,delimyy
4820001729573,"Ігристе Фрателлі Москато Бьянко н/сол 0,33л з/б",sht_delimyy,1.0,,1.0,,2,LOW_N,delimyy
4820154830164,Рошен Спеції Перець Червоний Мелений 20г,sht_delimyy,1.0,,1.0,,2,LOW_N,delimyy
5904921700474,Сік Коркус яблуко-морква 750мл,sht_delimyy,1.0,,1.0,,2,LOW_N,delimyy
4823077636172,Рошен Вафлі Ваферс Лимон 216г,sht_delimyy,1.0,,1.0,,2,LOW_N,delimyy
4820017003254,"Вода Моршинська 1,5л ср/газ Лимонад Ягоди",sht_delimyy,1.0,,1.0,,2,LOW_N,delimyy
4820193037746,"Оболонь Пиво Злата Брама 0,45л",sht_delimyy,1.0,,1.0,,2,LOW_N,delimyy
4823127308912,Авангард Лакомка Насіння Смажене 140г,sht_delimyy,1.0,,1.0,,2,LOW_N,delimyy
4820088414164,Водний Світ Ікра Тріски Сол.100гр,sht_delimyy,1.0,,1.0,,2,LOW_N,delimyy
4820003689998,"Наш Сік Яблуко-Персик 0,2л",sht_delimyy,1.0,,1.0,,2,LOW_N,delimyy
4823127313626,Авангард Чіпси Чіпстерс Сметана Зелень 100г,sht_delimyy,1.0,,1.0,,2,LOW_N,delimyy
2978950039679,Агропром Соломка Для Коктейля (*100) 1 шт,sht_delimyy,1.0,,1.0,,2,LOW_N,delimyy
7613036116138,Нестле Кава Нескафе 3в1 УльтраКрімі 13г(20) Стік,sht_delimyy,1.0,,1.0,,2,LOW_N,delimyy
4820250944239,"БІР Енерг.Напій Battery Juiced Peach Lemonade Б/А 0,5л з/б",sht_delimyy,1.0,,1.0,,2,LOW_N,delimyy
4820250943423,"БІР Енерг Напій Battery Fresh Б/А 0,33 з/б",sht_delimyy,1.0,,1.0,,2,LOW_N,delimyy
4820182060984,Авангард Сан Санич Насіння Гарбузове Солоне 40г,sht_delimyy,1.0,,1.0,,2,LOW_N,delimyy
4820017003117,"Вода Моршинська 0,33л з/б ср/газ Лимонад Яблуко",sht_delimyy,1.0,,1.0,,2,LOW_N,delimyy
4820017003193,"Вода Моршинська 0,33л з/б Напій Енер.Воля ср/г Ягідний Мікс",sht_delimyy,1.0,,1.0,,2,LOW_N,delimyy
8001090378293,Прокладки Олвейс Лайт 36шт,sht_delimyy,1.0,,1.0,,2,LOW_N,delimyy
8445291125605,Нестле Мівіна Приправа М*ясна 80г,sht_delimyy,1.0,,1.0,,2,LOW_N,delimyy
7622210633262,Гумка Дірол Класична М*ята 14г,sht_delimyy,1.0,,1.0,,2,LOW_N,delimyy
4820195516980,Батоша Соус WOK Asian 140г д/п,sht_delimyy,1.0,,1.0,,2,LOW_N,delimyy
4820193037838,"Оболонь Пиво Кетен Бруг Зеро 0,45л",sht_delimyy,1.0,,1.0,,2,LOW_N,delimyy
3080216034645,"БІР Пиво Грімберген Дабл-Амбрі 0,33л",sht_delimyy,1.0,,1.0,,2,LOW_N,delimyy
4820280823030,Біскотті Печиво Вафлі з Карам.Начинкою та тер.Фундуком 33г,sht_delimyy,1.0,,1.0,,2,LOW_N,delimyy
4820256585108,"УДК Коньяк України Чайка Ординарний 3* 0,5 л",sht_delimyy,1.0,,1.0,,2,LOW_N,delimyy
4823063129398,"Пепсі-Блек 0,75л",sht_delimyy,1.0,,1.0,,2,LOW_N,delimyy
4820182069086,Авангард Біг Боб Арахіс Солоний 60г (95),sht_delimyy,1.0,,1.0,,2,LOW_N,delimyy
2978950009801,Цукор 50кг* 1шт ХЦЗ,sht_delimyy,1.0,,1.0,,2,LOW_N,delimyy
4823077608513,Рошен Цукерки Корівка 205г,sht_delimyy,1.0,,1.0,,2,LOW_N,delimyy
4030600338377,Сигарети ПС Імперіал Компакт Пурпл Мікс 20шт,sht_delimyy,1.0,,1.0,,2,LOW_N,delimyy
4820193032314,"Оболонь Пиво Хайк Бланш 0,5 л з/б",sht_delimyy,1.0,,1.0,,2,LOW_N,delimyy
4820046962881,"Пиво Тетерів 1,2л",sht_delimyy,1.0,,1.0,,2,LOW_N,delimyy
4823127302064,Авангард Сухарики Флінт пш.житні Холодець з Хроном 100г,sht_delimyy,1.0,,1.0,,2,LOW_N,delimyy
4820002713151,"Оболонь Пиво Сеньор Картель 0,33л",sht_delimyy,1.0,,1.0,,2,LOW_N,delimyy
4820079692212,Алексис Бульйон курячий 60г,sht_delimyy,1.0,,1.0,,2,LOW_N,delimyy
8593893745865,Нестле Батончик Натс Кiнгсайз 60 гр,sht_delimyy,1.0,,1.0,,2,LOW_N,delimyy
8006540726891,Засіб Для Миття Посуду Фейрі Капсули Для АПМ Лимон 27 шт,sht_delimyy,1.0,,1.0,,2,LOW_N,delimyy
4820083908965,Корм Пауч Телятина В Соусі 100/85гр,sht_delimyy,1.0,5.0,1.0,,2,OK,delimyy
7622202047602,Круасан Міді 7 Days Полуниця 60г,sht_delimyy,1.0,,1.0,,2,LOW_N,delimyy
2984670073244,"Продукт біл.-жир. Кантрі 50% 0,15кг",sht_delimyy,1.0,,1.0,,2,LOW_N,delimyy
4823063123204,"Сік Садочок Яблучний 0,95л",sht_delimyy,1.0,,1.0,,2,LOW_N,delimyy
8001841582245,Капсули Аріель Гірське Джерело 35 шт,sht_delimyy,1.0,,1.0,,2,LOW_N,delimyy
4820046962997,"Пиво Закарпатське Оригінальне 1,2л",sht_delimyy,1.0,,1.0,,2,LOW_N,delimyy
4820207591615,Валик для Чищення + Запасний Блок,sht_delimyy,1.0,,1.0,,2,LOW_N,delimyy
4823077636943,Рошен Вафлі Ваферс Сендвіч Кранч Горіх 142г (15),sht_delimyy,1.0,,1.0,,2,LOW_N,delimyy
4820252124288,"Шейк с/алк Смак Мультифруту 0,5л",sht_delimyy,1.0,,1.0,,2,LOW_N,delimyy
4820002305455,ХБФ Печиво Марія 230г,sht_delimyy,1.0,,1.0,,2,LOW_N,delimyy
4823127302057,Авангард Сухарики Флінт Сметана Із Зеленню 100г,sht_delimyy,1.0,,1.0,,2,LOW_N,delimyy
2978950003632,Агропром Тарілка 205 Андрекс Упаковка 100 шт,sht_delimyy,1.0,,1.0,,2,LOW_N,delimyy
4820017000383,Вода Моршинська 3л негаз,sht_delimyy,1.0,,1.0,,2,LOW_N,delimyy
7622202022807,"Гумка Дірол Ікс Фреш Свіжість М*яти та Ванілі 19,5г",sht_delimyy,1.0,,1.0,,2,LOW_N,delimyy
4820079692526,Макар.Вироби Вермішель Паста Густо Дівіно 400г,sht_delimyy,1.0,,1.0,,2,LOW_N,delimyy
2984670066963,Алексис Борошно в/г вагове 1кг,sht_delimyy,1.0,,1.0,,2,LOW_N,delimyy
4015400219743,Тампони Тампакс Супер Дуо С Апликатором 16 шт,sht_delimyy,1.0,,1.0,,2,LOW_N,delimyy
2978950035664,Монжар Жувальна Цукерка Лімбо Асорті (40) 1 шт,sht_delimyy,1.0,,1.0,,2,LOW_N,delimyy
4820037561123,Приправа Хмелі-Сунелі Іріс 20г,sht_delimyy,1.0,,1.0,,2,LOW_N,delimyy
4820146146242,Біскотті Печиво Вафлі з Карамельною Начинкою 33г,sht_delimyy,1.0,,1.0,,2,LOW_N,delimyy
4820272180615,Ферма Сметана 15% 200г Стакан,sht_delimyy,1.0,,1.0,,2,LOW_N,delimyy
4820079692410,Алексис М'ясо курки Селянська з кістокою 525г з/б,sht_delimyy,1.0,,1.0,,2,LOW_N,delimyy
4820241800223,Авангард Біг Боб Попкорн Сирний Оскар 80г (24),sht_delimyy,1.0,,1.0,,2,LOW_N,delimyy
9002859131707,Різдвяні фігурки мікс 80г,sht_delimyy,1.0,,1.0,,2,LOW_N,delimyy
4820154833332,Рошен Суміш Прянощів До Риби та Морепродуктів 25г,sht_delimyy,1.0,,1.0,,2,LOW_N,delimyy
4820046963871,"Пиво Свіжий розлив 1,8л",sht_delimyy,1.0,,1.0,,2,LOW_N,delimyy
4820195515761,Батоша Соус WOK Kung Pao 140г д/п,sht_delimyy,1.0,,1.0,,2,LOW_N,delimyy
4820083901560,Корм Мяу Телятина в Ніжному Соусі 100 гр (24),sht_delimyy,1.0,,1.0,,2,LOW_N,delimyy
8002793032239,"Дісна Вино Solo Corso Rosso Червоне Н/Сол 0,75л",sht_delimyy,1.0,,1.0,,2,LOW_N,delimyy
4820182063909,Морські Анчоуси Сушені 60г,sht_delimyy,1.0,,1.0,,2,LOW_N,delimyy
8690506418205,Крем Після Гоління Арко 50мл,sht_delimyy,1.0,,1.0,,2,LOW_N,delimyy
8004810693485,"Дісна Ігристе Ламбруско Рожеве н/с ,075л",sht_delimyy,1.0,,1.0,,2,LOW_N,delimyy
5201360521616,Круасан 7 Days Слуманте 60г,sht_delimyy,1.0,,1.0,,2,LOW_N,delimyy
8710847860829,Дезодорант Рексона 50мл,sht_delimyy,1.0,,1.0,,2,LOW_N,delimyy
5010182988657,Пронто Д/Дерев'яних Поверхонь 250мл,sht_delimyy,1.0,,1.0,,2,LOW_N,delimyy
7622202267888,Чіпси Люкс Бекон 105г,sht_delimyy,1.0,,1.0,,2,LOW_N,delimyy
4823077642401,Рошен Вафлі Ваферс Лимон 72г,sht_delimyy,1.0,,1.0,,2,LOW_N,delimyy
8001841517728,Спрей Для Чищення Містер Пропер Універсальний 750мл,sht_delimyy,1.0,,1.0,,2,LOW_N,delimyy
4820229030468,"УДК Горілка Мороша Карпатська 0,5л",sht_delimyy,1.0,,1.0,,2,LOW_N,delimyy
4820000190817,Оболонь Вода Оболонська 1л,sht_delimyy,1.0,,1.0,,2,LOW_N,delimyy
2984670044398,Пакет БОПП 150мм*100мм*25мкм,sht_delimyy,1.0,,1.0,,2,LOW_N,delimyy
4820000190800,Оболонь Вода Оболонська+лим 1л,sht_delimyy,1.0,,1.0,,2,LOW_N,delimyy
4820271511793,"Ігристе Фрателлі Фраголіно Россо н/с/че 0,33л з/б",sht_delimyy,1.0,,1.0,,2,LOW_N,delimyy
4823077640988,Рошен Вафлі Ваферс Кокос Мигдаль 216г,sht_delimyy,1.0,,1.0,,2,LOW_N,delimyy
4820182061424,Авангард Біг Боб Фісташки Солоні Відбірні 45г,sht_delimyy,1.0,,1.0,,2,LOW_N,delimyy
8886300970104,Кава Петрівська Слобода Мигдаль (25) 18 гр Упаковка 25 шт,sht_delimyy,1.0,,1.0,,2,LOW_N,delimyy
4820182069109,Авангард Біг Боб Арахіс Солоний 160г (50),sht_delimyy,1.0,,1.0,,2,LOW_N,delimyy
4823077643385,Рошен Шоколад Молоч.з Цілим Мигдалем 90г,sht_delimyy,1.0,,1.0,,2,LOW_N,delimyy
4820146443839,Сік Ранок Яблуко-Полуничний з М*якоттю 1л (12),sht_delimyy,1.0,,1.0,,2,LOW_N,delimyy
4820215627580,Сигарети Кент Стік Роял Пурпул,sht_delimyy,1.0,,1.0,,2,LOW_N,delimyy
4820001314526,Нестле Торчин Соус Часниковий 200г,sht_delimyy,1.0,,1.0,,2,LOW_N,delimyy
4820182748882,Авангард Чіпси Чіпстерс Техаський Стейк 170г,sht_delimyy,1.0,,1.0,,2,LOW_N,delimyy
2984670073367,"Сир твердий Голладський брус.45% 0,15кг",sht_delimyy,1.0,,1.0,,2,LOW_N,delimyy
4820000193252,Оболонь Напій Живчик Груша 1л,sht_delimyy,1.0,,1.0,,2,LOW_N,delimyy
5941000032996,Чипси Дорітос Шалено Гострі 75г,sht_delimyy,1.0,,1.0,,2,LOW_N,delimyy
4823063127943,"Мірінда Апельсин 1,75л",sht_delimyy,1.0,,1.0,,2,LOW_N,delimyy
4867616022583,"Дісна Ігристе Базалеті Біле Брют 0,75л",sht_delimyy,1.0,,1.0,,2,LOW_N,delimyy
4823127312506,Авангард Морські Кальмари Сушені 50г,sht_delimyy,1.0,,1.0,,2,LOW_N,delimyy
4820229031298,УДК Горілка Хортиця Класична 1л,sht_delimyy,1.0,,1.0,,2,LOW_N,delimyy
8001841748214,Засіб Для Миття Посуду Фейрі Капсули Для АПМ Лимон 21 шт,sht_delimyy,1.0,,1.0,,2,LOW_N,delimyy
7613036342056,Нестле Торчин Соус Бургер 200г,sht_delimyy,1.0,,1.0,,2,LOW_N,delimyy
7622210176172,Чіпси Люкс Сир 125г,sht_delimyy,1.0,,1.0,,2,LOW_N,delimyy
7613036161350,Нестле Кетчуп Торчин З Паприкою 250г,sht_delimyy,1.0,,1.0,,2,LOW_N,delimyy
4820239241236,Ферма Сметана 20% 200г Стакан,sht_delimyy,1.0,,1.0,,2,LOW_N,delimyy
4820046962928,"Пиво Свіжий Розлив 1,2л",sht_delimyy,1.0,,1.0,,2,LOW_N,delimyy
4820182064999,Авангард Морські Ставридка 60г,sht_delimyy,1.0,,1.0,,2,LOW_N,delimyy
4820193030471,"Оболонь Пиво Десант Екстрамицне 0,5л",sht_delimyy,1.0,,1.0,,2,LOW_N,delimyy
4820270360521,Сигарети Кент Стік Голден Єлоу 20шт,sht_delimyy,1.0,,1.0,,2,LOW_N,delimyy
4820250943928,"БІР Енерг Напій Battery Unicom Б/А 0,33л з/б",sht_delimyy,1.0,,1.0,,2,LOW_N,delimyy
4820256583333,"УДК Напій Винний Сан Мартіно н/сол Біле 0,75л",sht_delimyy,1.0,,1.0,,2,LOW_N,delimyy
4820000942294,"УДК Коньяк Шустов 3* 0,25л (20)",sht_delimyy,1.0,,1.0,,2,LOW_N,delimyy
4823077636073,Рошен Печиво Ловіта Желе Полуниця 420г,sht_delimyy,1.0,,1.0,,2,LOW_N,delimyy
2984670066581,Кулінарія Салат Вінегрет 155г,sht_delimyy,1.0,,1.0,,2,LOW_N,delimyy
7613036402569,Нестле Кава Нескафе Класік Крема 50г,sht_delimyy,1.0,,1.0,,2,LOW_N,delimyy
4820000945721,"УДК Коньяк Чайка 0,5л (16)",sht_delimyy,1.0,,1.0,,2,LOW_N,delimyy
4820182065033,Авангард Біг Боб Арахіс Бекон 160г,sht_delimyy,1.0,,1.0,,2,LOW_N,delimyy
4860013088978,"Немирів Бренді Старий Кахеті 4* 0,5л (12)",sht_delimyy,1.0,,1.0,,2,LOW_N,delimyy
5201360531172,Круасан 7 Days Какао 110г,sht_delimyy,1.0,,1.0,,2,LOW_N,delimyy
4820250944192,"БІР Пиво Львівське Спадок 0,9л",sht_delimyy,1.0,,1.0,,2,LOW_N,delimyy
5900516300814,Прокладки Белла Нормал 20шт,sht_delimyy,1.0,,1.0,,2,LOW_N,delimyy
4820017002721,"Вода Моршинська 0,33л з/б ср/газ Лимонад Апельсин Персик",sht_delimyy,1.0,,1.0,,2,LOW_N,delimyy
4820070400809,Немирів Коньяк Шабо V.S.O.P 5* 0.5л (18),sht_delimyy,1.0,,1.0,,2,LOW_N,delimyy
4823077627613,Рошен Рулет П*яна Вишня 180г,sht_delimyy,1.0,,1.0,,2,LOW_N,delimyy
5449000333216,Сік КАППІ Екзотік Нектар 1л,sht_delimyy,1.0,,1.0,,2,LOW_N,delimyy
4820182745966,Авангард Чіпси Чіпстерс Сметана та Цибуля 170г,sht_delimyy,1.0,,1.0,,2,LOW_N,delimyy
2984670072919,"Ковбаса  Ранчо Салямі Золота 0,075кг",sht_delimyy,1.0,,1.0,,2,LOW_N,delimyy
4823063129343,"Мірінда Апельсин 1,25л",sht_delimyy,1.0,,1.0,,2,LOW_N,delimyy
4823077643392,Рошен Шоколад Молоч.з Цілим Фундуком 90г,sht_delimyy,1.0,,1.0,,2,LOW_N,delimyy
4820256582312,УДК Вино СовіньонБлан 1л,sht_delimyy,1.0,,1.0,,2,LOW_N,delimyy
7039679123140,Аква Печінка тріски нат.110грн,sht_delimyy,1.0,,1.0,,2,LOW_N,delimyy
4823127303184,Чіпстерс Чипси  Вареники з капустою 100г,sht_delimyy,1.0,,1.0,,2,LOW_N,delimyy
4823077627606,Рошен Рулет Празький 180г,sht_delimyy,1.0,,1.0,,2,LOW_N,delimyy
4820229038815,"УДК Горілка На Берез.Бруньках Пшен.Сльоза 0,5л",sht_delimyy,1.0,,1.0,,3,LOW_N,delimyy
4820250940972,"БІР Пиво Львівське Лев Пшеничне 0,48л з/б",sht_delimyy,1.0,,1.0,,3,LOW_N,delimyy
7622202041952,Шоколад Мілка Карамель Арахіс 90г,sht_delimyy,1.0,,1.0,,3,LOW_N,delimyy
4820048615396,Карамель Чупа Чупс Бест (пакет) Упаковка 50 шт,sht_delimyy,1.0,,1.0,,3,LOW_N,delimyy
4823063112994,"Сік Сандора Мультивітамін 0,95л",sht_delimyy,1.0,,1.0,,3,LOW_N,delimyy
4820000456906,"БІР Сидр Сомерсбі Чорниця 0,5л з/б",sht_delimyy,1.0,,1.0,,3,LOW_N,delimyy
4820017003025,"Вода Моршинська 0,33л з/б Напій Енер.Воля ср/г Журавлина",sht_delimyy,1.0,,1.0,,3,LOW_N,delimyy
4820154830256,Рошен Какао Порошок 100г,sht_delimyy,1.0,,1.0,,3,LOW_N,delimyy
4820017002943,"Вода Моршинська 0,33л з/б Напій Енер.Воля ср/г Манго Апельсин",sht_delimyy,1.0,,1.0,,3,LOW_N,delimyy
4820250943416,"БІР Пиво Львівське Лев Пшеничне 0,9л",sht_delimyy,1.0,,1.0,,3,LOW_N,delimyy
8886300970029,Кава Петрівська Слобода Мигдаль (25) 18 гр 1 шт,sht_delimyy,1.0,,1.0,,3,LOW_N,delimyy
4820229038822,"УДК Горілка Срібна Пшен.Сльоза 0,5л",sht_delimyy,1.0,,1.0,,3,LOW_N,delimyy
4820154830171,Рошен Спеції Паприка Мелена 20г,sht_delimyy,1.0,,1.0,,3,LOW_N,delimyy
4860019003364,"Боржомі Лимонад Тархун 0,5л скло",sht_delimyy,1.0,,1.0,,3,LOW_N,delimyy
4823127308608,Авангард Сан Санич Насіння Смажене Солоне 100г,sht_delimyy,1.0,,1.0,,3,LOW_N,delimyy
4823063129732,Сухарики Багет Хрум Тайм Королівський Краб 55г,sht_delimyy,1.0,,1.0,,3,LOW_N,delimyy
4860001680283,"Дісна Вино Картулі Кінзмараулі  Червоне н/с 0,75л",sht_delimyy,1.0,,1.0,,3,LOW_N,delimyy
4820193035667,"Оболонь Пиво Зіберт Світле 1,15л (12)",sht_delimyy,1.0,,1.0,,3,LOW_N,delimyy
5900951248818,Марс Корм Кітікет Яловичина з Овочами сух.300г,sht_delimyy,1.0,,1.0,,3,LOW_N,delimyy
8445291098572,Нестле Вафлі Артек Класичні 188г,sht_delimyy,1.0,,1.0,,3,LOW_N,delimyy
4860019003067,"Боржомі Лимонад Груша 0,33л з/б",sht_delimyy,1.0,,1.0,,3,LOW_N,delimyy
4820097892083,"Шейки Вода Природне Джерело 1,5л Негаз",sht_delimyy,1.0,,1.0,,3,LOW_N,delimyy
5900259094728,Чипси Дорітос Гострий Перець 90г,sht_delimyy,1.0,,1.0,,3,LOW_N,delimyy
4820005692637,Кузя Сервіс Плівка Харчова Блек 100м,sht_delimyy,1.0,,1.0,,3,LOW_N,delimyy
5449000333414,"Сік КАППІ МІНІ Груша-Яблуко нектар 0,2л",sht_delimyy,1.0,,1.0,,3,LOW_N,delimyy
7622201797911,Шоколад Корона МФ Манго Ананас Марак Карамель 150г,sht_delimyy,1.0,,1.0,,3,LOW_N,delimyy
4820193037418,"Оболонь Пиво Оболонь Традиційне 0,5л",sht_delimyy,1.0,,1.0,,3,LOW_N,delimyy
4820046960511,"Броварня Пиво Авторське 0,5л",sht_delimyy,1.0,,1.0,,3,LOW_N,delimyy
8935001725404,"Гумка жувальна Ментос Тутті-Фрутті 15,75гр",sht_delimyy,1.0,,1.0,,3,LOW_N,delimyy
8887290101707,Кава Мак Кофе Лісовий Горіх (20) 18 гр 1 шт,sht_delimyy,1.0,,1.0,,3,LOW_N,delimyy
7622300509606,Бісквіт Барні Шоколадний 150г,sht_delimyy,1.0,,1.0,,3,LOW_N,delimyy
8697422654038,Монжар Драже Хіп Хоп 12гр 1 шт,sht_delimyy,1.0,,1.0,,3,LOW_N,delimyy
3800020491478,Нестле Плитка Кіт Кат Подвійний шоколад 99г,sht_delimyy,1.0,,1.0,,3,LOW_N,delimyy
2984670066611,Кулінарія Салат Олів'є 165г,sht_delimyy,1.0,,1.0,,3,LOW_N,delimyy
4820193032079,"Оболонь Пиво Оболонь Світле 1,1л",sht_delimyy,1.0,,1.0,,3,LOW_N,delimyy
4820256582275,"УДК Вино Шато Мускат н/сол Біле 0,75л",sht_delimyy,1.0,,1.0,,3,LOW_N,delimyy
4823077630392,Рошен Шоколад Молочн.Тідбіт нуга і карам.з арах.50г,sht_delimyy,1.0,,1.0,,3,LOW_N,delimyy
4820017003063,"Вода Моршинська 0,5л ср/газ Лимонад Мохіто",sht_delimyy,1.0,,1.0,,3,LOW_N,delimyy
4820154830485,Рошен  Спеції Суміш прянощів Італійські трави 10г,sht_delimyy,1.0,,1.0,,3,LOW_N,delimyy
4820005692613,Кузя Сервіс Плівка Харчова Блек 20м,sht_delimyy,1.0,,1.0,,3,LOW_N,delimyy
4823000918672,Нестле Батончик Лайон Арахіс 40г,sht_delimyy,1.0,,1.0,,3,LOW_N,delimyy
5449000333391,"Сік КАППІ МІНІ Виноград-Яблуко нектар 0,2л",sht_delimyy,1.0,,1.0,,3,LOW_N,delimyy
4823077643361,Рошен Шоколад Чорний з Цілим Фундуком 90г,sht_delimyy,1.0,,1.0,,3,LOW_N,delimyy
4820193035230,"Оболонь Пиво Кетен Бруг Бланш 0,5 л з/б",sht_delimyy,1.0,,1.0,,3,LOW_N,delimyy
4820195511305,Батоша Приправа Трави Італії 10г,sht_delimyy,1.0,,1.0,,3,LOW_N,delimyy
4860019003326,"Боржомі Лимонад Груша 0,5л скло",sht_delimyy,1.0,,1.0,,3,LOW_N,delimyy
4820000457668,"БІР Сидр Сомерсбі Солодкий 0,5л",sht_delimyy,1.0,,1.0,,3,LOW_N,delimyy
2978950033066,Монжар Жуйка Куул Фреш Кавун 4гр (100 шт) 1 шт,sht_delimyy,1.0,,1.0,,3,LOW_N,delimyy
4820154833974,Рошен Спеції Приправа До Шашлику та Реберець 30г,sht_delimyy,1.0,,1.0,,3,LOW_N,delimyy
4823063127929,"Севен Ап 1,75л",sht_delimyy,1.0,,1.0,,3,LOW_N,delimyy
2978950038337,Монжар Джелопі Морська Зірка 500г 1 шт,sht_delimyy,1.0,,1.0,,3,LOW_N,delimyy
3080216034676,"БІР Пиво Грімберген Бланш 0,33л",sht_delimyy,1.0,,1.0,,3,LOW_N,delimyy
4823063129794,Сухарики Багет Хрум Тайм Сметана і Зелень 55г,sht_delimyy,1.0,,1.0,,3,LOW_N,delimyy
4820235321567,"Грин Дей Коньяк Аджарі 4* 0,5л (12)",sht_delimyy,1.0,,1.0,,3,LOW_N,delimyy
4820017003216,"Вода Моршинська 0,33л з/б ср/газ Лимонад Ягоди",sht_delimyy,1.0,,1.0,,3,LOW_N,delimyy
4820046961242,"Пиво Закарпатське Оригінальне 0,5л",sht_delimyy,1.0,,1.0,,3,LOW_N,delimyy
4860019003043,"Боржомі Лимонад Мандарин 0,33л з/б",sht_delimyy,1.0,,1.0,,3,LOW_N,delimyy
5449000259455,"Чай Фюз Лісова Ягода 0,5л",sht_delimyy,1.0,,1.0,,3,LOW_N,delimyy
8935001725428,"Гумка жувальна Ментос Рол М*ята 15,75 гр(16)",sht_delimyy,1.0,,1.0,,3,LOW_N,delimyy
2978950037767,Монжар Яйце з Сюрпризом Барбелла 1шт,sht_delimyy,1.0,,1.0,,3,LOW_N,delimyy
4820252122604,Шейки Пиво Преміум Хайсенберг 1л (12),sht_delimyy,1.0,,1.0,,3,LOW_N,delimyy
4820193037715,"Оболонь Пиво Кетен Бруг Бланш 0,45л",sht_delimyy,1.0,,1.0,,3,LOW_N,delimyy
2984670065058,Глінтвейн Кришка для Гофр.Сткана 340мл,sht_delimyy,1.0,,1.0,,3,LOW_N,delimyy
4820017002745,"Вода Моршинська 0,5л ср/газ Лимонад Апельсин Персик",sht_delimyy,1.0,,1.0,,3,LOW_N,delimyy
4820039352682,Сік Річ Яблуко 1л (12),sht_delimyy,1.0,,1.0,,3,LOW_N,delimyy
4820270361719,Набір Гло Хайпер ХЗ Про Блек,sht_delimyy,1.0,,1.0,,3,LOW_N,delimyy
7622210815385,Шоколад Корона Чор Без Дод 85г,sht_delimyy,1.0,,1.0,,3,LOW_N,delimyy
4820252121775,"Шейки Піт-Буль Б/А 0,25л Кава",sht_delimyy,1.0,,1.0,,3,LOW_N,delimyy
2984670073787,Омивач Скла 5л зимовий (до-25*),sht_delimyy,1.0,,1.0,,3,LOW_N,delimyy
4820017002806,"Вода Моршинська 0,5л ср/газ Лимонад Грейпфрут",sht_delimyy,1.0,,1.0,,3,LOW_N,delimyy
4820046962676,"Пиво Бочкове нефіл.0,9л",sht_delimyy,1.0,,1.0,,3,LOW_N,delimyy
4820189942184,Союз Соус Сацебелі МакМай скло 500г,sht_delimyy,1.0,,1.0,,3,LOW_N,delimyy
4820163122588,"УДК Ігристе Ореанда Асті Москато 0,75л (12)",sht_delimyy,1.0,,1.0,,3,LOW_N,delimyy
7622210653086,Печиво Орео 38г,sht_delimyy,1.0,,1.0,,3,LOW_N,delimyy
7622202394065,Шоколад Корона МФ Манго Ананас Марак Карамель 38г,sht_delimyy,1.0,,1.0,,3,LOW_N,delimyy
4820154830188,Рошен Спеції Лавровий Лист 10г,sht_delimyy,1.0,,1.0,,3,LOW_N,delimyy
4860008193007,"Немирів Бренді Марнавелі 5*0,5л",sht_delimyy,1.0,,1.0,,3,LOW_N,delimyy
3800020491451,Нестле Плитка Кіт Кат Лісовий горіх 99г,sht_delimyy,1.0,,1.0,,3,LOW_N,delimyy
4820002713199,"Оболонь Пиво Сеньор Картель 0,33л з/б",sht_delimyy,1.0,,1.0,,3,LOW_N,delimyy
4820029430161,"Оболонь Вода Оболонська 0,5л",sht_delimyy,1.0,,1.0,,3,LOW_N,delimyy
4820000431026,"Вода Миргородська Лагідна 1,5л негаз.",sht_delimyy,1.0,,1.0,,3,LOW_N,delimyy
2984670056322,"Вино Ігристе Міонетто Просеко Сух.0,75л",sht_delimyy,1.0,,1.0,,3,LOW_N,delimyy
4823105818853,АВК Сендвіч Brunch з Італійським Сиром 47г,sht_delimyy,1.0,,1.0,,3,LOW_N,delimyy
4820250942921,"БІР Пиво Гараж Мандарин 0,44л",sht_delimyy,1.0,,1.0,,3,LOW_N,delimyy
7613036748988,Нестле Кава Нескафе Голд 95г,sht_delimyy,1.0,,1.0,,3,LOW_N,delimyy
7622210815507,Шоколад Корона Екстра Чор Без Дод 85г,sht_delimyy,1.0,,1.0,,3,LOW_N,delimyy
4823077649677,Рошен Рошен Шоколад Лакмі Фан Кріспі 85г,sht_delimyy,1.0,,1.0,,3,LOW_N,delimyy
4810185009943,"Ресурс Напій спирт Вікінг 0,5л",sht_delimyy,1.0,,1.0,,3,LOW_N,delimyy
4820256581438,"УДК Напій Винний Мікадо Виш.Черв.сл.г.н/сол.0,7л",sht_delimyy,1.0,,1.0,,3,LOW_N,delimyy
4820002712314,"Оболонь Сидр Сібер Яблуко 0,8л",sht_delimyy,1.0,,1.0,,3,LOW_N,delimyy
4820046963765,"Броварня Пиво Закарпатське Оригінальне 0,5л з/б",sht_delimyy,1.0,,1.0,,3,LOW_N,delimyy
4860019003081,"Боржомі Лимонад Цитрус 0,33л з/б",sht_delimyy,1.0,,1.0,,3,LOW_N,delimyy
4860019003340,"Боржомі Лимонад Цитрус 0,5л скло",sht_delimyy,1.0,,1.0,,3,LOW_N,delimyy
4820017293204,Золоте Зерно Пластівці Глазуровані 80 гр,sht_delimyy,1.0,,1.0,,3,LOW_N,delimyy
4823063129251,"Сік Сандора Апельсин Коктейль 0,95л",sht_delimyy,1.0,,1.0,,3,LOW_N,delimyy
2984670065034,Глінтвейн Стакан Гофрований 340мл,sht_delimyy,1.0,,1.0,,3,LOW_N,delimyy
4823063127448,Чипси Лейз М*ясна Пательня з Грибами 60г,sht_delimyy,1.0,,1.0,,3,LOW_N,delimyy
4823077621635,Рошен Вафлі Ваферс Молоко 72г,sht_delimyy,1.0,,1.0,,3,LOW_N,delimyy
5449000002877,Сік КАППІ Яблуко Нектар 1л,sht_delimyy,1.0,,1.0,,3,LOW_N,delimyy
4820250942990,"БІР Енерг Напій Battery Exotic Б/А 0,5л з/б",sht_delimyy,1.0,,1.0,,3,LOW_N,delimyy
4860019003302,"Боржомі Лимонад Мандарин 0,5л скло",sht_delimyy,1.0,,1.0,,3,LOW_N,delimyy
4820000455732,"БІР Пиво Львівське 1715 0,45л",sht_delimyy,1.0,,1.0,,4,LOW_N,delimyy
4823077645983,Рошен Печиво Сендв.Мультік.Лимон-Крем 180г,sht_delimyy,1.0,,1.0,,4,LOW_N,delimyy
4823077631863,Рошен Ваф.трубочки Канафето Ваніль 140г,sht_delimyy,1.0,,1.0,,4,LOW_N,delimyy
4820193037364,"Оболонь Пиво Злата Брама 1,75л",sht_delimyy,1.0,,1.0,,4,LOW_N,delimyy
4823077623790,Рошен Цукрове Печиво До Кави Пряжене Молоко 370г,sht_delimyy,1.0,,1.0,,4,LOW_N,delimyy
5202795120054,"Алког.Напій Метакса 5* 0,7л",sht_delimyy,1.0,,1.0,,4,LOW_N,delimyy
4820231110837,Волхов Пряники з Вишневою Начинкою 400г,sht_delimyy,1.0,,1.0,,4,LOW_N,delimyy
4820154830195,Рошен Спеції Гвоздика Ціла 10г,sht_delimyy,1.0,,1.0,,4,LOW_N,delimyy
2978950041092,Монжар Мармеладний Жувальний Ремінець 250гр 1 шт,sht_delimyy,1.0,,1.0,,4,LOW_N,delimyy
4823063128780,Чипси Лейз Макс Сальса 95г,sht_delimyy,1.0,,1.0,,4,LOW_N,delimyy
5449000224385,Швепс Гранат 1л,sht_delimyy,1.0,,1.0,,4,LOW_N,delimyy
7622202042010,Шоколад Мілка Нуссіні Вафля Фундук Какао 31г,sht_delimyy,1.0,,1.0,,4,LOW_N,delimyy
4820000948234,"УДК Вино Тетрі Сапераві Черв.сух.0,75л",sht_delimyy,1.0,,1.0,,4,LOW_N,delimyy
4820023747890,Хустинки Носові (10) 1 шт,sht_delimyy,1.0,,1.0,10.0,4,LOW_N,delimyy
7622300789114,Шоколад Мілка Баблз Пористий 80г,sht_delimyy,1.0,,1.0,,4,LOW_N,delimyy
7622201491888,Шоколад Мілка Молочний Вишня 90г,sht_delimyy,1.0,,1.0,,4,LOW_N,delimyy
80177173,Паста Шоколадна Нутелла-350,sht_delimyy,1.0,,1.0,,4,LOW_N,delimyy
5449000312105,"Швепс Індіан Тонік 0,75л",sht_delimyy,1.0,,1.0,,4,LOW_N,delimyy
4000512733164,Бойчак  Мармелад Жув. Троллі з Зефіром Ведмеді 1кг,sht_delimyy,1.0,,1.0,,4,LOW_N,delimyy
4823077648113,Рошен Печиво здобне масло-какао 140г,sht_delimyy,1.0,,1.0,,4,LOW_N,delimyy
4820250943638,"БІР Пиво Гараж Карамболь 0,5л з/б",sht_delimyy,1.0,,1.0,,4,LOW_N,delimyy
4823077617041,Рошен Батончик Мол-Шок з Карамеллю 40г,sht_delimyy,1.0,,1.0,,4,LOW_N,delimyy
4820017002707,"Вода Моршинська 0,33л з/б Напій Енер.Воля ср/г",sht_delimyy,1.0,,1.0,,4,LOW_N,delimyy
4820017003131,"Вода Моршинська 0,5л ср/газ Лимонад Яблуко",sht_delimyy,1.0,,1.0,,4,LOW_N,delimyy
48207300,Сигарети Давідоф Слімс Класік 20шт,sht_delimyy,1.0,,1.0,,4,LOW_N,delimyy
4820193035681,"Оболонь Пиво Хайк Лайт 0,5 л з/б",sht_delimyy,1.0,,1.0,,4,LOW_N,delimyy
4823127300350,Сік Банка Яблучний 1л,sht_delimyy,1.0,,1.0,,4,LOW_N,delimyy
4820000454155,"БІР Пиво Різдвяне 0,5л",sht_delimyy,1.0,,1.0,,4,LOW_N,delimyy
4823077646836,Рошен Цукерки Маршмеллоу Барбекю 200г,sht_delimyy,1.0,,1.0,,4,LOW_N,delimyy
4820000192125,"Оболонь Пиво Бермікс Вишня 0,5л з/б",sht_delimyy,1.0,,1.0,,4,LOW_N,delimyy
4820017003087,"Вода Моршинська 1,5л ср/газ Лимонад Мохіто",sht_delimyy,1.0,,1.0,,4,LOW_N,delimyy
5201360532506,Круасан 7 Days Ваніль Вишня 110г,sht_delimyy,1.0,,1.0,,4,LOW_N,delimyy
4820000190954,"Оболонь Пиво Оболонь Світле 0,5л з/б",sht_delimyy,1.0,,1.0,,4,LOW_N,delimyy
4820250943584,"БІР Пиво Хольстен Пілзнер Екстра 0,48л з/б",sht_delimyy,1.0,,1.0,,4,LOW_N,delimyy
4820193035223,"Оболонь Пиво Кетен Бруг Блонд 0,5л з/б",sht_delimyy,1.0,,1.0,,4,LOW_N,delimyy
4820195513279,Батоша Приправа до Картоплі 25г,sht_delimyy,1.0,,1.0,,4,LOW_N,delimyy
4823063129657,"Севен Ап 1,25л",sht_delimyy,1.0,,1.0,,4,LOW_N,delimyy
4820193034509,"Оболонь Напій с/а енерг Бронкс Вишня з/б 0,5 л(24)",sht_delimyy,1.0,,1.0,,4,LOW_N,delimyy
4823077637902,Рошен Желе Вишня 78 гр,sht_delimyy,1.0,,1.0,,4,LOW_N,delimyy
4820000451420,"БІР Пиво Арсенал Міцне 0,5л",sht_delimyy,1.0,,1.0,,4,LOW_N,delimyy
4820154830218,Рошен Спеції Ванільний Цукор 10г,sht_delimyy,1.0,,1.0,,4,LOW_N,delimyy
4820192686815,Сигарети Кент Філ Пурпл 20шт,sht_delimyy,1.0,,1.0,,4,LOW_N,delimyy
4820195513019,Батоша Приправа до Плову 40г,sht_delimyy,1.0,,1.0,,4,LOW_N,delimyy
4820079693684,Алексис Каша рисова зі свининою 525г з/б,sht_delimyy,1.0,,1.0,,4,LOW_N,delimyy
4820003689363,"Наш Сік Томатний 1,93л",sht_delimyy,1.0,,1.0,,4,LOW_N,delimyy
4820046964403,"Броварня Пиво Чайка Черноморська 0,45л",sht_delimyy,1.0,,1.0,,4,LOW_N,delimyy
7622201512682,Печиво Орео Какао-Полуниця 95г,sht_delimyy,1.0,,1.0,,4,LOW_N,delimyy
4820146443594,Сік Ранок Яблучний 1л,sht_delimyy,1.0,,1.0,,4,LOW_N,delimyy
4820000948197,"УДК Вино Алазанська Долина Тетрі н/сол Червоне 0,75л",sht_delimyy,1.0,,1.0,,4,LOW_N,delimyy
4820195512982,Батоша Приправа до М'яса 50г,sht_delimyy,1.0,,1.0,,4,LOW_N,delimyy
8034141060236,"Хлібний Дар Еліт Абсент 0,5л (12)",sht_delimyy,1.0,,1.0,,4,LOW_N,delimyy
4820000459891,"БІР Сидр Сомерсбі Солодкий 0,5л з/б",sht_delimyy,1.0,,1.0,,4,LOW_N,delimyy
4820097892069,"Шейки Вода Природне Джерело 0,5л Негаз",sht_delimyy,1.0,,1.0,,4,LOW_N,delimyy
4820079693677,Алексис Каша гречана зі свининою 525г з/б,sht_delimyy,1.0,,1.0,,4,LOW_N,delimyy
4820195511619,Батоша Приправа Мексиканські Крильця 30г,sht_delimyy,1.0,,1.0,,4,LOW_N,delimyy
4823077649776,Рошен Шоколад Лакмі Молочн.Тірамісу та печиво 270г,sht_delimyy,1.0,,1.0,,4,LOW_N,delimyy
4820000193269,Оболонь Напій Живчик Груша 2л,sht_delimyy,1.0,,1.0,,4,LOW_N,delimyy
4820256582862,"УДК Вино Алазанська Долина Алавері н/сол Біле 0,75л",sht_delimyy,1.0,,1.0,,4,LOW_N,delimyy
4820193036985,"Оболонь Пиво Кетен Бруг Лагер 0,5 л з/б",sht_delimyy,1.0,,1.0,,4,LOW_N,delimyy
2978950023425,Монжар Жуйка Кислиця Тутті Фрутті (100) 1 шт,sht_delimyy,1.0,,1.0,,4,LOW_N,delimyy
4823063128391,"Пепсі Лимон 1,75 л",sht_delimyy,1.0,,1.0,,4,LOW_N,delimyy
4820000190084,Оболонь Вода Оболонська+Лимон 2л,sht_delimyy,1.0,,1.0,,4,LOW_N,delimyy
4820195513002,Батоша Приправа до Курки 50г,sht_delimyy,1.0,,1.0,,4,LOW_N,delimyy
482307764150,Рошен Тістечко Полуниця 270г,sht_delimyy,1.0,,1.0,,4,LOW_N,delimyy
4823063128377,Пепсі Лимон 1л,sht_delimyy,1.0,,1.0,,4,LOW_N,delimyy
4820256581421,"УДК Напій Винний Мікадо Слив.Біл.сл.г.н/сол.0,7л",sht_delimyy,1.0,,1.0,,4,LOW_N,delimyy
4823077643019,Рошен Спеції Приправа до Картоплі 25г,sht_delimyy,1.0,,1.0,,4,LOW_N,delimyy
4820250942846,"БІР Радлер Лимон-М*ята 0,48л з/б",sht_delimyy,1.0,,1.0,,4,LOW_N,delimyy
4820017000833,"Вода Моршинська 0,33л Спорт",sht_delimyy,1.0,,1.0,,4,LOW_N,delimyy
7312040017508,"Горілка Absolut 40% 0,05л",sht_delimyy,1.0,,1.0,,4,LOW_N,delimyy
4820017002981,"Вода Моршинська 0,33л з/б Напій Енер.Воля ср/г Ківі Полуниця",sht_delimyy,1.0,,1.0,,4,LOW_N,delimyy
4820252122949,"Шейки Шейк Кайпірінья 0,5л з/б",sht_delimyy,1.0,,1.0,,4,LOW_N,delimyy
4820193033861,"Оболонь Пиво Германаріх 0,5 л з/б",sht_delimyy,1.0,,1.0,,4,LOW_N,delimyy
4823077602801,Рошен Цукерки Жел.Джеллі 200г,sht_delimyy,1.0,,1.0,,4,LOW_N,delimyy
4820154833066,Рошен  Спеції Суміш Прованськи 10г,sht_delimyy,1.0,,1.0,,4,LOW_N,delimyy
2978950017660,Агропром Стакан Пластик 180 мл 1 шт,sht_delimyy,1.0,,1.0,,4,LOW_N,delimyy
8006540716670,Тампони Тампакс Супер Дуо 18шт,sht_delimyy,1.0,,1.0,,4,LOW_N,delimyy
8006220001942,"Вино Ігристе Міонетто Просеко Сух.0,75л",sht_delimyy,1.0,,1.0,,4,LOW_N,delimyy
4820250940132,"БІР Пиво Гараж Вишня 0,44л",sht_delimyy,1.0,,1.0,,4,LOW_N,delimyy
7622300631574,Шоколад Мілка Молочний З Орео 100г,sht_delimyy,1.0,1.0,1.0,,5,OK,delimyy
4823077649752,Рошен Шоколад Лакмі Молоч.з шок.-горіх.нач.та печивом 265г,sht_delimyy,1.0,1.0,1.0,,5,OK,delimyy
5449000221933,"Швепс Мандарин 0,75л",sht_delimyy,1.0,1.0,1.0,,5,OK,delimyy
3800032050090,"Немирів Віскі Блек Рем 40% 0,5л",sht_delimyy,1.0,2.0,1.0,,5,OK,delimyy
4820192686310,Сигарети Кент Філ Сенсіо 20шт,sht_delimyy,1.0,5.0,1.0,,5,OK,delimyy
5900259135360,Чітос Палички Шалено Гострі 80г,sht_delimyy,1.0,,1.0,,5,LOW_N,delimyy
8000500447130,Кіндер Кіндеріні Т(2*4),sht_delimyy,1.0,1.0,1.0,,5,OK,delimyy
8011510022316,"Дісна Вино Solo Corso Rosso Червоне Сухе 0,75л",sht_delimyy,1.0,1.0,1.0,,5,OK,delimyy
4823077647451,Рошен Цукерки Юмі Гумі ДайріДрім 70г,sht_delimyy,1.0,,1.0,,5,LOW_N,delimyy
4820193033304,"Оболонь Пиво Десант Екстрамицне 1,75 л",sht_delimyy,1.0,4.0,1.0,,5,OK,delimyy
4823001415385,Какао-Порошок 100г,sht_delimyy,1.0,,1.0,,5,LOW_N,delimyy
4823063129817,Сухарики Багет Хрум Тайм Сметана і Зелень 90г,sht_delimyy,1.0,1.0,1.0,,5,OK,delimyy
4820236722424,"Артемівське Ігристе Н/Сол Біле 0,75л",sht_delimyy,1.0,1.0,1.0,,5,OK,delimyy
4820193037425,"Оболонь Пиво Оболонь Традиційне 1,25л",sht_delimyy,1.0,6.0,1.0,,5,OK,delimyy
4820001316209,Нестле Майонез Торчин Європейський 150 гр,sht_delimyy,1.0,1.0,1.0,,5,OK,delimyy
4820229031311,"УДК Горілка Хортиця Платинум 0,7л",sht_delimyy,1.0,1.0,1.0,,5,OK,delimyy
4823063129756,Сухарики Багет Хрум Тайм Королівський Краб 90г,sht_delimyy,1.0,2.0,1.0,,5,OK,delimyy
7622201421922,Шоколад Мілка Ваффеліні Кокос 31г,sht_delimyy,1.0,1.0,1.0,,5,OK,delimyy
7622202041884,Шоколад Мілка Ваффеліні Чокомакс-Вафля 31г,sht_delimyy,1.0,,1.0,,5,LOW_N,delimyy
4823077649790,Рошен Шоколад Лакмі Молоч.Шокол.Начинка-Вафля 235г,sht_delimyy,1.0,2.0,1.0,,5,OK,delimyy
4820250942808,"БІР Пиво Міллер 0,45л",sht_delimyy,1.0,4.0,1.0,,5,OK,delimyy
4820163121895,"УДК Вино Ореанда Піно Нуар Черв.н/сол.0,75л",sht_delimyy,1.0,1.0,1.0,,5,OK,delimyy
4820193030488,"Оболонь Пиво Десант Екстрамицне 1,25 л",sht_delimyy,1.0,8.0,1.0,,5,OK,delimyy
5099873046296,"Віскі Jack Daniels 40% 0,05л",sht_delimyy,1.0,,1.0,,5,LOW_N,delimyy
4820229031328,УДК Горілка Хортиця Платинум 1л,sht_delimyy,1.0,2.0,1.0,,5,OK,delimyy
4820192685917,Сигарети Ротманс Роял Демі Сільвер 20шт,sht_delimyy,1.0,1.0,1.0,,5,OK,delimyy
4820192687171,Сигарети Ротманс Нано Пурпл 20шт,sht_delimyy,1.0,3.0,1.0,,5,OK,delimyy
2978950033608,Монжар Жуйка Куул Фреш Малина 4гр (100 шт) 1 шт,sht_delimyy,1.0,,1.0,,5,LOW_N,delimyy
4820229033483,"УДК Горілка Мороша Карпатські Озера 0,5л",sht_delimyy,1.0,2.0,1.0,,5,OK,delimyy
7622201797973,Шоколад Корона МФ Фруктово-Ягідний 150г,sht_delimyy,1.0,2.0,1.0,,5,OK,delimyy
4823063128797,Чипси Лейз Макс Чилі та Лайму 95г,sht_delimyy,1.0,1.0,1.0,,5,OK,delimyy
5998711388928,Крекер Тук Сир 100г,sht_delimyy,1.0,,1.0,,5,LOW_N,delimyy
5449000221780,"Кока Кола Зеро 0,75л",sht_delimyy,1.0,12.0,1.0,,5,OK,delimyy
4820256580141,"УДК Вино Ореанда Розе н/сол.1,5л",sht_delimyy,1.0,1.0,1.0,,5,OK,delimyy
4820256583470,УДК Напій Вин.Мікадо Вишня н/сол Черв 1л,sht_delimyy,1.0,1.0,1.0,,5,OK,delimyy
4820005692620,Кузя Сервіс Плівка Харчова Блек 50м,sht_delimyy,1.0,,1.0,,5,LOW_N,delimyy
4820154833103,Рошен Спеції Куркума Мелена 15г,sht_delimyy,1.0,,1.0,,5,LOW_N,delimyy
4823124602488,Чай Чебрець та Меліса 20п,sht_delimyy,1.0,,1.0,,5,LOW_N,delimyy
4823077624223,Рошен Цукерки Жел.Бонні-Фрут Літній Мікс 200г,sht_delimyy,1.0,2.0,1.0,,5,OK,delimyy
5449000089380,Швепс Мандарин 1л,sht_delimyy,1.0,1.0,1.0,,5,OK,delimyy
4820017001823,"Вода Моршинська 0,5л Спорт Джуніор",sht_delimyy,1.0,,1.0,,5,LOW_N,delimyy
5449000044808,Швепс Тонік 1л,sht_delimyy,1.0,1.0,1.0,,5,OK,delimyy
4820193038033,"Оболонь Пиво Бермікс Персик 0,5л з/б",sht_delimyy,1.0,1.0,1.0,,5,OK,delimyy
5414145034847,"Немирів Напій на Осн.Рому Mad Kaper Рум Спайсед 35% 0,7л",sht_delimyy,1.0,1.0,1.0,,5,OK,delimyy
2984670044336,Корм Мяу Кролик 11 кг 1 кг,sht_delimyy,1.0,0.96,1.0,,5,OK,delimyy
2984670078614,Риба Шпроти в олії 1шт ( 1000г),sht_delimyy,1.0,1.0,1.0,,5,OK,delimyy
8000570048022,"Ресурс Вермут Мартіні Фієро 0,75л",sht_delimyy,1.0,,1.0,,5,LOW_N,delimyy
4820079693226,Алексис Квасоля по-грузинськи 480г,sht_delimyy,1.0,1.0,1.0,,5,OK,delimyy
4820252122598,"Шейки Пиво Преміум Хайсенберг 1,8л (6)",sht_delimyy,1.0,3.0,1.0,6.0,5,OK,delimyy
4820256581391,"УДК Напій Винний Мікадо Слив.Черв.сл.г.н/сол. 0,7л",sht_delimyy,1.0,2.0,1.0,,5,OK,delimyy
2978950015574,Агропром Стакан Пластик 300 мл 1 шт,sht_delimyy,1.0,,1.0,,5,LOW_N,delimyy
4823063128575,Чипси Лейз з Шалено Гострим Смаком 95г,sht_delimyy,1.0,2.0,1.0,,5,OK,delimyy
7622100540717,Сигарети Терея Рівієра Перл 20шт,sht_delimyy,1.0,10.0,1.0,,6,OK,delimyy
4820213961495,"Ігристе Французький Бульвар Біле н/сух.0,75л",sht_delimyy,1.0,1.0,1.0,,6,OK,delimyy
5011013500703,"Хлібний Дар Еліт Лікер Шеріданс 0,5л (6)",sht_delimyy,1.0,1.0,1.0,6.0,6,OK,delimyy
2984670070199,Фінік Королівський Ізраіль,sht_delimyy,1.0,2.0,1.0,,6,OK,delimyy
5449000171351,"Швепс Мохіто 0,33л з/б",sht_delimyy,1.0,1.0,1.0,,6,OK,delimyy
4823077646355,Рошен Желе Ананас 78 гр,sht_delimyy,1.0,1.0,1.0,,6,OK,delimyy
7622202224430,Чіпси Люкс Паприка 125г,sht_delimyy,1.0,,1.0,,6,LOW_N,delimyy
4820232610121,Союз Посипка конд.Мережко Асорті 15г,sht_delimyy,1.0,3.0,1.0,,6,OK,delimyy
4820247142334,Ферма  Кабаноси зі Свинини з Чілі 40г 1шт,sht_delimyy,1.0,2.0,1.0,,6,OK,delimyy
4823077631856,Рошен Ваф.трубочки Канафето Кокос 140г,sht_delimyy,1.0,1.0,1.0,,6,OK,delimyy
4820017000260,"Вода Моршинська 0,5л слаб.",sht_delimyy,1.0,1.0,1.0,,6,OK,delimyy
4820154832960,Рошен Спеції Лимонна Кислота 100г,sht_delimyy,1.0,5.0,1.0,,6,OK,delimyy
4820250940897,"БІР Пиво Різдвяне 1,12л",sht_delimyy,1.0,6.0,1.0,,6,OK,delimyy
4823077824261,Рошен Цукерки Жел.Бонні-Фрут Ягід.мікс 200г,sht_delimyy,1.0,2.0,1.0,,6,OK,delimyy
4820252122611,"Шейки Пиво Преміум Хайсенберг 0,5л з/б(24)",sht_delimyy,1.0,5.0,1.0,,6,OK,delimyy
4820229032004,УДК Горілка Первак Домашній Пшеничний 1л (12),sht_delimyy,1.0,1.0,1.0,,6,OK,delimyy
8886300970043,Кава Петрівська Слобода Вишня (25)18г 1 шт,sht_delimyy,1.0,25.0,1.0,,6,OK,delimyy
8410702056670,"Дісна Вино Cola De Cometa Біле Сухе 0,75л",sht_delimyy,1.0,1.0,1.0,,6,OK,delimyy
4820236722462,"Артемівське Ігристе Брют 0,75л",sht_delimyy,1.0,2.0,1.0,,6,OK,delimyy
4820154833707,Рошен Суміш Прянощів Східна до Плову і Рису 25г,sht_delimyy,1.0,1.0,1.0,,6,OK,delimyy
4820183100146,"Грин Дей Вино Вілла Крим Піно Нуар н/с Червоне 0,75л (12)",sht_delimyy,1.0,1.0,1.0,,6,OK,delimyy
7622300313357,Шоколад Мілка Тоффі Цілий Горіх 300г,sht_delimyy,1.0,,1.0,,6,LOW_N,delimyy
4820097894537,Шейки Сидр Епс Солодкий 1л,sht_delimyy,1.0,1.0,1.0,,6,OK,delimyy
4823077649066,Рошен Какао-порошок 80г,sht_delimyy,1.0,1.0,1.0,,6,OK,delimyy
8887290145305,Кава Мак Кофе Згущене Молоко (20) 18г 1 шт,sht_delimyy,1.0,20.0,1.0,,6,OK,delimyy
4820236722486,"Артемівське Ігристе Н/Сухе Біле 0,75л",sht_delimyy,1.0,1.0,1.0,,6,OK,delimyy
4820250942662,"БІР Пиво Старопрамен Світле 0,45л",sht_delimyy,1.0,10.0,1.0,,6,OK,delimyy
4820177032767,Золоте Зерно Цукерки глаз.Пташине Молоко Крем-Какао з Лимоном 1кг,ves_plav,0.1,3.0,1.0,,6,OK,sales_stat
4820247141733,Ферма Кабаноси з М'яса Птиці 40г 1шт,sht_delimyy,1.0,1.0,1.0,,6,OK,delimyy
4820256582237,УДК Вино Алазанська Долина Авторське н/сол Червоне1л,sht_delimyy,1.0,1.0,1.0,,6,OK,delimyy
7622210308139,Шоколад Мілка Цілий Мигдаль 90г,sht_delimyy,1.0,,1.0,,6,LOW_N,delimyy
4820154830157,Рошен Спеції Перець Духм*яний 20г,sht_delimyy,1.0,2.0,1.0,,6,OK,delimyy
4820183980694,Маршмеллоу Тучки-Штучки 175г,sht_delimyy,1.0,1.0,1.0,,7,OK,delimyy
4820097893950,"Шейки Сидр Епс Солодкий 0,5л з/б",sht_delimyy,1.0,1.0,1.0,,7,OK,delimyy
4823077637889,Рошен Желе Ківі 78г,sht_delimyy,1.0,1.0,1.0,,7,OK,delimyy
4820154833356,Рошен Суміш Прянощів До М*яса 25г,sht_delimyy,1.0,2.0,1.0,,7,OK,delimyy
4820247143607,Ферма Кабаноси з М'яса Птиці з Крабом 60г 1шт,sht_delimyy,1.0,2.0,1.0,,7,OK,delimyy
7622300650339,Шоколад Мілка Молочний З Орео 100г,sht_delimyy,1.0,,1.0,,7,LOW_N,delimyy
8886300970005,Кава Петрівська Слобода Карамель (25) 18 гр 1 шт,sht_delimyy,1.0,25.0,1.0,,7,OK,delimyy
4823063127530,Напій Ліптон Чай Зелений 1л,sht_delimyy,1.0,1.0,1.0,,7,OK,delimyy
7622201786182,Шоколад Корона МФ Мармелад Вишня Карамель 150г,sht_delimyy,1.0,3.0,1.0,,7,OK,delimyy
4820193032451,"Оболонь Пиво Преміум Екстра Брю 0,5л з/б",sht_delimyy,1.0,1.0,1.0,,7,OK,delimyy
4820003684856,"Сік Джаффа Бананово-Полуничний 0,95л",sht_delimyy,1.0,1.0,1.0,,7,OK,delimyy
7622202041983,Шоколад Мілка Арахіс Карамель Повітряний Рис 276г,sht_delimyy,1.0,,1.0,,7,LOW_N,delimyy
7622210815446,Шоколад Корона Мол Горіх 85г,sht_delimyy,1.0,1.0,1.0,,7,OK,delimyy
4820231110820,Волхов Пряники з Повідлом Фірмові 400г,sht_delimyy,1.0,1.316,1.0,,7,OK,delimyy
4823077624247,Рошен Цукерки Жел.Бонні-Фрут Цитрус Мікс 200г,sht_delimyy,1.0,1.0,1.0,,7,OK,delimyy
7622210240200,Шоколад Мілка Молочний З Орео 300г,sht_delimyy,1.0,,1.0,,7,LOW_N,delimyy
4820250942860,"БІР Радлер Яблуко-М*ята 0,48л з/б",sht_delimyy,1.0,5.0,1.0,,7,OK,delimyy
4820212960079,Монжар Яйце з Сюрпризом Форсаж (24) Упаковка 24шт,sht_delimyy,1.0,1.0,1.0,,7,OK,delimyy
4006542078169,"Дісна Вино South Mile Chenin Blanc Біле Сухе 0,75л",sht_delimyy,1.0,2.0,1.0,,7,OK,delimyy
4823077632259,Рошен Батончик Мол-Шок з Арахісом 38г (180),sht_delimyy,1.0,3.0,1.0,,7,OK,delimyy
4820229031274,"УДК Горілка Хортиця Класична 0,5л",sht_delimyy,1.0,3.0,1.0,,7,OK,delimyy
4820270360552,Сигарети Кент Стік Скарлет Мікс 20шт,sht_delimyy,1.0,3.0,1.0,,7,OK,delimyy
4820247142570,Ферма Кабаноси зі Свинини 40г 1шт,sht_delimyy,1.0,1.0,1.0,,7,OK,delimyy
8000500003787,Цукерки Ферреро Рошер Т16,sht_delimyy,1.0,1.0,1.0,,7,OK,delimyy
4820252121850,"Шейки Сидр Епс Вишня 0,5л з/б",sht_delimyy,1.0,2.0,1.0,,7,OK,delimyy
4823077637926,Рошен Желе Лісова Ягода 78 гр,sht_delimyy,1.0,2.0,1.0,,7,OK,delimyy
4823077638459,Рошен Цукерки Юмі Гумі Банана Ленд 70г (22),sht_delimyy,1.0,1.0,1.0,,7,OK,delimyy
4820236722448,"Артемівське Ігристе Н/Сол(б.е.) Біле 0,75л",sht_delimyy,1.0,1.0,1.0,,7,OK,delimyy
4820256582817,"УДК Вино Алазанська Долина Алавері н/сол Біле 1,5л",sht_delimyy,1.0,2.0,1.0,,7,OK,delimyy
19230010208,Роганський МК Сардельки Богатирські в/с 1кг (1),ves_plav,0.1,1.076,1.0,1.0,7,OK,sales_stat
4820247141979,Ферма Кабаноси з М'яса Птиці з Сиром 40г 1шт,sht_delimyy,1.0,2.0,1.0,,7,OK,delimyy
4820055820851,"Себек Вода 0,5л газ",sht_delimyy,1.0,12.0,1.0,,7,OK,delimyy
8011510019781,"Дісна Вино Solo Corso Bianco Біле Сухе 0,75л",sht_delimyy,1.0,1.0,1.0,,7,OK,delimyy
5449000028976,"Спрайт 1,25л",sht_delimyy,1.0,1.0,1.0,,7,OK,delimyy
7622100543633,Сигарети Терея Варм Перл 20шт,sht_delimyy,1.0,5.0,1.0,,7,OK,delimyy
8852021001397,Аква Тунець для салатів 185гр,sht_delimyy,1.0,1.0,1.0,,7,OK,delimyy
4820046964533,"Броварня Пиво Чайка Черноморська 0,5л з/б",sht_delimyy,1.0,1.0,1.0,,8,OK,delimyy
8410261215006,"Вино Каппо Шираз Сухе Червоне 0,75л",sht_delimyy,1.0,1.0,1.0,,8,OK,delimyy
2978950015819,Агропром Тарілка 205 Андрекс 1 шт,sht_delimyy,1.0,100.0,1.0,,8,OK,delimyy
4823063128810,Чипси Лейз Макс Лобстер 95г,sht_delimyy,1.0,1.0,1.0,,8,OK,delimyy
7613031868063,"Нестле Корм Фріскіс Лосось,Овочі 300г",sht_delimyy,1.0,1.0,1.0,,8,OK,delimyy
2978950023876,Монжар Браслет З Цукеркою Соскою 8гр 1 шт,sht_delimyy,1.0,53.0,1.0,,8,OK,delimyy
4823077649639,Рошен Шоколад Лакмі Молочний з мигд.та кокос.кремом 84г,sht_delimyy,1.0,1.0,1.0,,8,OK,delimyy
2990076800582,Фольга 20 м,sht_delimyy,1.0,1.0,1.0,,8,OK,delimyy
8887290100953,Кава Мак Кофе Стронг (25) 16 гр 1 шт,sht_delimyy,1.0,18.0,1.0,,8,OK,delimyy
4820183100177,"Грин Дей Вино Вілла Крим Шевал*є Руж н/с Червоне 1,5л (6)",sht_delimyy,1.0,1.0,1.0,6.0,8,OK,delimyy
4823077637896,Рошен Желе Полуниця 78г,sht_delimyy,1.0,1.0,1.0,,8,OK,delimyy
4823077642463,Рошен Цукерки Жел.Юмі Гамі Карот Фарм 70г,sht_delimyy,1.0,2.0,1.0,,8,OK,delimyy
4823077636370,Рошен Цукерки Юмі Гумі Донатс 70 гр,sht_delimyy,1.0,2.0,1.0,,8,OK,delimyy
4823105402656,Верес Гірчиця Американська 120г,sht_delimyy,1.0,,1.0,,8,LOW_N,delimyy
5000267014203,"Хлібний Дар Еліт Віскі Johnnie Walker Red Label 0,7л",sht_delimyy,1.0,1.0,1.0,,8,OK,delimyy
8006220001669,"Вино Ігристе Міонетто Просеко Брют 11% 0,75л",sht_delimyy,1.0,1.0,1.0,,8,OK,delimyy
4820193036299,"Оболонь Пиво Кетен Бруг Брюн 0,5л з/б",sht_delimyy,1.0,1.0,1.0,,8,OK,delimyy
4823077643347,Рошен Шоколад Чорний з Цілим Мигдалем 90г,sht_delimyy,1.0,1.0,1.0,,8,OK,delimyy
2978950015567,Агропром Стакан Паперовий Малюнок 250 мл 1 шт,sht_delimyy,1.0,50.0,1.0,,8,OK,delimyy
8887290101509,Кава Мак Кофе Айріш Крем 18 гр (20) 1 шт,sht_delimyy,1.0,19.0,1.0,,8,OK,delimyy
48210317,Сигарети Кент Філ Вельвет 20шт,sht_delimyy,1.0,3.0,1.0,,8,OK,delimyy
8886300970067,Кава Петрівська Слобода Міцний (25) 20 гр 1 шт,sht_delimyy,1.0,25.0,1.0,,8,OK,delimyy
8887290101882,Кава Мак Кофе Французька Ваніль (20) 18г 1 шт,sht_delimyy,1.0,20.0,1.0,,9,OK,delimyy
4823077644979,Рошен Цукерки Жел.Юмі Гамі полуниця 70г,sht_delimyy,1.0,1.0,1.0,,9,OK,delimyy
4820000943956,"УДК Коньяк Шустов 3* 0,1л",sht_delimyy,1.0,3.0,1.0,,9,OK,delimyy
7622100821564,Сигарети Хітс Твайлайт Перл 20шт,sht_delimyy,1.0,10.0,1.0,,9,OK,delimyy
5901812690302,Бойчак  Фігурка Шок.Санта Клаус 60г,sht_delimyy,1.0,25.0,1.0,,9,OK,delimyy
4860019001353,"Мінеральна вода Боржомі 0,5л",sht_delimyy,1.0,1.0,1.0,,9,OK,delimyy
4823063130349,Чипси Лейз Ковбаски Чорізо та Цибулька 95г,sht_delimyy,1.0,1.0,1.0,,9,OK,delimyy
4823077646843,Рошен Цукерки Маршмеллоу 65г,sht_delimyy,1.0,2.0,1.0,,9,OK,delimyy
4820000191708,"Оболонь Пиво Оболонь Світле 0,5л",sht_delimyy,1.0,1.0,1.0,,9,OK,delimyy
7622100822639,Сигарети Хітс Камео 20шт,sht_delimyy,1.0,6.0,1.0,,9,OK,delimyy
4823077646935,Рошен Цукерки Маршмеллоу хербс 65г,sht_delimyy,1.0,2.0,1.0,,9,OK,delimyy
4823077639852,Рошен Батончик Мол-Шок Подвійний Горіх 39г,sht_delimyy,1.0,3.0,1.0,,9,OK,delimyy
8886300970050,Кава Петрівська Слобода Згущене Молоко (25) 18 гр 1 шт,sht_delimyy,1.0,25.0,1.0,,9,OK,delimyy
7622202043512,Шоколад Мілка Молочний З Орео 37г,sht_delimyy,1.0,,1.0,,9,LOW_N,delimyy
4823077636264,Рошен Цукерки Юмі Гумі Соу Белтс 70г,sht_delimyy,1.0,1.0,1.0,,9,OK,delimyy
4823003205618,Сигарети Честерфілд Блю 20шт,sht_delimyy,1.0,10.0,1.0,,9,OK,delimyy
6412709021776,"Горілка Фінляндія 0,7л",sht_delimyy,1.0,1.0,1.0,,9,OK,delimyy
7622202022845,"Гумка Дірол Ікс Фреш Свіжість Полуниці та Лайму 19,5г",sht_delimyy,1.0,,1.0,,9,LOW_N,delimyy
7622100818045,Сигарети Хітс Тропік 20шт,sht_delimyy,1.0,5.0,1.0,,9,OK,delimyy
4820050234516,"Гетьман Айс Горілка 0,5л",sht_delimyy,1.0,1.0,1.0,,9,OK,delimyy
7622201797942,Шоколад Корона МФ Мол з Мармеладом 150г,sht_delimyy,1.0,,1.0,,9,LOW_N,delimyy
4820192682503,Сигарети Лакі Страйк Ред 20шт,sht_delimyy,1.0,3.0,1.0,,10,OK,delimyy
7622100539834,Сигарети Терея Старлінг Перл 20шт,sht_delimyy,1.0,10.0,1.0,,10,OK,delimyy
4823077644764,Рошен Цукерки Юмі Гумі Watermelon 70г,sht_delimyy,1.0,2.0,1.0,,10,OK,delimyy
7622202224379,Чіпси Люкс Сир 125г,sht_delimyy,1.0,,1.0,,10,LOW_N,delimyy
4820163121925,"УДК Вино Ореанда Бастардо н/сол черв 0,75л",sht_delimyy,1.0,2.0,1.0,,10,OK,delimyy
5900497040754,Севен Ап 1л,sht_delimyy,1.0,2.0,1.0,,10,OK,delimyy
5449000030856,"Швепс Гранат 0,33л з/б",sht_delimyy,1.0,1.0,1.0,,10,OK,delimyy
4823077636356,Рошен Цукерки Юмі Гумі Галаксі Лайф 70г,sht_delimyy,1.0,2.0,1.0,,10,OK,delimyy
4820235322229,"Грин Дей Вино Віажио Дольчецца н/с Рожеве 0,75л (12)",sht_delimyy,1.0,1.0,1.0,,10,OK,delimyy
8886300990577,Чай Хілвей Екслюзів Зелений 25 шт (12),sht_delimyy,1.0,1.0,1.0,,10,OK,delimyy
4820179281767,"Медоф Ігристе Коктебель Муск.Біле н/с 0,75л",sht_delimyy,1.0,1.0,1.0,,10,OK,delimyy
5202795120030,"Алког.Напій Метакса 5* 0,5л",sht_delimyy,1.0,1.0,1.0,,10,OK,delimyy
7622100817017,Сигарети Хітс Сільвер 20шт,sht_delimyy,1.0,6.0,1.0,,10,OK,delimyy
8711000683057,Кава Якобз Кронат Крафтінг 100г,sht_delimyy,1.0,1.0,1.0,,10,OK,delimyy
4823077637919,Рошен Желе Апельсин 78 гр,sht_delimyy,1.0,1.0,1.0,,11,OK,delimyy
4823124601993,Хуторок Вермішель зі смаком Креветки 60г,sht_delimyy,1.0,5.0,1.0,,11,OK,delimyy
8886300970012,Кава Петрівська Слобода Лісовий Горіх (25) 18 гр 1 шт,sht_delimyy,1.0,25.0,1.0,,11,OK,delimyy
4820154830140,Рошен Спеції Перець Чорний Горошком 20г,sht_delimyy,1.0,5.0,1.0,,11,OK,delimyy
7622100815273,Сигарети Хітс Єлоу 20шт,sht_delimyy,1.0,2.0,1.0,,11,OK,delimyy
5011007015534,"Віскі Jameson 0,5л 40%",sht_delimyy,1.0,1.0,1.0,,11,OK,delimyy
4030600199657,Сигарети Вест Блю(8) 25шт,sht_delimyy,1.0,4.0,1.0,8.0,11,OK,delimyy
5011007003005,"Віскі Jameson 0,7л 40%",sht_delimyy,1.0,1.0,1.0,,11,OK,delimyy
4820154830133,Рошен Спеції Перець Чорний Мелений 20г,sht_delimyy,1.0,2.0,1.0,,11,OK,delimyy
4850015313093,"Коньяк Привітальний 5* 0,5л (6)",sht_delimyy,1.0,1.0,1.0,6.0,11,OK,delimyy
5900951014031,Марс  Корм Віскас Яловичина 300г,sht_delimyy,1.0,1.0,1.0,,11,OK,delimyy
7622100819349,Сигарети Хітс Рубі Фуз 20шт,sht_delimyy,1.0,4.0,1.0,,11,OK,delimyy
7622210786647,Шоколад Мілка Баблз Кокос 97г,sht_delimyy,1.0,,1.0,,11,LOW_N,delimyy
4823077646911,Рошен Цукерки Маршмеллоу Флуффі 65г,sht_delimyy,1.0,2.0,1.0,,11,OK,delimyy
4820024224994,"Грин Дей  Вино Віла Крим Каберне Черв.сух.0,75л",sht_delimyy,1.0,2.0,1.0,,11,OK,delimyy
7622210316363,Шоколад Корона МФ Мол Мармелад Печиво Карамель 38г,sht_delimyy,1.0,,1.0,,11,LOW_N,delimyy
5900951014093,Марс  Корм Віскас Тунець 300г,sht_delimyy,1.0,1.0,1.0,,11,OK,delimyy
4820235322533,"Грин Дей Горілка УкраЇнка 0,2л (20)",sht_delimyy,1.0,3.0,1.0,,11,OK,delimyy
4820192685412,Сигарети Кент Крістал Блю 20шт,sht_delimyy,1.0,3.0,1.0,,11,OK,delimyy
7622210815415,Шоколад Корона Мол Без Дод 85г,sht_delimyy,1.0,,1.0,,11,LOW_N,delimyy
3800020492765,Нестле Батончик Кіт Кат Чанкі Дабл Чок 42г,sht_delimyy,1.0,2.0,1.0,,12,OK,delimyy
2984670065713,"Сырье Борошно в/г, кг",sht_delimyy,1.0,,1.0,,12,LOW_N,
8005890806888,"Вино Пулія Фалангіна Сухе Біле 0,75л",sht_delimyy,1.0,1.0,1.0,,12,OK,delimyy
4030600253984,Сигарети Імперіал Классік Пурпл Мікс Компакт 20шт,sht_delimyy,1.0,3.0,1.0,,12,OK,delimyy
4820026892863,Білизна Калушанка 900г,sht_delimyy,1.0,5.0,1.0,,12,OK,delimyy
8886300990034,Чай Хілвей Роял Цейлон Чорний 100 гр (12),sht_delimyy,1.0,2.0,1.0,,12,OK,delimyy
4820212961663,Монжар Жув Цукер Тоффі Тайм Бан Мікс 20г(40шт),sht_delimyy,1.0,1.0,1.0,,12,OK,delimyy
4820000365871,Сигарети Жаде Блю 20шт,sht_delimyy,1.0,3.0,1.0,,12,OK,delimyy
4820001986167,Сигарети Ротманс Сільвер 20шт,sht_delimyy,1.0,5.0,1.0,,12,OK,delimyy
5410041435900,Крекер Тук Паприка 100г,sht_delimyy,1.0,,1.0,,12,LOW_N,delimyy
7622100821946,Сигарети Хітс Саммер 20шт,sht_delimyy,1.0,3.0,1.0,,12,OK,delimyy
2978950038979,Корм Гав Для Собак М*ясне Асорті (10) 1 кг,sht_delimyy,1.0,1.0,1.0,10.0,12,OK,delimyy
7312040017683,"Горілка Абсолют 0,7л",sht_delimyy,1.0,1.0,1.0,,12,OK,delimyy
7622210653031,Печиво Орео 95г,sht_delimyy,1.0,,1.0,,13,LOW_N,delimyy
8886300990096,Чай Хілвей Класичний Зелений 25 шт (24),sht_delimyy,1.0,1.0,1.0,,13,OK,delimyy
8886300990829,Чай Хілвей Голден Цейлон Чорний 100 гр (12),sht_delimyy,1.0,1.0,1.0,,13,OK,delimyy
4867616022613,"Дісна Ігристе Базалеті Біле н/сух.0,75л.",sht_delimyy,1.0,1.0,1.0,,13,OK,delimyy
8887290002141,Кава Мак Кофе Капучино з Темним Шок. (20) 25г 1шт,sht_delimyy,1.0,12.0,1.0,,13,OK,delimyy
4820154830232,Рошен Спеції Желатин 25г,sht_delimyy,1.0,5.0,1.0,,13,OK,delimyy
4820003833827,Папір туал.білий Обухів (4 шт),sht_delimyy,1.0,3.0,1.0,,13,OK,delimyy
7622202242144,Чіпси Люкс Краб 170г,sht_delimyy,1.0,2.0,1.0,,13,OK,delimyy
5099873089798,"Віскі Jack Daniels 40% 0,7л",sht_delimyy,1.0,1.0,1.0,,13,OK,delimyy
5099873046067,"Віскі Jack Daniels 40% 0,5л",sht_delimyy,1.0,1.0,1.0,,13,OK,delimyy
4823077636394,Рошен Цукерки Юмі Гумі Фанні Кола 70г,sht_delimyy,1.0,2.0,1.0,,13,OK,delimyy
8887290101608,Кава Мак Кофе Амаретто (20) 18г 1 шт,sht_delimyy,1.0,16.0,1.0,,13,OK,delimyy
5900497040891,Мірінда Апельсин 1л,sht_delimyy,1.0,5.0,1.0,,13,OK,delimyy
4820050234660,"Гетьман Айс Горілка 0,7л",sht_delimyy,1.0,1.0,1.0,,13,OK,delimyy
4820091143945,Бальзам для миття посуду Чистий Дім Гірчиця/Обліпиха 500мл,sht_delimyy,1.0,2.0,1.0,,13,OK,delimyy
4823077647437,Рошен Цукерки Юмі Гумі Fluffy Sheep 70г,sht_delimyy,1.0,1.0,1.0,,13,OK,delimyy
2978950014980,Кава Мак Кофе Шоколад (10) 20 гр 1 шт,sht_delimyy,1.0,1.0,1.0,10.0,13,OK,delimyy
4820210840564,"Прайм Горілка Старольвівська Пшенична 0,25л (24)",sht_delimyy,1.0,5.0,1.0,,13,OK,delimyy
7622300437848,Шоколад Мілка Полуниця Крем 90г,sht_delimyy,1.0,1.0,1.0,,14,OK,delimyy
5000299606728,"Віскі Баллантайнс Файнест 0,5л",sht_delimyy,1.0,1.0,1.0,,14,OK,delimyy
8005890805966,"Вино Монтепульчіано Д'Абруццо Сухе Червоне 0,75",sht_delimyy,1.0,1.0,1.0,,14,OK,delimyy
4820192687119,Сигарети Ротманс Демі Амбер 20шт,sht_delimyy,1.0,3.0,1.0,,14,OK,delimyy
4030600199688,Сигарети Вест Сільвер (8)25шт,sht_delimyy,1.0,3.0,1.0,8.0,14,OK,delimyy
4820256584804,УДК Напій Вин.Алазанка Авторська Черв н/сол 1л,sht_delimyy,1.0,1.0,1.0,,14,OK,delimyy
4820215367585,Корм Пауч Яловичина в Желе для Стерилізов Котів 80 гр (24),sht_delimyy,1.0,4.0,1.0,,14,OK,delimyy
7622100815334,Сигарети Хітс Туркус 20шт,sht_delimyy,1.0,10.0,1.0,,14,OK,delimyy
4820192683722,Сигарети Ротманс Роял Блю 25 шт,sht_delimyy,1.0,3.0,1.0,,14,OK,delimyy
4820215626682,Сигарети Нео Демі Рубі Буст 20шт,sht_delimyy,1.0,3.0,1.0,,14,OK,delimyy
4820001986174,Сигарети Ротманс Блю 20шт,sht_delimyy,1.0,3.0,1.0,,14,OK,delimyy
4820182221248,"Хлібний Дар Коньяк Аліко 5* 0,5л (12)",sht_delimyy,1.0,1.0,1.0,,14,OK,delimyy
2978950020943,Монжар Яйце з Сюрпризом Монстри (24) 1 шт,sht_delimyy,1.0,24.0,1.0,,14,OK,delimyy
4820073110064,Агропром Виделка (*10),sht_delimyy,1.0,1.0,1.0,,14,OK,delimyy
8000570467403,"Ресурс Вино Ігристе Мартіні Брют 11,5%0,75л",sht_delimyy,1.0,1.0,1.0,,14,OK,delimyy
5900951014055,Марс  Корм Віскас Курка 300г,sht_delimyy,1.0,1.0,1.0,,15,OK,delimyy
2978950014843,Монжар Яйце з Сюрпризом Зоо Планета (24) 1 шт,sht_delimyy,1.0,24.0,1.0,,15,OK,delimyy
4820000365895,Сигарети Жаде Розе 20шт,sht_delimyy,1.0,3.0,1.0,,15,OK,delimyy
7312040017072,"Горілка Absolut 0,5л 40%",sht_delimyy,1.0,1.0,1.0,,15,OK,delimyy
4820179282795,"Медоф Ігристе Коктебель Рож.н/с 0,75л",sht_delimyy,1.0,1.0,1.0,,15,OK,delimyy
4820229031991,"УДК Горілка Первак Домашній Пшеничний 0,7л (15)",sht_delimyy,1.0,1.0,1.0,,15,OK,delimyy
7622201762032,Батончик Пікнік Арахіс Пластівці Родзинки 48г,sht_delimyy,1.0,,1.0,,15,LOW_N,delimyy
8410261215020,"Вино Каппо Розе НапівСухе Рожеве 0,75л",sht_delimyy,1.0,1.0,1.0,,15,OK,delimyy
4030600333471,Сигарети Давідоф Блю 40шт,sht_delimyy,1.0,4.0,1.0,,15,OK,delimyy
5998711388935,Крекер Тук Сметана та Цибуля 100г,sht_delimyy,1.0,,1.0,,15,LOW_N,delimyy
8886300970036,Кава Петрівська Слобода Класичний (25) 20 гр 1 шт,sht_delimyy,1.0,25.0,1.0,,15,OK,delimyy
5010106113127,"Віскі Баллантайнс Файнест 0,7л",sht_delimyy,1.0,1.0,1.0,,15,OK,delimyy
8028257011466,Прошуто Negroni San Daniele нарізка 80г,sht_delimyy,1.0,1.0,1.0,,15,OK,delimyy
4823077638466,Рошен Цукерки Юмі Гумі Вишня 70г(22),sht_delimyy,1.0,2.0,1.0,,16,OK,delimyy
4820192687386,Сигарети Данхіл Бленд Голд 20шт,sht_delimyy,1.0,3.0,1.0,,16,OK,delimyy
7622202242175,Чіпси Люкс Сметана-Цибуля 170г,sht_delimyy,1.0,2.0,1.0,,16,OK,delimyy
4820192684590,Сигарети Кент Крістал Сільвер 20шт,sht_delimyy,1.0,3.0,1.0,,16,OK,delimyy
4820192684019,Сигарети Ротманс Нано Блю 20шт,sht_delimyy,1.0,3.0,1.0,,16,OK,delimyy
4030600310502,Сигарети Імперіал Классік Блю Компакт 20шт,sht_delimyy,1.0,3.0,1.0,,16,OK,delimyy
8007270000039,"Олія Оливкова Costa d`Oro Extra Virgin 0,5л",sht_delimyy,1.0,1.0,1.0,,16,OK,delimyy
4823000917514,Нестле Шоколад Світоч Молочн. Смак Полуничного Йогурта 90г,sht_delimyy,1.0,1.0,1.0,,17,OK,delimyy
2984670065065,Глінтвейн Стакан Гофрований 500мл,sht_delimyy,1.0,40.0,1.0,,17,OK,delimyy
4030600333372,Сигарети Давідоф Ред 40шт,sht_delimyy,1.0,4.0,1.0,,17,OK,delimyy
2978950041047,Монжар Мармелад Жувальний Полуниця-Ваниль 250г(33шт),sht_delimyy,1.0,1.0,1.0,,17,OK,delimyy
5053990182534,Чіпси Прінглс Sweet & Sticky Wings 165г,sht_delimyy,1.0,1.0,1.0,,17,OK,delimyy
7622300274801,Бісквіт Барні Шоколадний 30г,sht_delimyy,1.0,1.0,1.0,,17,OK,delimyy
4820235322328,"Грин Дей Вино Віажио Пьяццо Піано н/с Біле 0,75л (12)",sht_delimyy,1.0,1.0,1.0,,17,OK,delimyy
5099873001950,"Горілка Фінляндія Журавлина 0,5л",sht_delimyy,1.0,1.0,1.0,,17,OK,delimyy
2984670065072,Глінтвейн Кришка для Гофр.Сткана 500мл,sht_delimyy,1.0,40.0,1.0,,17,OK,delimyy
8886300990119,Чай Хілвей Зелений з Жасміном 25 шт,sht_delimyy,1.0,1.0,1.0,,17,OK,delimyy
7622210308122,Шоколад Мілка Цілий Лісовий Горіх 90г,sht_delimyy,1.0,,1.0,,17,LOW_N,delimyy
5099873001967,"Горілка Фінляндія Журавлина 37,5% 0,7л",sht_delimyy,1.0,1.0,1.0,,17,OK,delimyy
4820055821360,Себек Вода 2л негаз,sht_delimyy,1.0,1.0,1.0,,17,OK,delimyy
7622100537519,Сигарети Терея Твілайт Перл 20шт,sht_delimyy,1.0,10.0,1.0,,17,OK,delimyy
48209526,Сигарети Вог Ментол 20шт,sht_delimyy,1.0,1.0,1.0,,18,OK,delimyy
6412709021271,"Горілка Фінляндія 0,5л",sht_delimyy,1.0,1.0,1.0,,18,OK,delimyy
4820270360460,Сигарети Кент Стік Віолет Мікс 20шт,sht_delimyy,1.0,1.0,1.0,,18,OK,delimyy
2978950031321,Роганський МК Крильця По-Фермерські к/в в/с ВМК 1кг (1),ves_plav,0.1,0.9,1.0,1.0,18,OK,sales_stat
8005890806871,"Вино П'ємонт Барбера Сухе Червоне 0,75л",sht_delimyy,1.0,1.0,1.0,,18,OK,delimyy
4030600301944,Сигарети Давідоф Річ Блек 20шт,sht_delimyy,1.0,3.0,1.0,,18,OK,delimyy
4820215621014,Сигарети Нео Стікс Буст Скарлет 20шт,sht_delimyy,1.0,3.0,1.0,,18,OK,delimyy
8886300990048,Чай Хілвей Роял Цейлон Чорний 25 шт,sht_delimyy,1.0,1.0,1.0,,18,OK,delimyy
8714599106358,"Кава Якобз 3в1 Капучино 18,7гр",sht_delimyy,1.0,10.0,1.0,,18,OK,delimyy
7622202268069,Чіпси Люкс Сметана-Зелень 125г,sht_delimyy,1.0,,1.0,,18,LOW_N,delimyy
7622202224461,Чіпси Люкс Краб 125г,sht_delimyy,1.0,2.0,1.0,,18,OK,delimyy
7622300275143,Бісквіт Барні Молочний 30г,sht_delimyy,1.0,1.0,1.0,,19,OK,delimyy
4820192681810,Сигарети Ротманс Роял Демі Блю 20шт,sht_delimyy,1.0,3.0,1.0,,19,OK,delimyy
4030600310472,Сигарети Імперіал Классік Блю 25шт,sht_delimyy,1.0,3.0,1.0,,19,OK,delimyy
4820193720068,Рис Круглозерністий ХЦЗ 1кг,sht_delimyy,1.0,1.0,1.0,,19,OK,delimyy
8006540093764,Прокладки Олвейс Безпечна Ніч 24шт,sht_delimyy,1.0,1.0,1.0,,19,OK,delimyy
8886300990072,Чай Хілвей Чорний з Бергамотом 25 шт (12),sht_delimyy,1.0,1.0,1.0,,20,OK,delimyy
4820017295345,Золоте Зерно Кульки Мікс 75 гр,sht_delimyy,1.0,1.0,1.0,,20,OK,delimyy
4820192681834,Сигарети Ротманс Роял Ред 20шт,sht_delimyy,1.0,3.0,1.0,,20,OK,delimyy
8886300990768,Чай Хілвей Англійський до Сніданку Чорний 25 шт (12),sht_delimyy,1.0,1.0,1.0,,20,OK,delimyy
4820235322373,"Грин Дей Горілка УкраЇнка 0,5л",sht_delimyy,1.0,2.0,1.0,,21,OK,delimyy
4823124603485,Ковбаски Ля Філешка Кабаноси з М'яса Птиці з Сиром 40г,sht_delimyy,1.0,1.0,1.0,,21,OK,delimyy
5052197053401,Презервативи Durex Dual Extase 3шт,sht_delimyy,1.0,1.0,1.0,,21,OK,delimyy
4820105580292,Рукав для запікання 10 м,sht_delimyy,1.0,1.0,1.0,,21,OK,delimyy
4030600253526,Сигарети Вест Блум Мікс 20шт,sht_delimyy,1.0,3.0,1.0,,21,OK,delimyy
8076809523738,Макарони Барілла Ласажне без яйця 500г,sht_delimyy,1.0,1.0,1.0,,21,OK,delimyy
4820192684026,Сигарети Ротманс Нано Сільвер 20шт,sht_delimyy,1.0,3.0,1.0,,21,OK,delimyy
4820050233038,"Горілка Гетьман 0,5л",sht_delimyy,1.0,1.0,1.0,,22,OK,delimyy
8005890806895,"Вино Соаве Сухе Біле 0,75л",sht_delimyy,1.0,1.0,1.0,,22,OK,delimyy
7622202236419,Круасан Міді 7 Days Ваніль 60г,sht_delimyy,1.0,,1.0,,22,LOW_N,delimyy
4820235322304,"Грин Дей Вино Віажио Мамма Міа н/с Червоне 0,75л (12)",sht_delimyy,1.0,2.0,1.0,,22,OK,delimyy
4820182221675,"Хлібний Дар Коньяк Аліко 5* 0,25л (20)",sht_delimyy,1.0,1.0,1.0,,22,OK,delimyy
8445291573352,Нестле Кава Нескафе Капучино Айріш 14гр (20)Стік,sht_delimyy,1.0,19.0,1.0,,22,OK,delimyy
4823077636387,Рошен Цукерки Юмі Гумі Фізі Вормс 70г,sht_delimyy,1.0,1.0,1.0,,22,OK,delimyy
4820108004962,Презервативи Reflex Латексні з Сил.змазкою Classic 3шт,sht_delimyy,1.0,1.0,1.0,,22,OK,delimyy
4820021572890,Теплі Моря М*ясо Курки з Гірчицею Сол/Суш 40г,sht_delimyy,1.0,1.0,1.0,,22,OK,delimyy
4823077636349,Рошен Цукерки Юмі Гумі Міні Мішки Мікс 70г (22),sht_delimyy,1.0,2.0,1.0,,22,OK,delimyy
8711000524619,Кава Якобз Капучіно Лісовий Горіх та Какао 500г,sht_delimyy,1.0,1.0,1.0,,23,OK,delimyy
8887290109895,Кава Мак Кофе Карамель (20) 18гр Упаковка 20 шт,sht_delimyy,1.0,1.0,1.0,,23,OK,delimyy
4820232571125,Абрикос Сушений (Курага) (н.1) 500г,sht_delimyy,1.0,1.0,1.0,,23,OK,delimyy
8711000488225,Кава L`OR Espresso Caramel в капс.52г,sht_delimyy,1.0,1.0,1.0,,23,OK,delimyy
4820182062841,До Бочкового Арахіс Смажений в Оболочці Сир 1кг (5),sht_delimyy,1.0,0.798,1.0,5.0,24,OK,delimyy
8006540890066,Кондиціонер Для Білизни Ленор 850мл,sht_delimyy,1.0,1.0,1.0,,24,OK,delimyy
4823077629495,"Рошен  Шоколад Лакмі Молоч.Арахіс,Карамель з Арахіс Начинкою 295г",sht_delimyy,1.0,1.0,1.0,,24,OK,delimyy
4820256583036,"УДК Бренді Шустов-160 0,5л",sht_delimyy,1.0,1.0,1.0,,24,OK,delimyy
4820112368401,ХБФ Цукерки Коробочні Асорті Преміум 200г,sht_delimyy,1.0,1.0,1.0,,25,OK,delimyy
4820001728415,"Грин Дей Ігристе Вілла Крим н/с Рожеве 0,75л",sht_delimyy,1.0,1.0,1.0,,25,OK,delimyy
4860104150461,"Медоф Бренді Шато Кахеті 3* 0,1л (48)",sht_delimyy,1.0,3.0,1.0,,25,OK,delimyy
8711000488188,Кава L`OR Espresso Chocolat в капс.52г,sht_delimyy,1.0,1.0,1.0,,25,OK,delimyy
8711000417614,"Чай Піквік Фруктово-Трав*яний Асорті Варіація Блу 38,75г",sht_delimyy,1.0,2.0,1.0,,25,OK,delimyy
4820232610619,Союз Приправа До Сала Іріс 25г,sht_delimyy,1.0,2.0,1.0,,25,OK,delimyy
4820108005297,Інтим Гель-Змазка Durex 50мл,sht_delimyy,1.0,1.0,1.0,,26,OK,delimyy
4820004923916,"Хлібний Дар Ігристе Маренго Солодке Біле 0,75 л (6)",sht_delimyy,1.0,1.0,1.0,6.0,26,OK,delimyy
8000070012837,Кава Мелена Lavazza Espresso 250г,sht_delimyy,1.0,1.0,1.0,,26,OK,delimyy
5052197056068,Презервативи Durex Intense Orgasmic зі смаз.3шт,sht_delimyy,1.0,1.0,1.0,,26,OK,delimyy
4820275980137,Немирів Вино Ізабелла Чер.Н/Сол. 1л,sht_delimyy,1.0,2.0,1.0,,26,OK,delimyy
4850001921028,"Хлібний Дар Еліт Бренді Легенда Вірменії (4 роки) 0,5л (9)",sht_delimyy,1.0,1.0,1.0,9.0,27,OK,delimyy
7622202224409,Чіпси Люкс Бекон 125г,sht_delimyy,1.0,1.0,1.0,,27,OK,delimyy
7622202242205,Чіпси Люкс Сир 170г,sht_delimyy,1.0,1.0,1.0,,27,OK,delimyy
5053990182596,Чіпси Прінглс Green Curry 165гр,sht_delimyy,1.0,1.0,1.0,,28,OK,delimyy
4820024229074,"Грин Дей Вино Вілла Крим Трамінер Блан н/с Біле 0,75л",sht_delimyy,1.0,1.0,1.0,,28,OK,delimyy
8711000594117,"Чай Піквік Фруктово-Трав*яний Асорті Шматочки Ягід,Фруктів 20*1,875г",sht_delimyy,1.0,1.0,1.0,,28,OK,delimyy
2978950037804,Пакет БОПП 150мм*200мм*25мкм,sht_delimyy,1.0,,1.0,,28,OK,delimyy
4006067888250,Кава Мелена Tchibo Exclusive 250г,sht_delimyy,1.0,1.0,1.0,,28,OK,delimyy
8711000360552,Кава L`OR Lungo Elegante в капс.52г,sht_delimyy,1.0,1.0,1.0,,28,OK,delimyy
4820159542918,Освіжувач Повітря Econom Пітайа 300мл,sht_delimyy,1.0,1.0,1.0,,29,OK,delimyy
7622202285592,Чіпси Люкс Рифлені Лосось у Вершках 125г,sht_delimyy,1.0,2.0,1.0,,29,OK,delimyy
4823000920453,Нестле Шоколад Світоч Авторський Чорний Класичний 85г,sht_delimyy,1.0,1.0,1.0,,29,OK,delimyy
7622202224492,Чіпси Люкс Сметана-Цибуля 125г,sht_delimyy,1.0,1.0,1.0,,30,OK,delimyy
8000070035980,Кава Мелена Lavazza Qualita Rossa 250г,sht_delimyy,1.0,1.0,1.0,,30,OK,delimyy
4820154371681,Алексис Ікра Лососева Тихоокеанська 100г з/б,sht_delimyy,1.0,1.0,1.0,,30,OK,delimyy
4850001921622,"Хлібний Дар Еліт Бренді Легенда Вірменії (3 роки) 0,5л (12)",sht_delimyy,1.0,1.0,1.0,,30,OK,delimyy
4823077634369,Рошен Шоколад Лакмі Молоч.Пористий з Молоч.Начинкою з Кріспі 85г (17),sht_delimyy,1.0,1.0,1.0,,31,OK,delimyy
5060040302552,Презервативи Contex Classik 12шт,sht_delimyy,1.0,1.0,1.0,,31,OK,delimyy
7622210308092,Шоколад Мілка Без Дод 90г,sht_delimyy,1.0,,1.0,,31,LOW_N,delimyy
2984670068318,Бойчак  Фігурка Шок.Санта Клаус 40г(38шт),sht_delimyy,1.0,1.0,1.0,,32,OK,delimyy
7622202267949,Чіпси Люкс Рифлені Зі Смаком Лисичок 125г,sht_delimyy,1.0,1.0,1.0,,32,OK,delimyy
2984670062088,Теплі Моря М*ясо Курки Брушетта Томате Сол/Суш 36г,sht_delimyy,1.0,2.0,1.0,,32,OK,delimyy
8594405101537,"Хлібний Дар Еліт Лікер Becherovka 0,5л",sht_delimyy,1.0,1.0,1.0,,32,OK,delimyy
4820270363058,Безтютюн.Нікотин.Под.VELO Blushy Berry Інтенсивний (А),sht_delimyy,1.0,1.0,1.0,,33,OK,delimyy
7622202267918,Чіпси Люкс Сир 105г,sht_delimyy,1.0,,1.0,,33,LOW_N,delimyy
5201360521210,Круасан Міді 7 Days Какао 60г,sht_delimyy,1.0,1.0,1.0,,33,OK,delimyy
8887290146609,Кава Мак Кофе Арабіка 280г,sht_delimyy,1.0,1.0,1.0,,34,OK,delimyy
4820232570586,Манго Сушене 500г,sht_delimyy,1.0,1.0,1.0,,34,OK,delimyy
8076802085738,Макарони Барілла Пенне Рігате н.73 500г,sht_delimyy,1.0,1.0,1.0,,34,OK,delimyy
4820232610015,Союз Посипка конд.Мережко Драже 15г,sht_delimyy,1.0,2.0,1.0,,35,OK,delimyy
8711000687994,Кава Якобз Кронат Голд (пакет) 100 гр,sht_delimyy,1.0,1.0,1.0,,36,OK,delimyy
5053990182862,Чіпси Прінглс Cream Cheese & Herbs 165гр,sht_delimyy,1.0,1.0,1.0,,36,OK,delimyy
2978950003687,Агропром Стакан Пластик 100 мл,sht_delimyy,1.0,1.0,1.0,,36,OK,delimyy
4823063125390,Чипси Лейз Бекон 60г,sht_delimyy,1.0,1.0,1.0,,37,OK,delimyy
4820206213075,Дезодорант Ameleda Спорт д/чол 50г,sht_delimyy,1.0,1.0,1.0,,38,OK,delimyy
2984670068141,ХБФ Подарунок Святковий Годинник 310гр,sht_delimyy,1.0,1.0,1.0,,38,OK,delimyy
8711000357934,Кава L`OR Espresso Forza в капс.52г,sht_delimyy,1.0,1.0,1.0,,38,OK,delimyy
4823063125352,Чипси Лейз Сир 60г,sht_delimyy,1.0,1.0,1.0,,38,OK,delimyy
4820182062766,До Бочкового Арахіс Смажений в Оболочці Васабі 1кг (5),sht_delimyy,1.0,0.268,1.0,5.0,38,OK,delimyy
2984670056551,Пакет Подарунковий Під Пляшку,sht_delimyy,1.0,3.0,1.0,,39,OK,delimyy
4820235324346,"Грин Дей Настоянка Зелений День Пекучі Спеції 0,5л",sht_delimyy,1.0,1.0,1.0,,39,OK,delimyy
4820026140094,Крем для рук Силіконовий 100мл,sht_delimyy,1.0,1.0,1.0,,40,OK,delimyy
4823063125239,Чипси Лейз Сметана-Зелень 60г,sht_delimyy,1.0,1.0,1.0,,40,OK,delimyy
2984670073756,Риба Філе Оселедця с/с вагове 1кг,ves_plav,0.1,3.0,1.0,,40,OK,sales_stat
820212960727,Монжар Шоколадна Фігурка Дід Мороз 30г(Упаковка) 24 шт,sht_delimyy,1.0,1.0,1.0,,40,OK,delimyy
5060207692564,Чай Грейс Голден Цейлон 50г(2г*25п),sht_delimyy,1.0,1.0,1.0,,40,OK,delimyy
8010146008336,Помідори Вітторія цілі з/б 400г,sht_delimyy,1.0,1.0,1.0,,41,OK,delimyy
4820232610145,Союз Посипка конд.Мережко Асорті Преміум 20г,sht_delimyy,1.0,2.0,1.0,,41,OK,delimyy
4820212960086,Монжар Яйце з Сюрпризом Барбелла Упаковка 24шт,sht_delimyy,1.0,1.0,1.0,,41,OK,delimyy
2984670064570,"Монжар Жуйка Зомбі 3,5г (200шт)",sht_delimyy,1.0,1.0,1.0,,41,OK,delimyy
4820235322663,"Грин Дей Горілка УкраЇнка 0,1л",sht_delimyy,1.0,1.0,1.0,,41,OK,delimyy
7638900437461,Батарейки Енерджайзер Макс Плюс ААА 4 шт,sht_delimyy,1.0,1.0,1.0,,41,OK,delimyy
4823063125376,Чипси Лейз Сир 120г,sht_delimyy,1.0,3.0,1.0,,42,OK,delimyy
8436543752502,Хамон Subirats Jamon Serrano нарізка 100г,sht_delimyy,1.0,1.0,1.0,,43,OK,delimyy
8711000564363,"Чай Піквік Чорний Полуниця (20*1,5г)",sht_delimyy,1.0,1.0,1.0,,43,OK,delimyy
2984670057862,"Розпалювач Гелевий 0,3л",sht_delimyy,1.0,1.0,1.0,,43,OK,delimyy
4823088407556,ХБФ Цукерки Коконат Мілк 1кг,ves_fix,1.0,1.0,1.0,,44,OK,sales_stat
4820215627610,Сигарети Кент Стік Брідж Тобакко,sht_delimyy,1.0,2.0,1.0,,44,OK,delimyy
8711000684566,"Чай Піквік Фруктово-Трав*яний Кориця,Слива,Ваниль (20*2г)",sht_delimyy,1.0,1.0,1.0,,44,OK,delimyy
4820286440125,Гермес Рамен Локшина з Кімчі з Соусом Гладс 105г,sht_delimyy,1.0,2.0,1.0,,44,OK,delimyy
2984670068134,ХБФ Подарунок Санта з Дітьми 500гр,sht_delimyy,1.0,1.0,1.0,,44,OK,delimyy
4820182221682,"Хлібний Дар Коньяк Аліко 3* 0,25л",sht_delimyy,1.0,2.0,1.0,,44,OK,delimyy
4823063127462,Чипси Лейз М*ясна Пательня з Грибами 120г,sht_delimyy,1.0,1.0,1.0,,44,OK,delimyy
7622100542414,Сигарети Терея Сіена 20шт,sht_delimyy,1.0,2.0,1.0,,45,OK,delimyy
8000070038868,Кава Мелена Lavazza Crema&Gusto 250г,sht_delimyy,1.0,1.0,1.0,,45,OK,delimyy
5060040300145,Презервативи Contex Classik 3шт,sht_delimyy,1.0,1.0,1.0,,45,OK,delimyy
5052197049589,Презервативи Durex Invisible Ультратонкі 3шт,sht_delimyy,1.0,1.0,1.0,,46,OK,delimyy
4820179257489,Гермес Приправа Українська Реева 60гр,sht_delimyy,1.0,1.0,1.0,,46,OK,delimyy
8001841996820,Шампунь ХШ Полегшення свербіння 300мл,sht_delimyy,1.0,1.0,1.0,,46,OK,delimyy
8887290146586,Кава Мак Кофе Голд 280г,sht_delimyy,1.0,1.0,1.0,,47,OK,delimyy
4820268610799,"Медоф Напій Лонгміксер Секс на Пляжі 0,33л",sht_delimyy,1.0,5.0,1.0,,47,OK,delimyy
5010232954236,Презервативи Durex Elite Тонкі 3шт,sht_delimyy,1.0,1.0,1.0,,47,OK,delimyy
4820232610664,Союз Приправа До Риби Іріс 25г,sht_delimyy,1.0,2.0,1.0,,47,OK,delimyy
7638900437300,Батарейки Енерджайзер Макс Плюс АА 4 шт,sht_delimyy,1.0,1.0,1.0,,47,OK,delimyy
7622100824480,Сигарети Терея Рубі Фюз 20шт,sht_delimyy,1.0,2.0,1.0,,48,OK,delimyy
8714599203248,"Чай Піквік Чорний Асорті Яблуко Персик Апельсин Смородина(20*1,5г)",sht_delimyy,1.0,1.0,1.0,,48,OK,delimyy
4820154371582,Алексис Ікра Лососева Морехід 80г з/б,sht_delimyy,1.0,1.0,1.0,,48,OK,delimyy
4820139831889,"Вугілля 2,5 кг",sht_delimyy,1.0,1.0,1.0,,48,OK,delimyy
8002915006070,"Немирів Ігристе Фраголіно Бьянко Фіореллі 0,25 з/б",sht_delimyy,1.0,2.0,1.0,,48,OK,delimyy
8886300970128,Кава Петрівська Слобода Вишня (25)18г Упаковка 25 шт,sht_delimyy,1.0,1.0,1.0,,48,OK,delimyy
4820206290083,Кава Якобз Монарх Без Кофеїну 60г,sht_delimyy,1.0,1.0,1.0,,49,OK,delimyy
48200718411,"УДК Ігристе Ореанда н/с біле 0,75л (12)",sht_delimyy,1.0,1.0,1.0,,49,OK,delimyy
8000070012783,Кава Мелена Lavazza Qualita Oro 250г,sht_delimyy,1.0,1.0,1.0,,49,OK,delimyy
4820256582350,УДК Вино Каберне Авторське 1л,sht_delimyy,1.0,1.0,1.0,,49,OK,delimyy
8076802085981,Макарони Барілла 98 Фусіллі Спіраль 500г,sht_delimyy,1.0,1.0,1.0,,49,OK,delimyy
5000289929417,Хлібний Дар Еліт Джин Gordon`s Premium Pink 0.7л,sht_delimyy,1.0,1.0,1.0,,49,OK,delimyy
5414145034854,"Немирів Напій на Осн.Рому Mad Kaper Блек Спайсед 35% 0,7л",sht_delimyy,1.0,1.0,1.0,,50,OK,delimyy
4860008192987,"Немирів Бренді Марнавелі 3*0,5л",sht_delimyy,1.0,1.0,1.0,,50,OK,delimyy
2984670062095,Теплі Моря М*ясо Курки Класичне Сол/Суш 40г,sht_delimyy,1.0,1.0,1.0,,50,OK,delimyy
4820182222313,"Хлібний Дар Бренді Аліко 3* 0,5л (12)",sht_delimyy,1.0,1.0,1.0,,51,OK,delimyy
2984670060732,Крупа Булгур ХЦЗ 1кг,sht_delimyy,1.0,1.0,1.0,,51,OK,delimyy
48211925,Сигарети Давідоф Річ Фокус Сільвер 20шт,sht_delimyy,1.0,3.0,1.0,,51,OK,delimyy
2978950035633,Монжар Жувальна Цукерка Лімбо Асорті (40шт),sht_delimyy,1.0,1.0,1.0,,51,OK,delimyy
8887290146135,Кава Мак Кофе Арабіка 120г,sht_delimyy,1.0,1.0,1.0,,52,OK,delimyy
4823077629136,Рошен Шоколад Лакмі Молочний 90 гр,sht_delimyy,1.0,2.0,1.0,,52,OK,delimyy
4823077640377,Рошен  Вафельні Батончик Рошетто Горіх 34г,sht_delimyy,1.0,4.0,1.0,,52,OK,delimyy
4820235323288,"Грин Дей Настойка Українка Червона Калина 0,5л",sht_delimyy,1.0,1.0,1.0,,52,OK,delimyy
4823077639579,Рошен  Шоколад Лакмі Молоч.Полуничне Тістечко 275г,sht_delimyy,1.0,1.0,1.0,,53,OK,delimyy
2984670068127,ХБФ Подарунок Новорічна Вишиванка 405гр,sht_delimyy,1.0,1.0,1.0,,53,OK,delimyy
4823063125314,Чипси Лейз Краб 120г,sht_delimyy,1.0,1.0,1.0,,53,OK,delimyy
4033033417039,Тест-Смужка Evitest One д/визн.вагітн.1шт,sht_delimyy,1.0,1.0,1.0,,54,OK,delimyy
8711000684160,"Чай Піквік Зелений зі Шматочками Фруктів 30г(20*1,5г)",sht_delimyy,1.0,1.0,1.0,,54,OK,delimyy
4820182781605,Піна Для Гоління Орігінал Зефір,sht_delimyy,1.0,1.0,1.0,,54,OK,delimyy
4823105806041,АВК Сендвіч Brunch із Сиром Чеддер 47г,sht_delimyy,1.0,1.0,1.0,,55,OK,delimyy
2984670062644,"Вугілля Віноградов з Деревини 1,2кг",sht_delimyy,1.0,1.0,1.0,,55,OK,delimyy
7638900247893,Батарейки Енерджайзер Павер ААА 4 шт,sht_delimyy,1.0,1.0,1.0,,55,OK,delimyy
4820189943822,Союз Соус Сацебелі МакМай скло 430г,sht_delimyy,1.0,1.0,1.0,,55,OK,delimyy
4820194760070,Свіфт Шампіньони Цілі Хатка-Грядка 314мл,sht_delimyy,1.0,1.0,1.0,,56,OK,delimyy
2978950039631,Агропром Скатертина 120*200 фасована,sht_delimyy,1.0,1.0,1.0,,57,OK,delimyy
4820137173608,Гермес Соус Гуляй Поле Часниковий д/п 180гр,sht_delimyy,1.0,1.0,1.0,,57,OK,delimyy
5060040300114,Презервативи Contex Lighs 3шт,sht_delimyy,1.0,1.0,1.0,,57,OK,delimyy
4820004921370,"Хлібний Дар Вино Коблево Баккара 0,75 л",sht_delimyy,1.0,1.0,1.0,,58,OK,delimyy
4823105806966,АВК Цукерки Шерідан Шоколадний Смак 1кг,ves_fix,1.0,1.0,1.0,,58,OK,sales_stat
8008820167127,"Хлібний Дар Напій Винний Маренго Фраголіно 0,75л",sht_delimyy,1.0,1.0,1.0,,59,OK,delimyy
2984670062651,"Вугілля Віноградов з Деревини Фруктове 1,2кг",sht_delimyy,1.0,1.0,1.0,,59,OK,delimyy
5010232954250,Презервативи Durex Classik 3шт,sht_delimyy,1.0,1.0,1.0,,61,OK,delimyy
2978950041030,Монжар Мармеладний Жувальний Ремінець 250гр(76шт),sht_delimyy,1.0,1.0,1.0,,61,OK,delimyy
8711000684108,"Чай Піквік Фруктово-Трав*яний Асорті (20*1,875г)",sht_delimyy,1.0,1.0,1.0,,61,OK,delimyy
7638900246599,Батарейки Енерджайзер Павер АА 4 шт,sht_delimyy,1.0,1.0,1.0,,61,OK,delimyy
4820215364560,Корм Мяу М*ясо 300г (21),sht_delimyy,1.0,1.0,1.0,,61,OK,delimyy
5997100024614,"Чай Піквік Чорний Персик (20*1,5г)",sht_delimyy,1.0,1.0,1.0,,62,OK,delimyy
4820189944430,Союз Заправка МакМай Для Борща д/п 220г,sht_delimyy,1.0,1.0,1.0,,62,OK,delimyy
4820024225823,"Грин Дей Горілка Хельсінкі Зимова Столиця 0,5л",sht_delimyy,1.0,1.0,1.0,,63,OK,delimyy
8076800195057,Макарони Барілла Спагетті 500г,sht_delimyy,1.0,1.0,1.0,,63,OK,delimyy
5038342511446,"Дісна Віскі Спікер 0,5л",sht_delimyy,1.0,1.0,1.0,,63,OK,delimyy
4823063125253,Чипси Лейз Сметана-Зелень 120г,sht_delimyy,1.0,1.0,1.0,,63,OK,delimyy
4823077633515,Рошен  Вафельні Батончик Рошетто Мілк 34 гр,sht_delimyy,1.0,2.0,1.0,,64,OK,delimyy
4823001604352,Лак Для Волос Леда сил/фік. 160мл,sht_delimyy,1.0,1.0,1.0,,64,OK,delimyy
8887290146128,Кава Мак Кофе Голд 120г,sht_delimyy,1.0,1.0,1.0,,65,OK,delimyy
4823077634345,Рошен  Цукерки Крок з Арахісовою Пастою 1кг,ves_fix,1.0,1.0,1.0,,65,OK,sales_stat
8711000684191,Чай Піквік Зелений з Лемонграсом та Цедрою Лимона 20*2г,sht_delimyy,1.0,1.0,1.0,,65,OK,delimyy
4820182222306,"Хлібний Дар Бренді Аліко 3* 0,25л",sht_delimyy,1.0,1.0,1.0,,66,OK,delimyy
8010146006363,Оливки Зелені Вітторія пакет 250 г,sht_delimyy,1.0,1.0,1.0,,66,OK,delimyy
8008820167080,"Хлібний Дар Ігристе Маренго Ламбруско Емілія Бьянко 0,75л",sht_delimyy,1.0,1.0,1.0,,67,OK,delimyy
5053990179534,Чіпси Прінглс Steak Fries 165гр,sht_delimyy,1.0,1.0,1.0,,67,OK,delimyy
8801038601366,Бритва Dorco Одноразова 4шт,sht_delimyy,1.0,1.0,1.0,,67,OK,delimyy
4822010145719,Кузя Сервіс Серветка Мікрофібра д/скла 30*30см,sht_delimyy,1.0,1.0,1.0,,68,OK,delimyy
8693323427030,Монжар Мармелад Жувальний Юмі Гумі Rainbow 1200гр(130шт),sht_delimyy,1.0,1.0,1.0,,69,OK,delimyy
4820079692786,Алексис Крупа Булгур 700г,sht_delimyy,1.0,1.0,1.0,,69,OK,delimyy
8887290146111,Кава Мак Кофе Арабіка 60г,sht_delimyy,1.0,1.0,1.0,,69,OK,delimyy
4823118600797,Чай Шерлок Earl Grey 50гр,sht_delimyy,1.0,1.0,1.0,,72,OK,delimyy
7613035352346,Нестле Корм Фріскіс д/стер.Лосось/Овочі 270г,sht_delimyy,1.0,1.0,1.0,,72,OK,delimyy
4820181190242,Золоте Зерно Пряник Житній 350г,sht_delimyy,1.0,1.0,1.0,,72,OK,delimyy
4820201990797,"Прайм Горілка Класична 0,1л",sht_delimyy,1.0,5.0,1.0,,72,OK,delimyy
4820149827322,"Комо ТМ Канів 1971 Масло Екстра 82,5% 180г",sht_delimyy,1.0,1.0,1.0,,74,OK,delimyy
4820127650713,Риба Філе Оселедця в Томаті 500г,sht_delimyy,1.0,1.0,1.0,,74,OK,delimyy
4820179257199,Гермес Макарони Метелики Реева 400гр,sht_delimyy,1.0,1.0,1.0,,74,OK,delimyy
2978950039662,Агропром Соломка Для Коктейля (*100),sht_delimyy,1.0,1.0,1.0,,75,OK,delimyy
8887290146104,Кава Мак Кофе Голд 60г,sht_delimyy,1.0,1.0,1.0,,75,OK,delimyy
4823077642746,"Рошен  Шоколад Лакмі Молоч.Арахіс,Карамель з Арахіс Начинкою 87г",sht_delimyy,1.0,1.0,1.0,,75,OK,delimyy
8887290130486,Кава Мак Кофе Голд (30) 2г,sht_delimyy,1.0,1.0,1.0,,76,OK,delimyy
4820048481199,Рукав Для Запікання ФБ 5м,sht_delimyy,1.0,1.0,1.0,,76,OK,delimyy
4820182222207,"Хлібний Дар Бренді Коблево 5*0,25л",sht_delimyy,1.0,1.0,1.0,,76,OK,delimyy
4823000920415,Нестле Шоколад Світоч Авторський Чорний Екстра 85г,sht_delimyy,1.0,1.0,1.0,,77,OK,delimyy
8000570435402,"Ресурс Вино Ігристе Мартіні Асті 0,75л",sht_delimyy,1.0,1.0,1.0,,78,OK,delimyy
4820189943228,Союз Заправка МакМай Для Борща д/п 270г,sht_delimyy,1.0,1.0,1.0,,78,OK,delimyy
4823077646218,Рошен  Шоколад Лакмі Молочний Біг Біт 200г,sht_delimyy,1.0,3.0,1.0,,78,OK,delimyy
4820079690171,Алексис Крупа Кукурудзяна 800г,sht_delimyy,1.0,1.0,1.0,,79,OK,delimyy
4820182222214,"Хлібний Дар Бренді Коблево 5*0,5л",sht_delimyy,1.0,1.0,1.0,,79,OK,delimyy
8680861069280,Монжар Жуйка Турбо Банка Упаковка 300 шт,sht_delimyy,1.0,1.0,1.0,,80,OK,delimyy
4823118603422,Чай ТрипілСонце Цейлон 180г,sht_delimyy,1.0,1.0,1.0,,80,OK,delimyy
2978950003717,Агропром Стакан Пластик 300 мл Упаковка 50 шт,sht_delimyy,1.0,1.0,1.0,,80,OK,delimyy
4820120801129,"Ресурс Напій б/алк с/газ Персик 0,75л",sht_delimyy,1.0,1.0,1.0,,80,OK,delimyy
4820137173578,Гермес Соус Гуляй-Поле Грибний д/п 180гр,sht_delimyy,1.0,1.0,1.0,,81,OK,delimyy
4820270362846,Безтютюн.Нікотин.Под.VELO Spiffy Spearmint М*який (А),sht_delimyy,1.0,1.0,1.0,,82,OK,delimyy
7613036648028,Нестле Заправка Торчин Паприка 220г,sht_delimyy,1.0,1.0,1.0,,82,OK,delimyy
4820289450251,"Мило Рідке Cleon Optima Лимон 0,5л",sht_delimyy,1.0,1.0,1.0,,84,OK,delimyy
8008820167387,"Хлібний Дар Ігристе Маренго Кюве Слуманте Брют 0,75л",sht_delimyy,1.0,1.0,1.0,,85,OK,delimyy
4820179257175,Гермес Макарони Вермішель Реева 400гр,sht_delimyy,1.0,1.0,1.0,,85,OK,delimyy
8006540207628,"Капсули Аріель Колор 10 шт*19,7гр",sht_delimyy,1.0,1.0,1.0,,85,OK,delimyy
4823077633591,Рошен  Цукерки Монблан Цілий Лісовий Горіх 1 кг,ves_fix,1.0,0.986,1.0,,86,OK,sales_stat
4820212961854,Монжар Жуйка Куул Фреш Кавун 4гр (100 шт) упаковка 100 шт,sht_delimyy,1.0,1.0,1.0,,86,OK,delimyy
2978950005797,Монжар Драже Тубус Веселка (24) Упаковка 24 шт,sht_delimyy,1.0,1.0,1.0,,86,OK,delimyy
8000570552505,"Ресурс Вино Ігристе Мартіні Просеко 0,75л",sht_delimyy,1.0,1.0,1.0,,87,OK,delimyy
4820120801136,"Ресурс Напій б/алк с/газ Полуниця 0,75л",sht_delimyy,1.0,1.0,1.0,,87,OK,delimyy
5060207692632,Чай Грейс Голден Цейлон 100г,sht_delimyy,1.0,1.0,1.0,,88,OK,delimyy
8006063002359,"Немирів Джин Кінгдом Лондон 38% 0,7л",sht_delimyy,1.0,1.0,1.0,,88,OK,delimyy
4823077639449,Рошен Батончик Мол-Шок з Кокос-Мигдаль 38г(180),sht_delimyy,1.0,2.0,1.0,,90,OK,delimyy
5053990175826,Чіпси Прінглс Kickin Sour Cream 160гр,sht_delimyy,1.0,1.0,1.0,,91,OK,delimyy
4823071646863,Серветка Волога Екстрат Алое з клапоном 84шт,sht_delimyy,1.0,1.0,1.0,,91,OK,delimyy
4823093700437,"Коньяк Алекс Золотий 5* 0,5л",sht_delimyy,1.0,1.0,1.0,,93,OK,delimyy
5010327000404,"Віскі Бленд Грантс Триплвуд 0,7л",sht_delimyy,1.0,1.0,1.0,,93,OK,delimyy
8714599101728,Кава Якобз Монарх Крема 60г,sht_delimyy,1.0,1.0,1.0,,93,OK,delimyy
5060207699907,Чай Грейс Високогірний 2г*27пак,sht_delimyy,1.0,1.0,1.0,,94,OK,delimyy
5060207692649,Чай Грейс Бергамот 100гр,sht_delimyy,1.0,1.0,1.0,,94,OK,delimyy
4820188110638,"Дісна Вино Вардіані Тбілісурі Біле н/сухе 0,75л",sht_delimyy,1.0,1.0,1.0,,96,OK,delimyy
5060207692571,Чай Грейс Бергамот (20пак*2г)50г,sht_delimyy,1.0,1.0,1.0,,96,OK,delimyy
5000265001328,"Хлібний Дар Еліт Віскі White Horse 0,7л",sht_delimyy,1.0,1.0,1.0,,97,OK,delimyy
4820289450213,Засіб Для Миття Посуду Cleon Яблуко 1л,sht_delimyy,1.0,1.0,1.0,,98,OK,delimyy
4820270930618,Монжар Жувальна Цукерка Шокер Тропік (50шт),sht_delimyy,1.0,1.0,1.0,,99,OK,delimyy
5060846022890,Чай Еврідей Грей 2г*20пак,sht_delimyy,1.0,1.0,1.0,,100,OK,delimyy
5010278100710,"Лікер Джім Бім Ред Стадж(Вишня) 0,7л",sht_delimyy,1.0,1.0,1.0,,101,OK,delimyy
5060846023750,Чай Еврідей Грін 2г*20пак,sht_delimyy,1.0,1.0,1.0,,101,OK,delimyy
4823077638824,Рошен  Шоколад Лакмі Молоч.Мигдаль Кокос 280г,sht_delimyy,1.0,1.0,1.0,,101,OK,delimyy
5901806003026,Бойчак  Шоколад Альпинелла Арахіс 90г,sht_delimyy,1.0,2.0,1.0,,102,OK,delimyy
4820270364253,Безтютюн.Нікотин.Под.VELO Cherry Ice Класич.,sht_delimyy,1.0,1.0,1.0,,103,OK,delimyy
7613035444256,Нестле Кава Нескафе Голд 30 гр,sht_delimyy,1.0,1.0,1.0,,104,OK,delimyy
4820078577978,"Рома Олія Соняшникова Стожар 0,85л",sht_delimyy,1.0,1.0,1.0,,106,OK,delimyy
4820137173585,Гермес Соус Гуляй-Поле Сирний д/п 180гр,sht_delimyy,1.0,1.0,1.0,,106,OK,delimyy
8445291660120,Нестле Кава Нескафе Класік 100г,sht_delimyy,1.0,1.0,1.0,,106,OK,delimyy
8887290109871,Кава Мак Кофе Французька Ваніль (20) 18г Упаковка 20 шт,sht_delimyy,1.0,1.0,1.0,,108,OK,delimyy
4820210842872,"Медоф Настоянка Калганоф ""З Віскі"" 0,5л",sht_delimyy,1.0,1.0,1.0,,108,OK,delimyy
4820179110982,Кузя Сервіс Плівка Харчова 50м,sht_delimyy,1.0,1.0,1.0,,109,OK,delimyy
4823124602457,Ватні Диски Косметичні Зефір 100шт,sht_delimyy,1.0,1.0,1.0,,110,OK,delimyy
6973354000740,Рома Локшина Широка з Гострим Смаком Чашка 111г,sht_delimyy,1.0,1.0,1.0,,110,OK,delimyy
5010278100826,"Віскі Бурбон Джім Бім Вайт 0,7л",sht_delimyy,1.0,1.0,1.0,,112,OK,delimyy
4823077633188,Рошен  Шоколад Лакмі Молоч.Шокол.Начинка-Вафля 90г,sht_delimyy,1.0,1.0,1.0,,113,OK,delimyy
4823077632587,Рошен  Шоколад Лакмі Молоч. Цілий Мигдаль 90 гр (21),sht_delimyy,1.0,1.0,1.0,,113,OK,delimyy
4823105805747,АВК Сендвіч Brunch з Вершковим Сиром 47г,sht_delimyy,1.0,2.0,1.0,,114,OK,delimyy
6971642210147,Рома Локшина Нарізана з Гострим Смаком Чашка 110г,sht_delimyy,1.0,1.0,1.0,,114,OK,delimyy
4823077604171,Рошен  Цукерки Кара-Кум 1 кг,ves_fix,1.0,1.0,1.0,,115,OK,sales_stat
4820079690256,Алексис Крупа Рис Довгий 800г,sht_delimyy,1.0,1.0,1.0,,115,OK,delimyy
4823098201298,"Хлібний Дар Горілка Козацька Рада 0,1л",sht_delimyy,1.0,3.0,1.0,,115,OK,delimyy
2984670063603,Монжар Джелопі Серце 600гр,sht_delimyy,1.0,1.0,1.0,,115,OK,delimyy
2978950039655,Агропром Виделка (*10),sht_delimyy,1.0,1.0,1.0,,117,OK,delimyy
20112652692,Глобино МК Сосиски Нямські з Куркою в/с б/о 275г,sht_delimyy,1.0,1.0,1.0,,118,OK,delimyy
4823077611933,Рошен  Коробочні Цукерки Ассортмент Елегант 145г,sht_delimyy,1.0,1.0,1.0,,118,OK,delimyy
6929309500957,Монжар Чарівний Ліхтарик 1г (30),sht_delimyy,1.0,1.0,1.0,,120,OK,delimyy
2978950003748,Агропром Зубочистка 250 шт,sht_delimyy,1.0,1.0,1.0,,121,OK,delimyy
5000292261115,"Хлібний Дар Еліт Віскі Vat 69 0,7л",sht_delimyy,1.0,1.0,1.0,,123,OK,delimyy
4820026149240,Зубна Паста Тотал 250мл,sht_delimyy,1.0,1.0,1.0,,125,OK,delimyy
8887290109864,Кава Мак Кофе Лісовий Горіх (20) 18 гр Упаковка 20 шт,sht_delimyy,1.0,1.0,1.0,,126,OK,delimyy
2990076801374,Серветка Віскозна 30*30 3 шт,sht_delimyy,1.0,1.0,1.0,,127,OK,delimyy
4820146443921,"Сік Ранок Виноград-Яблуко 0,2л",sht_delimyy,1.0,,1.0,,128,LOW_N,delimyy
4820159541980,Освіжувач Повітря Econom Орхідея 300мл,sht_delimyy,1.0,1.0,1.0,,129,OK,delimyy
4823077633195,Рошен  Шоколад Лакмі Молоч. Молочна Начинка-Вафля 90г,sht_delimyy,1.0,1.0,1.0,,131,OK,delimyy
4820004924975,"Хлібний Дар Вино Коблево Шато Д'арсі Н/Сол Біле 1,5л",sht_delimyy,1.0,1.0,1.0,,132,OK,delimyy
4820004923541,"Хлібний Дар Ігристе Маренго Брют біле 0,75 л",sht_delimyy,1.0,1.0,1.0,,134,OK,delimyy
4820182221774,"Хлібний Дар Напій Спирт.Аліко Аромат Вишні 0,5л",sht_delimyy,1.0,1.0,1.0,,135,OK,delimyy
4823077607332,Рошен  Цукерки Ко-Ко Шоко Вайт1кг,ves_fix,1.0,0.304,1.0,,136,OK,sales_stat
4823124601900,Ватні Палички Косметичні Зефір 100шт,sht_delimyy,1.0,1.0,1.0,,138,OK,delimyy
8859022410210,Алексис Ананаси Кільцями 565г,sht_delimyy,1.0,1.0,1.0,,139,OK,delimyy
4820052640308,"Оцет Яблучний 0,5 л",sht_delimyy,1.0,2.0,1.0,,143,OK,delimyy
4823077649493,Рошен  Шоколад Чорний Біттер 80% 85г,sht_delimyy,1.0,1.0,1.0,,144,OK,delimyy
7613036962230,Нестле Корм Фріскіс з Лососем у Підливці 85 гр,sht_delimyy,1.0,5.0,1.0,,145,OK,delimyy
4820179257335,Гермес Приправа 12 Овочів Реева 60гр,sht_delimyy,1.0,1.0,1.0,,146,OK,delimyy
4823077626241,Рошен  Шоколад Пористий Білий Карамельний 80г,sht_delimyy,1.0,1.0,1.0,,151,OK,delimyy
8006540512180,Порошок Гала Руч Колор Франц. аромат 300г,sht_delimyy,1.0,1.0,1.0,,151,OK,delimyy
4823077626203,Рошен  Шоколад Пористий Екстрачорний 80г(20),sht_delimyy,1.0,2.0,1.0,,154,OK,delimyy
132303198020,Кузя Сервіс Пакет Суп.Люкс Д/Сміт 60л 10шт,sht_delimyy,1.0,1.0,1.0,,161,OK,delimyy
4823077624001,Рошен  Цукерки Канді Нат М*яка Карамель з Арахісом 1кг,ves_fix,1.0,0.86,1.0,,162,OK,sales_stat
8887290102148,Кава Мак Кофе Шоколад (10) 20 гр Упаковка 10 шт,sht_delimyy,1.0,1.0,1.0,10.0,164,OK,delimyy
4823077632594,Рошен  Шоколад Лакмі Молоч. Цілий Лісовий Горіх 90 гр(18),sht_delimyy,1.0,1.0,1.0,,165,OK,delimyy
6929309002260,"Монжар Солодкий Шприц з Джемом 6,5г (30)",sht_delimyy,1.0,1.0,1.0,,167,OK,delimyy
4823077616013,Рошен  Коробочні Цукерки Київ Вечірній 176г,sht_delimyy,1.0,1.0,1.0,,169,OK,delimyy
2984670043940,"Розпалювач 0,25л",sht_delimyy,1.0,1.0,1.0,,170,OK,delimyy
4823077611940,Рошен  Коробочні Цукерки Ассортмент Класік 154г,sht_delimyy,1.0,1.0,1.0,,177,OK,delimyy
4823077626364,Рошен  Шоколад Пористий Білий 80г(20),sht_delimyy,1.0,1.0,1.0,,177,OK,delimyy
4823077626227,Рошен  Шоколад Пористий Молочний 80г,sht_delimyy,1.0,2.0,1.0,,180,OK,delimyy
2984670079604,"Соління Пелюстка 0,5кг",sht_delimyy,1.0,1.0,1.0,,184,OK,delimyy
4823077633218,Рошен  Шоколад Лакмі Молоч. Карамель-Печиво з Какао 100 гр (18),sht_delimyy,1.0,1.0,1.0,,184,OK,delimyy
4820079691420,"Алексис Крохмаль Кукурудзяний 0,5кг",sht_delimyy,1.0,1.0,1.0,,184,OK,delimyy
2978950003601,Агропром Стакан Паперовий Малюнок 250 мл Упаковка 50 шт,sht_delimyy,1.0,1.0,1.0,,186,OK,delimyy
4823077611049,Рошен  Цукерки Канді Нат Нуга і М*яка Карамель з Арахісом(чорний) 1кг,ves_fix,1.0,1.0,1.0,,187,OK,sales_stat
4823071621570,ФБ Фольга Алюмінієва Стандарт 10м,sht_delimyy,1.0,1.0,1.0,,188,OK,delimyy
4823077633171,Рошен  Шоколад Лакмі Молоч. Молочна Начинка-Печиво 100 гр,sht_delimyy,1.0,1.0,1.0,,189,OK,delimyy
4823077625879,Рошен  Коробочні Цукерки Комплімент 145г,sht_delimyy,1.0,1.0,1.0,,189,OK,delimyy
4820073110149,Агропром Комплект №2 (36),sht_delimyy,1.0,1.0,1.0,,190,OK,delimyy
4820076800443,Рукав для Запікання Тор 3 м,sht_delimyy,1.0,1.0,1.0,,193,OK,delimyy
4820079691024,Алексис Цукор Пресований 250г,sht_delimyy,1.0,1.0,1.0,,195,OK,delimyy
40084176,Кіндер Шоколад зі злаками Т1*40,sht_delimyy,1.0,1.0,1.0,,195,OK,delimyy
4823077645891,Рошен  Шоколад Лакмі Крамбл-Бабл 83г,sht_delimyy,1.0,1.0,1.0,,198,OK,delimyy
4820182221767,"Хлібний Дар Напій Спирт.Аліко Аромат Кави 0,5л",sht_delimyy,1.0,1.0,1.0,,199,OK,delimyy
4820003545843,Сантік Для Унітазів Блакитний 1000г,sht_delimyy,1.0,1.0,1.0,,200,OK,delimyy
8887290145312,Кава Мак Кофе Згущене Молоко (20) 18г Упаковка 20 шт,sht_delimyy,1.0,1.0,1.0,,201,OK,delimyy
4820292030327,"Хлібний Дар Вино Коблево Кагор Український 0,75 л",sht_delimyy,1.0,1.0,1.0,,213,OK,delimyy
4820189943143,Союз Кетчуп МакМай Лагідний д/п 450г,sht_delimyy,1.0,1.0,1.0,,215,OK,delimyy
4820195507186,Мило Гранд Шарм Яблуко 125г,sht_delimyy,1.0,1.0,1.0,,216,OK,delimyy
6976685700907,Монжар Жуйка Зубна Паста 22гр (24шт),sht_delimyy,1.0,1.0,1.0,,218,OK,delimyy
4820156768731,Чумак Макарони Спагетті 400г,sht_delimyy,1.0,1.0,1.0,,218,OK,delimyy
4770608257293,Марс  Корм Шеба Пауч дом.Птиця в Соусі 85г,sht_delimyy,1.0,4.0,1.0,,219,OK,delimyy
4820001020687,"Вода мін.Куяльник Тонус-Кислород 1,5л",sht_delimyy,1.0,1.0,1.0,,221,OK,delimyy
4820079692632,Алексис Томат.Паста 25% 465г,sht_delimyy,1.0,1.0,1.0,,227,OK,delimyy
4823006707911,Рошен  Цукерки Сливки-Ленивки 1кг,ves_fix,1.0,1.0,1.0,,228,OK,sales_stat
4820052640209,"Оцет (К) 9% 0,9 л",sht_delimyy,1.0,1.0,1.0,,233,OK,delimyy
4823077639494,Рошен  Шоколад Лакмі Молоч.Полунична Панакота 90г,sht_delimyy,1.0,1.0,1.0,,235,OK,delimyy
4820076800320,Губка Максі 5 шт,sht_delimyy,1.0,1.0,1.0,,246,OK,delimyy
4823077604294,Рошен  Цукерки Бім-Бом 1кг,ves_fix,1.0,0.92,1.0,,249,OK,sales_stat
4820185120395,Кузя Сервіс Пак Про Дом Д/Сміт 60х10 Затяж,sht_delimyy,1.0,1.0,1.0,,254,OK,delimyy
4820079692519,Алексис Мак.Вир.Спагетті 400г,sht_delimyy,1.0,1.0,1.0,,258,OK,delimyy
4823077602450,Рошен  Цукерки Корівка 1 кг,ves_fix,1.0,0.68,1.0,,260,OK,sales_stat
4260700180099,Порошок Грюнвальд універ.Гірська Свіжість 350г,sht_delimyy,1.0,1.0,1.0,,263,OK,delimyy
8682091104120,Монжар Мармеладна Палочка Lico Rico Mix (150) Упаковка 150 шт,sht_nedelimyy,150.0,1.0,1.0,,266,OK,manual
4820112366230,ХБФ Цукерки Слобожанська Ластівка 1 кг,ves_fix,1.0,1.0,1.0,,270,OK,sales_stat
4823000917750,Нестле Кава Нескафе Класік 50г,sht_delimyy,1.0,1.0,1.0,,275,OK,delimyy
4820132920221,Галіція Печиво Галіція Вишня Біла Глазур 1кг,ves_fix,1.0,1.0,1.0,,276,OK,sales_stat
5900951301940,Марс  Корм Віскас Яловичина в Соусі 85г,sht_delimyy,1.0,1.0,1.0,,277,OK,delimyy
4820039806079,Комо Сир Брусок Кантрі 50% 185г,sht_delimyy,1.0,1.0,1.0,,286,OK,delimyy
7613036213295,Нестле Соус Соєвий Торчин 190г,sht_delimyy,1.0,1.0,1.0,,291,OK,delimyy
2990076800124,Фольга 5 м б/е,sht_delimyy,1.0,1.0,1.0,,294,OK,delimyy
4820048483278,Пергамент ФБ 5м,sht_delimyy,1.0,1.0,1.0,,296,OK,delimyy
4820073110132,Агропром Комплект №1 (42),sht_delimyy,1.0,1.0,1.0,,304,OK,delimyy
8710732217127,Запальничка Крикет (25),sht_delimyy,5.0,5.0,25.0,,305,OK,manual
4820023747906,Хустинки Носові (10),sht_delimyy,1.0,1.0,1.0,10.0,308,OK,delimyy
4820132920238,Галіція Печиво Галіція Апельсин Біла Глазур 1кг,ves_fix,1.0,1.0,1.0,,308,OK,sales_stat
4823077636738,Рошен  Цукерки Ромашка 1 кг (2кг),ves_fix,1.0,1.0,1.0,2.0,309,OK,sales_stat
4820132920023,Галіція Печиво Галіція Апельсин Тем.Глазур 1кг,ves_fix,1.0,1.0,1.0,,315,OK,sales_stat
4820039808349,Комо Сир Брусок Традиційний 50% 185г,sht_delimyy,1.0,1.0,1.0,,329,OK,delimyy
4820091143686,Бальзам для миття посуду Чистий Дім Дой Пак Гірчиця/Обліпиха 500мл,sht_delimyy,1.0,1.0,1.0,,332,OK,delimyy
2984670068899,"Соління Квашені Помідори 0,5кг",sht_delimyy,1.0,1.0,1.0,,332,OK,delimyy
4820189941194,Союз Майонез МакМай 600г Провансаль д/п,sht_delimyy,1.0,1.0,1.0,,332,OK,delimyy
4820584430118,Кузя Сервіс Пакет Д/Сміт Чорн 35*30 (економ),sht_delimyy,1.0,1.0,1.0,,346,OK,delimyy
4823077614675,Рошен  Цукрове Печиво До Кави Пряжене Молоко 185г,sht_delimyy,1.0,1.0,1.0,,349,OK,delimyy
4820076800214,Губка Максі Рельеф 5+1,sht_delimyy,1.0,1.0,1.0,,350,OK,delimyy
4820132920054,Галіція Печиво Галіція Вишня Тем.Глазур 1кг,ves_fix,1.0,1.0,1.0,,357,OK,sales_stat
8714599101667,Кава Якобз Монарх 30г,sht_delimyy,1.0,1.0,1.0,,378,OK,delimyy
8711000710227,Напій Якобз АйсПрессо Лате 250мл,sht_delimyy,1.0,1.0,1.0,,380,OK,delimyy
4820052640438,"Олія соняшникова Денко 0,85 л",sht_delimyy,1.0,1.0,1.0,,384,OK,delimyy
5413149313842,"Засіб Для Миття Посуду Фейрі Лимон 0,45л",sht_delimyy,1.0,1.0,1.0,,386,OK,delimyy
4820052640544,"Олія соняшникова Денко 0,49 л",sht_delimyy,1.0,1.0,1.0,,398,OK,delimyy
4823077604492,Рошен  Цукерки Шалена Бджілка 1кг,ves_fix,1.0,1.0,1.0,,413,OK,sales_stat
4820080720409,"Хлібний Дар Горілка Козацька Рада Особлива 0,5л",sht_delimyy,1.0,1.0,1.0,,420,OK,delimyy
4823078929181,Супер-Клей 3г,sht_delimyy,1.0,1.0,1.0,,452,OK,delimyy
4820257080015,"Вугілля 1,5 кг",sht_delimyy,1.0,1.0,1.0,,477,OK,delimyy
4820112366247,ХБФ Цукерки Слобожанська Ромашка 1 кг,ves_fix,1.0,1.0,1.0,,522,OK,sales_stat
8693323790110,Монжар Джелопі Акули 500гр Упаковка 80 шт,sht_delimyy,1.0,1.0,1.0,,613,OK,delimyy
4820274150760,До Бочкового Грінки Хвилясті Сало з Хроном 1кг,ves_fix,1.0,1.0,1.0,,723,OK,sales_stat
4820274150777,До Бочкового Грінки Хвилясті Часник 1кг,ves_fix,1.0,1.0,1.0,,765,OK,sales_stat
4820149220024,Наповнювач для Котів Лаки Кет (3кг),sht_delimyy,1.0,1.0,1.0,3.0,910,OK,delimyy
4820021572647,Теплі Моря М*ясо Курки з Гірчицею Сол/Суш 1 кг,ves_fix,1.0,0.582,1.0,,1007,OK,sales_stat
4823071656978,Серветка Волога Аква Бебі 15шт,sht_delimyy,1.0,2.0,1.0,,1117,OK,delimyy
2984670057091,Теплі Моря М*ясо Курки Пікантне Сол/Суш 1 кг,ves_fix,1.0,1.0,1.0,,1425,OK,sales_stat
4820182062018,До Бочкового Арахіс Сіль 1кг,ves_fix,1.0,0.458,1.0,,1436,OK,sales_stat
2984670061371,СУЛУГУНІ Сухий Копчений Нитка 1кг,ves_plav,0.1,1.0,1.026,,372,OK,sales_stat
4820157493984,"Бойчак  Печиво Повітряний Десерт 1кг (1,2кг)",ves_fix,1.2,1.2,1.2,1.2,326,OK,sales_stat
4820289980093,"Бойчак  Тістечка Кремові Подушечки 1кг (1,4кг)",ves_fix,1.4,1.4,1.4,1.4,184,OK,A_imya_i_min
4820127651031,"Риба Філе Оселедця По-Шведськи с/с в Олії (1,5кг в ящ)  1кг",ves_fix,1.5,1.5,1.5,,161,OK,sales_stat
4820176560339,"Галіція Вафельні Рулетики  Ваніль (1,5кг в ящ)   1кг",ves_fix,1.5,1.5,1.5,,207,OK,sales_stat
4820176560346,"Галіція Вафельні Рулетики Пряжене Молоко (1,5кг в ящ)   1кг",ves_fix,1.5,1.5,1.5,,220,OK,sales_stat
4820100557824,Союз Печиво Сніжок 1кг,ves_fix,1.7,1.0,1.7,,73,OK,sales_stat
2984670056896,Союз Печиво Сніжок 1кг,ves_fix,1.7,1.7,1.7,,318,OK,sales_stat
4820169221605,Золоте Зерно Мармелад Какаду 1кг,ves_fix,1.8,1.7,1.8,,126,OK,sales_stat
4820241760107,Бойчак  Печиво Вушка Тонія 1кг,ves_fix,1.8,1.2,1.8,,702,OK,sales_stat
7622300813420,Бісквіт Барні Банан 30г,sht_delimyy,1.0,,2.0,,1,LOW_N,delimyy
4820182069147,Авангард Біг Боб Арахіс Сир 60г,sht_delimyy,1.0,,2.0,,1,LOW_N,delimyy
4820194790251,Гама Гамбургер з Котлетою,sht_delimyy,1.0,,2.0,,1,LOW_N,delimyy
42137450,Сигарети Вінстон Блю 20шт,sht_delimyy,1.0,,2.0,,1,LOW_N,delimyy
4820182744648,Авангард Сухарики Флінт Салямі 140г,sht_delimyy,1.0,,2.0,,1,LOW_N,delimyy
4820000431569,Вода Аква-Лайф 5л,sht_delimyy,1.0,,2.0,,1,LOW_N,delimyy
4823127301227,Авангард Грінки Флінт пш.Холодець з Хроном 120г,sht_delimyy,1.0,,2.0,,2,LOW_N,delimyy
4820193037173,Оболонь Пиво Германаріх 1л,sht_delimyy,1.0,,2.0,,2,LOW_N,delimyy
4820003689387,"Наш Сік Вишня 1,93л",sht_delimyy,1.0,,2.0,,3,LOW_N,delimyy
4820250942785,"БІР Пиво Міллер 0,48л з/б",sht_delimyy,1.0,,2.0,,3,LOW_N,delimyy
4820017002769,"Вода Моршинська 1,5л ср/газ Лимонад Апельсин та Персик",sht_delimyy,1.0,,2.0,,3,LOW_N,delimyy
4823127308592,Авангард Сан Санич Насіння Смажене 100г,sht_delimyy,1.0,,2.0,,3,LOW_N,delimyy
4820002713571,"Оболонь Сидр Сібер Груша 0,8л",sht_delimyy,1.0,,2.0,,3,LOW_N,delimyy
4820017002820,"Вода Моршинська 1,5л ср/газ Лимонад Грейпфрут",sht_delimyy,1.0,,2.0,,3,LOW_N,delimyy
4820017000543,"Вода Моршинська 0,75л негаз.",sht_delimyy,1.0,,2.0,,3,LOW_N,delimyy
4820182065590,Авангард Сан Санич Насіння Гарбузове Сіль 140г,sht_delimyy,1.0,,2.0,,3,LOW_N,delimyy
4820017002622,"Вода Моршинська 0,5л негаз Полуниця",sht_delimyy,1.0,,2.0,,4,LOW_N,delimyy
4820193034059,"Оболонь Пиво Оболонь Світле 2,2 л",sht_delimyy,1.0,,2.0,,4,LOW_N,delimyy
4820193037449,"Оболонь Пиво Оболонь Традиційне 2,4л",sht_delimyy,1.0,,2.0,,4,LOW_N,delimyy
7622201825133,Шоколад Мілка Молочний Малина 90г,sht_delimyy,1.0,,2.0,,5,LOW_N,delimyy
5449000028938,"Фанта Оранж 1,25л",sht_delimyy,1.0,1.0,2.0,,5,OK,delimyy
4820046961266,Броварня Пиво Закарпатське Оригінальне 2л,sht_delimyy,1.0,1.0,2.0,,5,OK,delimyy
4030600302088,Сигарети Давідоф Річ Блю 20шт,sht_delimyy,1.0,5.0,2.0,,6,OK,delimyy
4820000533201,Сигарети Вінстон ІксСтайл Сільвер 20шт,sht_delimyy,1.0,9.0,2.0,,6,OK,delimyy
7622100816850,Сигарети Хітс Бронз 20шт,sht_delimyy,1.0,10.0,2.0,,6,OK,delimyy
5449000046390,"Швепс Тонік 0,33л з/б",sht_delimyy,1.0,1.0,2.0,,6,OK,delimyy
4820192686679,Сигарети Лакі Страйк Блек Серія Амбер 20шт,sht_delimyy,1.0,10.0,2.0,,6,OK,delimyy
4030600302057,Сигарети Давідоф Річ Сільвер 20шт,sht_delimyy,1.0,5.0,2.0,,9,OK,delimyy
4820000531498,Сигарети Вінстон Супер Слімс Сільвер 20шт,sht_delimyy,1.0,3.0,2.0,,9,OK,delimyy
4820000458177,"БІР Сидр Сомерсбі Чорниця 0,95л",sht_delimyy,1.0,1.0,2.0,,9,OK,delimyy
4820001988109,Сигарети Прилуки Класичні 10мг  20шт,sht_delimyy,1.0,3.0,2.0,,9,OK,delimyy
4820215629393,Сигарети Нео Демі Єлоу Буст 20шт,sht_delimyy,1.0,3.0,2.0,,9,OK,delimyy
4820192685405,Сигарети Кент Сільвер 20шт,sht_delimyy,1.0,10.0,2.0,,10,OK,delimyy
4030600253410,Сигарети Давідоф Річ Корал 20шт,sht_delimyy,1.0,5.0,2.0,,10,OK,delimyy
48207317,Сигарети Давідоф Слімс Голд 20шт,sht_delimyy,1.0,5.0,2.0,,12,OK,delimyy
4820192683371,Сигарети Кент Блю 20шт,sht_delimyy,1.0,3.0,2.0,,12,OK,delimyy
4820001988352,Сигарети Капрі Азуро 20шт,sht_delimyy,1.0,3.0,2.0,,14,OK,delimyy
48207966,Сигарети Давідоф Слімс Вайт 20шт,sht_delimyy,1.0,5.0,2.0,,15,OK,delimyy
7622210308108,Шоколад Мілка Лісовий Горіх 90г,sht_delimyy,1.0,,2.0,,15,LOW_N,delimyy
7622100815594,Сигарети Хітс Пурпл 20шт,sht_delimyy,1.0,10.0,2.0,,16,OK,delimyy
4030600210369,Сигарети Імперіал Классік Сільвер Компакт 20шт,sht_delimyy,1.0,3.0,2.0,,16,OK,delimyy
7622100815242,Сигарети Хітс Амбер 20шт,sht_delimyy,1.0,3.0,2.0,,16,OK,delimyy
7622202029042,Круасан Міді 7 Days Ваніль Полуниця 60г,sht_delimyy,1.0,1.0,2.0,,17,OK,delimyy
4820215626712,Сигарети Нео Демі Пурпл Буст 20шт,sht_delimyy,1.0,3.0,2.0,,18,OK,delimyy
4820000531474,Сигарети Вінстон Супер Слімс Блю 20шт,sht_delimyy,1.0,5.0,2.0,,18,OK,delimyy
4030600252789,Сигарети Вест Блю Ап 20шт,sht_delimyy,1.0,5.0,2.0,,19,OK,delimyy
4820192686587,Сигарети Лакі Страйк Анлімітед Сільвер 20шт,sht_delimyy,1.0,1.0,2.0,,20,OK,delimyy
4820055820653,Себек Напій Лимонад 2л,sht_nedelimyy,2.0,4.0,2.0,,20,OK,nonround_proof
4820000365932,Сигарети Жаде Ціел 20шт,sht_delimyy,1.0,5.0,2.0,,23,OK,delimyy
5900497301015,Пепсі-Блек 1л,sht_nedelimyy,2.0,2.0,2.0,,23,OK,min_eq_box
48207782,Сигарети Парламент Сільвер Блю 20шт,sht_nedelimyy,2.0,8.0,2.0,,23,OK,A_ruchnaya_proverka
4820000363792,Сигарети Прима Люкс Сільвер 20шт,sht_delimyy,1.0,5.0,2.0,,23,OK,delimyy
4823063125413,Чипси Лейз Бекон 120г,sht_delimyy,1.0,1.0,2.0,,24,OK,delimyy
4820192683357,Сигарети Кент Вайт 20шт,sht_delimyy,1.0,9.0,2.0,,27,OK,delimyy
4820091144980,Рідке Мило Нектар Дой Пак Ромашка 500мл,sht_delimyy,1.0,1.0,2.0,,29,OK,delimyy
4823105809127,АВК Цукерки Труфальє Мікс 226гр,sht_delimyy,1.0,1.0,2.0,,31,OK,delimyy
5449000064110,"Швепс Лимон 0,33л з/б",sht_delimyy,1.0,1.0,2.0,,36,OK,delimyy
2990076800056,Папір для запікання (кор) 6 м,sht_delimyy,1.0,2.0,2.0,,38,OK,delimyy
4820146443624,Сік Ранок Мультифрукт 1л,sht_delimyy,1.0,,2.0,,39,LOW_N,delimyy
4823063125291,Чипси Лейз Краб 60г,sht_delimyy,1.0,1.0,2.0,,46,OK,delimyy
4820004921585,"Хлібний Дар Вермут Маренго 0,5 л",sht_delimyy,1.0,1.0,2.0,,50,OK,delimyy
4820215626743,Сигарети Нео Стікс Смут Тобако 20шт,sht_delimyy,1.0,3.0,2.0,,55,OK,delimyy
4820182222023,"Хлібний Дар Бренді Аліко 0,7л",sht_delimyy,1.0,1.0,2.0,,59,OK,delimyy
8887290146579,Кава Мак Кофе Голд 200г,sht_delimyy,1.0,1.0,2.0,,60,OK,delimyy
7613039838624,Нестле Корм Фелікс з Яловиччиною 85г,sht_delimyy,1.0,2.0,2.0,,61,OK,delimyy
4820209112290,"Боніта Чай Біола Зелений Саусеп 0,92л",sht_nedelimyy,2.0,12.0,2.0,,62,OK,nonround_proof
4820114290113,Серветка Версаль 60 л.б (50),sht_nedelimyy,2.0,2.0,2.0,,62,OK,min_eq_box
5000281040899,"Хлібний Дар Еліт Ром Captain Morgan White 0,7л",sht_delimyy,1.0,1.0,2.0,,68,OK,delimyy
4823105816507,АВК Коробочні Цукерки City Legend 241г,sht_delimyy,1.0,1.0,2.0,,72,OK,delimyy
4820182221989,"Хлібний Дар Бренді Аліко 0,5л",sht_delimyy,1.0,1.0,2.0,,78,OK,delimyy
4820004929413,"Хлібний Дар Вино Коблево Мрія Н/Сол Біле 0,75л",sht_delimyy,1.0,1.0,2.0,,80,OK,delimyy
4084500490581,Дезодорант Олд Спайс Вайтвотер 50мл,sht_delimyy,1.0,1.0,2.0,,81,OK,delimyy
4820159541454,Освіжувач Повітря Econom Арктичний Бриз 300мл,sht_delimyy,1.0,1.0,2.0,,82,OK,delimyy
4820159540938,Освіжувач Повітря Econom Яблуко 300мл,sht_delimyy,1.0,1.0,2.0,,83,OK,delimyy
8887290146593,Кава Мак Кофе Арабіка 200г,sht_delimyy,1.0,1.0,2.0,,84,OK,delimyy
8413178273961,Бойчак  Цукерки Желейні ТМ Відал Оушен Джеллі 11г,sht_nedelimyy,2.0,2.0,2.0,,85,OK,min_eq_box
4841676004727,"Напій Вин.Ламбруско газ.0,75л",sht_delimyy,1.0,1.0,2.0,,85,OK,delimyy
4820192681841,Сигарети Ротманс Роял Блю 20шт,sht_delimyy,1.0,3.0,2.0,,86,OK,delimyy
2984670059859,Серветка Тофіта 55л.б (50),sht_nedelimyy,2.0,8.0,2.0,,90,OK,A_ruchnaya_proverka
4823105817634,АВК Коробочні Цукерки Трюфель Полуниця 100г,sht_delimyy,1.0,1.0,2.0,,90,OK,delimyy
3256761210005,Комо Продукт Розсольний Ля Ваш Де Парі 55% 200г,sht_delimyy,1.0,1.0,2.0,,93,OK,delimyy
4820114290144,Серветка Версаль 35 л.б. (80),sht_nedelimyy,2.0,6.0,2.0,,96,OK,nonround_proof
132303198037,Кузя Сервіс Пакет Суп.Люкс Д/Сміт 120л 10шт,sht_delimyy,1.0,1.0,2.0,,97,OK,delimyy
3065890144910,Марс  Корм Кітікет Яловичина в Соусі 85г,sht_delimyy,1.0,2.0,2.0,,101,OK,delimyy
4823105801466,АВК Коробочні Цукерки Труфальє (Серце) 124г,sht_delimyy,1.0,1.0,2.0,,101,OK,delimyy
4820149827308,Комо ТМ Канів 1971 Масло Селянське 73% 180г,sht_delimyy,1.0,1.0,2.0,,102,OK,delimyy
4820268610805,"Медоф Напій Лонгміксер Блакитна Лагуна 0,33л",sht_nedelimyy,2.0,6.0,2.0,,103,OK,nonround_proof
4823077639562,"Рошен  Шоколад Лакмі Молоч.Арахіс,Карамель з Арахіс Начинкою 87г",sht_delimyy,1.0,1.0,2.0,,105,OK,delimyy
8886300014020,Цикорій Розчинний MacFito Класичний 100г,sht_delimyy,1.0,1.0,2.0,,106,OK,delimyy
4823071658477,Шкребок Кухонний 1шт,sht_delimyy,1.0,1.0,2.0,,109,OK,delimyy
4820256583524,УДК Напій Вин.Мікадо Черв Слива н/сол Черв 1л,sht_delimyy,1.0,1.0,2.0,,110,OK,delimyy
4820270930946,Монжар Жувальна Цукерка Барбелла 25г(20шт),sht_delimyy,1.0,1.0,2.0,,113,OK,delimyy
4820004925019,"Хлібний Дар Вино Коблево Шато Ларош Н/Сол Черв 1,5л",sht_delimyy,1.0,1.0,2.0,,114,OK,delimyy
4820079692403,Алексис Квасоля Біла Фірмова 450г,sht_delimyy,1.0,1.0,2.0,,116,OK,delimyy
5900951256677,Марс  Корм Кітікет Лосось в Соусі 85г,sht_delimyy,1.0,1.0,2.0,,116,OK,delimyy
5053990113057,Чіпси Прінглс Краб 165г,sht_delimyy,1.0,1.0,2.0,,117,OK,delimyy
8006530201995,"Капсули Аріель Колор 12шт*17,6гр",sht_delimyy,1.0,1.0,2.0,,119,OK,delimyy
4084500019195,Дезодорант Олд Спайс Вулфсорн 50мл,sht_delimyy,1.0,1.0,2.0,,120,OK,delimyy
4820182221897,"Хлібний Дар Коньяк Коблево 3*0,7л",sht_delimyy,1.0,1.0,2.0,,121,OK,delimyy
8711000008416,Чай Піквік Чорний Бергамот (20*2г),sht_delimyy,1.0,1.0,2.0,,122,OK,delimyy
4820091144805,Засіб Для Миття Вікон Чистий Дім Апельсин 500мл,sht_delimyy,1.0,1.0,2.0,,124,OK,delimyy
4823098203124,"Хлібний Дар Горілка Нікіта 0,7л",sht_delimyy,1.0,1.0,2.0,,129,OK,delimyy
8859022410227,Алексис Ананаси Шматочками 565г,sht_delimyy,1.0,1.0,2.0,,130,OK,delimyy
4820179257168,Гермес Макарони Спіраль Реева 400гр,sht_delimyy,1.0,1.0,2.0,,130,OK,delimyy
8000500224281,Ваф.Батонч.Горіх.Паста Нутелла 22г,sht_delimyy,1.0,1.0,2.0,,131,OK,delimyy
7613039838969,Нестле Корм Фелікс з Ягням 85г,sht_delimyy,1.0,2.0,2.0,,135,OK,delimyy
5900951262531,Марс  Корм Педігрі Яловичина/Ягня/Морква 100г,sht_delimyy,1.0,2.0,2.0,,135,OK,delimyy
4003751019358,Комо Сир Брі Альпенхайн 125г,sht_delimyy,1.0,1.0,2.0,,145,OK,delimyy
7613036965248,Нестле Корм Фріскіс з Індичкою У Підливці 85 гр,sht_delimyy,1.0,5.0,2.0,,152,OK,delimyy
7613036962292,Нестле Корм Фріскіс д/кошенят з Куркою у Підливці 85гр,sht_delimyy,1.0,2.0,2.0,,153,OK,delimyy
4820004929437,"Хлібний Дар Вино Коблево Бордо Стефанія Н/Сол Черв 0,75л",sht_delimyy,1.0,1.0,2.0,,156,OK,delimyy
4820029143856,Комо Сир М*який Бринза Ніжна 60% 170г ванночка,sht_delimyy,1.0,1.0,2.0,,159,OK,delimyy
4820271511380,"Хлібний Дар Напій Винний Фраголіно Салюте Б*янко 1,5л",sht_delimyy,1.0,1.0,2.0,,161,OK,delimyy
4823063126311,"Пепсі-Кола 1,5л",sht_nedelimyy,2.0,6.0,2.0,,164,OK,nonround_proof
6945230460313,Запальничка Турбо,sht_delimyy,5.0,5.0,2.0,,164,OK,manual
8714599107386,"Кава Якобз 3в1 Латте 21,5г",sht_nedelimyy,2.0,10.0,2.0,,167,OK,A_ruchnaya_proverka
4820187043654,Кава Карт Нуар 70 гр,sht_delimyy,1.0,1.0,2.0,,167,OK,delimyy
4823118600377,"Чай Моменти Літня Мелодія 20*1,7г",sht_delimyy,1.0,1.0,2.0,,171,OK,delimyy
5413149314092,Засіб Для Миття Посуду Фейрі Лимон 900мл,sht_delimyy,1.0,1.0,2.0,,172,OK,delimyy
20293570730,Глобино МК Ковбаски Нямські Мачос (без обол) н/к в/с газ.пак 250г,sht_delimyy,1.0,1.0,2.0,,178,OK,delimyy
4820001314489,Нестле Гірчиця Торчин Американська 130 гр,sht_delimyy,1.0,1.0,2.0,,181,OK,delimyy
5900951302077,Марс  Корм Віскас Індичка в Соусі 85г,sht_delimyy,1.0,3.0,2.0,,181,OK,delimyy
4823118600230,"Чай Моменти Ягідна Вечірка 20*1,8г",sht_delimyy,1.0,1.0,2.0,,183,OK,delimyy
4823000918719,Нестле Батончик Лайон Карамель 42г,sht_delimyy,1.0,1.0,2.0,,183,OK,delimyy
80875024,Драже Тік Так Пітахайа,sht_delimyy,1.0,1.0,2.0,,186,OK,delimyy
4823077641060,Рошен  Здобне Печіво Ловіта Крем Арахіс 127г,sht_delimyy,1.0,1.0,2.0,,189,OK,delimyy
4823039009365,"Комо Спред Ваш Молочник 72,5% 180г",sht_delimyy,1.0,1.0,2.0,,191,OK,delimyy
4820029145119,Комо Крем-Сир Вершковий 20% 135г контейнер,sht_delimyy,1.0,1.0,2.0,,193,OK,delimyy
4823105400430,Верес Аджика Кавказька 130г,sht_delimyy,1.0,1.0,2.0,,195,OK,delimyy
4820001314588,Нестле Торчин Соус Мехікано 200г,sht_delimyy,1.0,1.0,2.0,,196,OK,delimyy
4823077633348,Рошен  Здобне Печіво Ловіта Арахіс 150г,sht_delimyy,1.0,1.0,2.0,,200,OK,delimyy
8711000532874,Кава Якобз Кронат Голд(Скло) 100 гр,sht_delimyy,1.0,1.0,2.0,,200,OK,delimyy
4820162520248,Цукерки Равлик Боб Яблучно-Грушеві 30г,sht_delimyy,1.0,1.0,2.0,,203,OK,delimyy
4820029143894,Комо Сир М*який Інсалата 50% 170г ванночка,sht_delimyy,1.0,1.0,2.0,,207,OK,delimyy
4820219349280,Набір Фруктова Цукерка Манго 20г,sht_delimyy,1.0,1.0,2.0,,219,OK,delimyy
4820002300474,ХБФ Вафлі Дебют Шоколадний 32 гр,sht_delimyy,1.0,1.0,2.0,,220,OK,delimyy
4820270930601,Монжар Жувальна Цукерка Шокер Малина-Персик (50шт),sht_delimyy,1.0,1.0,2.0,,221,OK,delimyy
4820179259179,Гермес WOK Локшина з Курка Теріякі з Соусом Гладс чашка 95г,sht_delimyy,1.0,1.0,2.0,,221,OK,delimyy
4820269930100,Засіб Д/Чищення Труб Солар 1000г,sht_delimyy,1.0,1.0,2.0,,223,OK,delimyy
8445291768673,Нестле Батончик Натс Дуо 2*30г,sht_delimyy,1.0,1.0,2.0,,223,OK,delimyy
4823077613630,Рошен  Батончик Мол-Шок з Крем-Брюле 43 гр(180),sht_delimyy,1.0,1.0,2.0,,227,OK,delimyy
2990076800100,Фольга 10 м б/е,sht_delimyy,1.0,1.0,2.0,,228,OK,delimyy
4823071630824,Губки Кухонні ФБ Color 5+1,sht_delimyy,1.0,1.0,2.0,,230,OK,delimyy
4823077633317,Рошен  Здобне Печіво Ловіта Какао і Кусочки Глазурі 150г,sht_delimyy,1.0,1.0,2.0,,236,OK,delimyy
8711000520956,Кава Якобз Кронат Голд(Скло) 100 гр,sht_delimyy,1.0,1.0,2.0,,237,OK,delimyy
4820001354140,Чумак Соус Французьский 200г,sht_delimyy,1.0,1.0,2.0,,248,OK,delimyy
2984670055141,"Якобз Чай Концентрований в Асортименті 0,05г",sht_nedelimyy,2.0,12.0,2.0,,254,OK,nonround_proof
4820004920304,Хлібний Дар Вермут Маренго 1л,sht_delimyy,1.0,1.0,2.0,,256,OK,delimyy
4820183980540,Маршмеллоу Пружинки Полуниця 75гр,sht_delimyy,1.0,1.0,2.0,,265,OK,delimyy
4820004923589,"Хлібний Дар Ігристе Маренго н/с біле 0,75 л",sht_delimyy,1.0,1.0,2.0,,271,OK,delimyy
8413178321976,Бойчак  Цукерки Желейні ТМ Відал Діно Джеллі 11г,sht_nedelimyy,2.0,4.0,2.0,,273,OK,nonround_proof
4820189942764,Союз Кетчуп МакМай Грузинський д/п 270г,sht_delimyy,1.0,1.0,2.0,,285,OK,delimyy
80052043,Драже Тік Так М*ята,sht_delimyy,1.0,1.0,2.0,,294,OK,delimyy
7613039832516,Нестле Корм Фелікс з Індичкою 85г,sht_delimyy,1.0,2.0,2.0,,294,OK,delimyy
5900951302015,Марс  Корм Віскас дом.Птиця в Соусі 85г,sht_delimyy,1.0,3.0,2.0,,294,OK,delimyy
7613036965262,Нестле Корм Фріскіс з Куркою у Соусі 85гр,sht_delimyy,1.0,1.0,2.0,,296,OK,delimyy
4820026149196,Зубна Паста Тотал 50мл,sht_delimyy,1.0,1.0,2.0,,334,OK,delimyy
5000281025360,"Хлібний Дар Еліт Ром Captain Morgan Spaced Gold 0,5л",sht_delimyy,1.0,1.0,2.0,,335,OK,delimyy
4820002300610,ХБФ Вафлі Дебют Молочний 32 гр,sht_delimyy,1.0,2.0,2.0,,358,OK,delimyy
4820182220029,"Хлібний Дар Коньяк Коблево 3*0,5л",sht_delimyy,1.0,1.0,2.0,,367,OK,delimyy
4820001316087,Нестле Кетчуп Торчин Чилі 250 гр,sht_delimyy,1.0,1.0,2.0,,388,OK,delimyy
4823098203100,"Хлібний Дар Горілка Нікіта 0,5л",sht_delimyy,1.0,1.0,2.0,,391,OK,delimyy
8711000681787,Кава Якобз Голд пакет(Мелена) 250г,sht_delimyy,1.0,1.0,2.0,,395,OK,delimyy
4823039008313,Комо Cream Valley Закуска Пастоподібна Бутербродна З Куркою 85г,sht_nedelimyy,2.0,1.0,2.0,,396,OK,delimyy
4820206290113,Кава Якобз Монарх 100г,sht_delimyy,1.0,1.0,2.0,,397,OK,delimyy
4820206290922,Кава Якобз Монарх 60гр тт,sht_delimyy,1.0,1.0,2.0,,399,OK,delimyy
4820183980915,Маршмеллоу МультіКолоред 20гр,sht_delimyy,1.0,1.0,2.0,,400,OK,delimyy
4820183980052,Кукурудзяні Палички Їж Наше Молочні 175г,sht_delimyy,1.0,1.0,2.0,,404,OK,delimyy
5010677740036,"Ресурс Напій на Осн.Рому Окхарт 35% 0,7л",sht_delimyy,1.0,1.0,2.0,,446,OK,delimyy
8714599106945,Кава Якобз Мелена Еспресо 230г,sht_delimyy,1.0,1.0,2.0,,456,OK,delimyy
7613031381494,Нестле Корм Гурме Голд Мус Курка з/б 85г,sht_delimyy,1.0,3.0,2.0,,472,OK,delimyy
7613039788097,Нестле Корм Фелікс з Куркою 85г,sht_delimyy,1.0,2.0,2.0,,476,OK,delimyy
4823039008290,Комо Cream Valley Закуска Пастоподібна Бутербродна З Грибами 85г,sht_nedelimyy,2.0,1.0,2.0,,496,OK,delimyy
8700216022262,Прокладки Олвейс Ультра 10шт,sht_delimyy,1.0,1.0,2.0,,505,OK,delimyy
7613039835500,Нестле Корм Фелікс з Кроликом 85г,sht_delimyy,1.0,1.0,2.0,,521,OK,delimyy
4015400317876,Прокладки Натурела Нормал 10шт,sht_delimyy,1.0,1.0,2.0,,572,OK,delimyy
8711000574195,Кава Якобз Кронунг Класік 70 гр,sht_delimyy,1.0,1.0,2.0,,610,OK,delimyy
4820206290106,Кава Якобз Монарх 50 гр,sht_delimyy,1.0,1.0,2.0,,618,OK,delimyy
5907205007597,Бойчак  Льодяники Соур Маднесс 60г (28),sht_delimyy,1.0,1.0,2.0,,711,OK,delimyy
4820231110196,Волхов Печиво Шоколатьє (2кг) 1кг,ves_fix,2.0,0.7,2.0,2.0,744,OK,sales_stat
80800019,Драже Тік Так Полуниця,sht_delimyy,1.0,1.0,2.0,,758,OK,delimyy
4820209113976,Боніта Вода Два Океана 5л,sht_nedelimyy,2.0,2.0,2.0,,824,OK,nonround_proof
4820080720584,"Хлібний Дар Горілка Класична 0,7л",sht_delimyy,1.0,1.0,2.0,,892,OK,delimyy
2978950002598,Кришка біла,sht_nedelimyy,2.0,54.0,2.0,,926,OK,nonround_proof
2978950034926,"Соління Капуста Квашена з Журавлиною 0,5кг",sht_delimyy,1.0,1.0,2.0,,965,OK,delimyy
2978950034940,"Соління Морква По-Корейськи 0,5кг",sht_delimyy,1.0,1.0,2.0,,1016,OK,delimyy
2978950034933,"Соління Салат Угорський 0,5кг",sht_delimyy,1.0,1.0,2.0,,1134,OK,delimyy
2978950034919,"Соління Капуста Квашена 0,5кг",sht_delimyy,1.0,1.0,2.0,,1417,OK,delimyy
4823105819409,АВК Цукерки Флоренс з Арахісом 1кг,ves_fix,2.1,2.1,2.1,,38,OK,sales_stat
4820187435573,"АВК Цукерки Флоренс Пряжене Молоко 1кг (2,2)",ves_plav,0.1,1.3,2.2,2.2,73,OK,sales_stat
4823105815876,"АВК Королівський Шарм Вершковий Крем 1кг (2,2)",ves_fix,2.2,2.2,2.2,2.2,103,OK,sales_stat
4823105815890,"АВК Королівський Шарм з Горіховим Кремом 1кг (2,2)",ves_fix,2.2,2.2,2.2,2.2,134,OK,sales_stat
4820132921303,"Галіція Печиво Солодка Долина Зірочка (2,2кг в ящ)  1кг",ves_fix,2.2,2.2,2.2,,234,OK,sales_stat
4820132920924,"Галіція Пряник Солодка Долина Чорний Принц (2,4кг в ящ)   1кг",ves_fix,2.4,2.4,2.4,,151,OK,sales_stat
4820132923789,"Галіція Пряник Ніжність в конд.глазурі (2,4кг в ящ)    1кг",ves_fix,2.4,2.4,2.4,,164,OK,sales_stat
4820169220691,"Золоте Зерно Цукерки Райський Острів 1 кг (2,5)",ves_plav,0.1,,2.5,2.5,1,LOW_N,ves_plav
14590011520,"Роганський МК Ковбаса Варена Лікарська в/с (синюга) 1кг (2,5)",ves_plav,0.1,,2.5,2.5,4,OK,sales_stat
2978950023449,"Роганський МК Ковбаса Варена Любительська в/с ДСТУ (синюга) 1кг (2,5)",ves_plav,0.1,1.6,2.5,2.5,14,OK,sales_stat
4820177032620,Золоте Зерно Цукерки Вафельні Жак Хрусто 1кг,ves_fix,2.5,2.5,2.5,,73,OK,sales_stat
4820169220370,Золоте Зерно Цукерки Пломбірні Глазуровані 1кг,ves_fix,2.5,1.78,2.5,,95,OK,sales_stat
4820177032750,Золоте Зерно Цукерки глаз.Пташине Молоко 1кг,ves_fix,2.7,0.852,2.7,,241,OK,sales_stat
5449000236623,"Чай Фюз Персик-Гібіскус 0,5л",sht_delimyy,1.0,,3.0,,1,LOW_N,delimyy
4820250941207,"БІР Пиво Гараж Вишня 0,9л",sht_delimyy,1.0,,3.0,,2,LOW_N,delimyy
4820097890102,"Шейки Шейк Дайкірі 0,33 л",sht_delimyy,1.0,,3.0,,2,LOW_N,delimyy
4820000191111,Оболонь Напій Ситро 2л,sht_delimyy,1.0,,3.0,,3,LOW_N,delimyy
4820000193719,Оболонь Напій Лимонад 2 л,sht_delimyy,1.0,,3.0,,3,LOW_N,delimyy
4820003689721,"Сік Джаффа Апельсиновий 0,95л",sht_delimyy,1.0,,3.0,,4,LOW_N,delimyy
5449000030269,"Спрайт 0,75л",sht_delimyy,1.0,,3.0,,4,LOW_N,delimyy
4820000451307,"БІР Пиво Туборг Грін 0,5л з/б",sht_delimyy,1.0,,3.0,,4,LOW_N,delimyy
5449000312181,"Швепс Мохіто 0,75л",sht_delimyy,1.0,,3.0,,4,LOW_N,delimyy
4820003684917,"Сік Джаффа Мультифрукт 0,95л",sht_delimyy,1.0,,3.0,,4,LOW_N,delimyy
4820250942457,"БІР Пиво Гараж Лимон 0,48л з/б",sht_delimyy,1.0,1.0,3.0,,5,OK,delimyy
4820017000550,"Вода Моршинська 0,75л слаб.",sht_delimyy,1.0,1.0,3.0,,6,OK,delimyy
2984670069919,Риба Скумбрія х/к б/г (600+)  1кг,ves_plav,0.1,0.874,3.0,,8,OK,sales_stat
2984670064907,Риба Окунь г/к 1кг,ves_plav,0.1,0.566,3.0,,9,OK,sales_stat
4820050230075,"Горілка Гетьман 0,7л",sht_delimyy,1.0,1.0,3.0,,17,OK,delimyy
4820215364553,Корм Мяу Курка 300г,sht_delimyy,1.0,1.0,3.0,,25,OK,delimyy
4820146443952,Сік Ранок Томатний 1л,sht_delimyy,1.0,,3.0,,35,LOW_N,delimyy
4820232610022,Союз Посипка конд.Мережко Палички 15г,sht_nedelimyy,3.0,3.0,3.0,,35,OK,min_eq_box
4820183100986,"Грин Дей Вино Вілла Крим Мускат Бербарро н/с Червоне 0,75л (12)",sht_delimyy,1.0,1.0,3.0,,42,OK,delimyy
4820256584811,УДК Напій Вин.Алазанка Авторська Біле н/сол 1л,sht_delimyy,1.0,1.0,3.0,,54,OK,delimyy
4820146443983,"Сік Ранок Мультифрукт 0,2л",sht_delimyy,1.0,,3.0,,70,LOW_N,delimyy
5028349100316,"Дісна Віскі Шотландский Highland Chief  3* 0,7л",sht_delimyy,1.0,1.0,3.0,,83,OK,delimyy
2984670064648,Риба Салака с/с в Олії 1кг,ves_fix,3.0,3.0,3.0,,106,OK,sales_stat
8593893791213,Нестле Батончик Натс Сінгл  Кавун 42гр,sht_delimyy,1.0,2.0,3.0,,106,OK,delimyy
4820179990461,Білизна 1л (Артефис),sht_nedelimyy,3.0,12.0,3.0,,111,OK,nonround_proof
8697422654205,Монжар Драже Хіп Хоп 12гр Упаковка 24 шт,sht_delimyy,1.0,1.0,3.0,,120,OK,delimyy
4820270931622,Монжар Драже Шокотабс 22г упаковка 24шт,sht_delimyy,1.0,1.0,3.0,,171,OK,delimyy
8693323848408,Монжар Мармеладна Стрічка Мікс 15гр Упаковка 72 шт,sht_delimyy,1.0,1.0,3.0,,202,OK,delimyy
4820079690157,"Алексис Крохмаль Картопляний 0,5кг",sht_delimyy,1.0,1.0,3.0,,207,OK,delimyy
4067700015532,"Хлібний Дар Еліт Лікер Jagermeister 0,7л",sht_delimyy,1.0,1.0,3.0,,209,OK,delimyy
4067700015549,"Хлібний Дар Еліт Лікер Jagermeister 0,5л",sht_delimyy,1.0,1.0,3.0,,219,OK,delimyy
4823098210177,"Хлібний Дар Горілка Оксідженіум 0,1л Чарка",sht_delimyy,1.0,1.0,3.0,,221,OK,delimyy
4823098303162,Хлібний Дар Горілка Нікіта 1л,sht_delimyy,1.0,1.0,3.0,,222,OK,delimyy
4820178461412,Алексис Соус Соєвий Класичний 500 мл,sht_delimyy,1.0,1.0,3.0,,226,OK,delimyy
5000299223017,"Хлібний Дар Еліт Ром Captain Morgan Spiced Gold 0,7л",sht_delimyy,1.0,1.0,3.0,,227,OK,delimyy
4820189293231,Коньяк України Азнаурі 3* 1л,sht_delimyy,1.0,1.0,3.0,,231,OK,delimyy
4820253998741,Кузя Сервіс Пакет Д/См 35х15 Затяж,sht_delimyy,1.0,1.0,3.0,,243,OK,delimyy
4823096005614,Чумак Кетчуп Шашлик 250г,sht_delimyy,1.0,1.0,3.0,,249,OK,delimyy
4820183771346,Алексис Скумбрія нат.д/оп Аква 230г,sht_delimyy,1.0,1.0,3.0,,264,OK,delimyy
4820079693554,Алексис Горошок конс.430г,sht_delimyy,1.0,1.0,3.0,,268,OK,delimyy
7613036731713,Нестле Батончик Лайон Кінг 2+1 90г,sht_delimyy,1.0,1.0,3.0,,282,OK,delimyy
4820189290117,"Коньяк України Азнаурі 5* 0,5л",sht_delimyy,1.0,1.0,3.0,,282,OK,delimyy
8006530111584,"Засіб Для Миття Посуду Фейрі Лимон 0,45л",sht_delimyy,1.0,1.0,3.0,,289,OK,delimyy
5010677922005,"Ресурс Мартіні Б*янко 0,5л",sht_delimyy,1.0,1.0,3.0,,332,OK,delimyy
4820070400816,"Немирів Коньяк Шабо V.S 3* 0,5л",sht_delimyy,1.0,1.0,3.0,,353,OK,delimyy
4820001352801,Чумак Томатна Паста 25% 70г,sht_delimyy,1.0,1.0,3.0,,377,OK,delimyy
4820183980663,Маршмеллоу Дозки 50гр,sht_delimyy,1.0,1.0,3.0,,403,OK,delimyy
4820177031753,Золоте Зерно Зефір Жако В Глазурі 1кг,ves_fix,3.0,1.0,3.0,,432,OK,sales_stat
4823098207313,Хлібний Дар Горілка Оксідженіум 1л,sht_delimyy,1.0,1.0,3.0,,448,OK,delimyy
4820189294771,"Спирт.Напій Азнаурі Шоколад 0,5л",sht_delimyy,1.0,1.0,3.0,,482,OK,delimyy
4820004380283,"Ігристе Французький Бульвар н/сл біле 0,75л (6)",sht_delimyy,1.0,1.0,3.0,6.0,498,OK,delimyy
4820189294757,"Спирт.Напій Азнаурі Вишня 0,5л",sht_delimyy,1.0,1.0,3.0,,528,OK,delimyy
4820189294733,"Спирт.Напій Азнаурі Еспрессо 0,5л",sht_delimyy,1.0,1.0,3.0,,737,OK,delimyy
4820210840151,"Медоф Горілка Калганоф Люкс 0,25л",sht_delimyy,1.0,1.0,3.0,,921,OK,delimyy
4820179281040,"Медоф Горілка Класік 0,35л",sht_delimyy,1.0,1.0,3.0,,1124,OK,delimyy
4820231110011,Волхов Печиво Союзне (3кг) 1 кг,ves_fix,3.0,0.95,3.0,3.0,2387,OK,sales_stat
4820235880798,Золоте Зерно Тросник зі Згущ. Молоком 1 кг,ves_fix,3.2,1.3,3.2,,165,OK,sales_stat
4820002306674,ХБФ Трубочки з Молоком 1 кг,ves_fix,3.3,3.3,3.3,,657,OK,sales_stat
4820002306681,ХБФ Трубочки з Какао 1 кг,ves_fix,3.3,3.3,3.3,,722,OK,sales_stat
5449000189301,"Чай Фюз Лимон-Лемонграс 0,5л",sht_delimyy,1.0,,4.0,,1,LOW_N,delimyy
4820055822046,Себек Напій Крем-Сода 3л,sht_delimyy,1.0,,4.0,,2,LOW_N,delimyy
4820250942167,"БІР Пиво Львівське 1715 0,48л банка",sht_delimyy,1.0,,4.0,,3,LOW_N,delimyy
4820193032390,"Оболонь Напій с/а енерг Бронкс з/б 0,5 л",sht_delimyy,1.0,,4.0,,3,LOW_N,delimyy
4820193032994,"Оболонь Пиво Нефільтроване Б/А 0,5л з/б",sht_delimyy,1.0,,4.0,,4,LOW_N,delimyy
4820000459754,"БІР Пиво Гараж Лимон 0,9л",sht_delimyy,1.0,,4.0,,4,LOW_N,delimyy
4820017000062,"Вода Моршинська 0,5л негаз.",sht_delimyy,1.0,1.0,4.0,,5,OK,delimyy
4820017000574,"Вода Моршинська 0,75л Спорт",sht_delimyy,1.0,1.0,4.0,,6,OK,delimyy
54491069,"Спрайт 0,5л",sht_delimyy,1.0,1.0,4.0,,6,OK,delimyy
40822938,"Фанта Оранж 0,5л",sht_delimyy,1.0,1.0,4.0,,7,OK,delimyy
4820001989168,Сигарети Ротманс Блю 25шт,sht_delimyy,1.0,12.0,4.0,,8,OK,delimyy
4820000455855,"БІР Пиво Кроненбург 1664 Бланк 0,46л",sht_delimyy,1.0,9.0,4.0,,9,OK,delimyy
4820001989199,Сигарети Прилуки Класичні 10мг 25шт,sht_delimyy,1.0,3.0,4.0,,11,OK,delimyy
4820055820585,Себек Напій Мультифрут 3л,sht_delimyy,1.0,,4.0,,11,LOW_N,delimyy
4823127300442,Сік Банка Яблучно-Гарбузовий 1л,sht_delimyy,1.0,1.0,4.0,,16,OK,delimyy
4823127300305,Сік Банка Томатний 1л,sht_delimyy,1.0,2.0,4.0,,17,OK,delimyy
8006540512159,Порошок Гала Руч.Прання Морська Свіжість 300г,sht_delimyy,1.0,1.0,4.0,,39,OK,delimyy
4820055820882,Себек Вода 3л газ,sht_delimyy,1.0,1.0,4.0,,49,OK,delimyy
4823124601115,Кілька Чорноморська Обсм.Морські 240г,sht_delimyy,1.0,1.0,4.0,,61,OK,delimyy
7613036624008,"Нестле Шокол.Напій Несквік Опті-Старт 13,5г(28)Стік",sht_delimyy,1.0,3.0,4.0,,69,OK,delimyy
2984670068455,Риба Філе Оселедця (шматочки) с/с в Олії 1кг,sht_delimyy,1.0,1.0,4.0,,70,OK,delimyy
8711000579510,Кава Якобз 3в1 Карамель Латте 450г,sht_delimyy,1.0,1.0,4.0,,72,OK,delimyy
4820152291110,Вибілюючий Засіб Білизна-Мілам 1л,sht_delimyy,1.0,1.0,4.0,,73,OK,delimyy
4820256582619,"УДК Вино Алазан.Долина Гудаурі н/сол Черв 0,75л",sht_delimyy,1.0,1.0,4.0,,73,OK,delimyy
4820026144399,Рідке Мило Актив Фрут Шовковиця/Малина 500мл,sht_delimyy,1.0,1.0,4.0,,74,OK,delimyy
4823069704629,Засіб Д/Чищення Грюнвельд Лимон 500г,sht_delimyy,1.0,1.0,4.0,,81,OK,delimyy
4820237190697,"Ресурс Горілка Вілд Дак Віп 0,5л",sht_delimyy,1.0,1.0,4.0,,82,OK,delimyy
4823090300623,ХБФ Вафлі Артек 90 гр,sht_delimyy,1.0,3.0,4.0,,83,OK,delimyy
54881009690,Чай Ахмад Граф Грей 25 шт,sht_delimyy,1.0,1.0,4.0,,87,OK,delimyy
5000289925440,"Хлібний Дар Еліт Джин Gordon`s 0,7л",sht_delimyy,1.0,1.0,4.0,,91,OK,delimyy
4820209113129,"Боніта Чай Біола Чорний Малина 0,92л",sht_nedelimyy,4.0,12.0,4.0,,93,OK,nonround_proof
4820163121949,"УДК Вино Ореанда Каберне Сухе Червоне 0,75л",sht_delimyy,1.0,1.0,4.0,,97,OK,delimyy
4820002301587,ХБФ Крекер Ніжний 1 кг,ves_fix,4.0,4.0,4.0,,109,OK,sales_stat
4820235321482,"Грин Дей Коньяк Аджарі 5* 0,5л",sht_delimyy,1.0,1.0,4.0,,116,OK,delimyy
4820195500682,Мило Гранд Шарм Яблуневі Мрії 70г,sht_delimyy,1.0,2.0,4.0,,122,OK,delimyy
4820079690782,Алексис Томати конс.з зеленню 1л,sht_delimyy,1.0,1.0,4.0,,127,OK,delimyy
8700216766197,"Капсули Аріель Колор 12шт*18,2г",sht_delimyy,1.0,1.0,4.0,,132,OK,delimyy
4084500644762,Засіб Для Миття Підлоги та Стін Містер Пропер Лимон 1л,sht_delimyy,1.0,1.0,4.0,,134,OK,delimyy
5000159607100,Марс  Драже М&М Арахіс 82г,sht_delimyy,1.0,1.0,4.0,,148,OK,delimyy
5900951017247,Марс  Корм Педігрі Для Цуценят Курка/рис в Желе 100г,sht_delimyy,1.0,3.0,4.0,,152,OK,delimyy
4820206290137,Кава Якобз Монарх 250г,sht_delimyy,1.0,1.0,4.0,,177,OK,delimyy
2978950017301,"Пляшка пивна 1,5 л (88)",sht_delimyy,5.0,5.0,88.0,,186,OK,manual
4820210842889,"Медоф Настоянка Калганоф ""З Ромом"" 0,5л",sht_delimyy,1.0,1.0,4.0,,191,OK,delimyy
5900951302053,Марс  Корм Віскас Лосось в Соусі 85г,sht_delimyy,1.0,1.0,4.0,,193,OK,delimyy
4820156766416,Чумак Макарони Спіральки 400г,sht_delimyy,1.0,1.0,4.0,,193,OK,delimyy
4820004921356,"Хлібний Дар Вино Коблево Кагор Український 0,75 л",sht_delimyy,1.0,1.0,4.0,,197,OK,delimyy
4823105405817,Верес Горошок Зелений гост 420г,sht_delimyy,1.0,1.0,4.0,,198,OK,delimyy
5900951256684,Марс  Корм Кітікет Курка в Соусі 85г,sht_delimyy,1.0,1.0,4.0,,198,OK,delimyy
8711000564219,"Чай Піквік Зелений Байховий (20*1,5г)",sht_delimyy,1.0,1.0,4.0,,199,OK,delimyy
4823105400614,Верес Томати Мариновані Черрі 500г,sht_delimyy,1.0,1.0,4.0,,206,OK,delimyy
4823105806270,АВК Повітряні Батончики Мажор Вишня 1кг (4),ves_fix,4.0,1.0,4.0,4.0,209,OK,sales_stat
4840195002917,"Коньяк Дівін Золотий Аіст 5*0,5л",sht_delimyy,1.0,1.0,4.0,,217,OK,delimyy
4820181424886,"Немирів Горілка ДеЛюкс 0,5л",sht_delimyy,1.0,1.0,4.0,,219,OK,delimyy
4820195500712,Мило Гранд Шарм Дитяче 70г,sht_delimyy,1.0,1.0,4.0,,219,OK,delimyy
5000265101042,"Хлібний Дар Еліт Віскі White Horse 0,5л",sht_delimyy,1.0,1.0,4.0,,225,OK,delimyy
5900951295584,Марс  Драже М&М Шоколад 90г,sht_delimyy,1.0,2.0,4.0,,233,OK,delimyy
4820182222160,"Хлібний Дар Бренді Коблево 3* 0,5л",sht_delimyy,1.0,1.0,4.0,,244,OK,delimyy
4770608264406,Марс  Корм Шеба Пауч Яловичина в Соусі 85г,sht_delimyy,1.0,2.0,4.0,,255,OK,delimyy
4820211661236,Вир.Макаронні Ля Паста Спагетті 400г,sht_delimyy,1.0,1.0,4.0,,257,OK,delimyy
7613031381029,Нестле Корм Гурме Голд Мус Тунець/Океан Риба з/б 85г,sht_delimyy,1.0,2.0,4.0,,275,OK,delimyy
4820000944533,"УДК Напій Алк.Шоколад та Вишня 0,5л",sht_delimyy,1.0,1.0,4.0,,282,OK,delimyy
4820079692465,Алексис Квасоля в том/соусі 450г,sht_delimyy,1.0,1.0,4.0,,283,OK,delimyy
4820179257526,Гермес Крем-Суп Курка З Крутонами Реева 17гр,sht_delimyy,1.0,1.0,4.0,,286,OK,delimyy
4820231110547,Волхов Печиво Вівсяне (4кг) 1 кг,ves_plav,0.1,1.1,4.0,4.0,289,OK,sales_stat
4820229032899,"УДК Настоянка Медовуха Гречана 0,5л (20)",sht_delimyy,1.0,1.0,4.0,,298,OK,delimyy
5900951302138,Марс  Корм Віскас Курка в Желе 85г,sht_delimyy,1.0,2.0,4.0,,312,OK,delimyy
4840195002900,"Коньяк Дівін Золотий Аіст 3*0,5л",sht_delimyy,1.0,1.0,4.0,,341,OK,delimyy
4823098208884,"Хлібний Дар Джин Козацька Рада Експортне 0,5л",sht_delimyy,1.0,1.0,4.0,,344,OK,delimyy
4820055820943,Себек Вода 3л негаз,sht_nedelimyy,4.0,4.0,4.0,,403,OK,min_eq_box
4820206080738,Страйпси Равлик Боб Яблучно-Малинові 14г,sht_delimyy,1.0,1.0,4.0,,420,OK,delimyy
8714599101681,Кава Якобз Монарх 20г,sht_delimyy,1.0,1.0,4.0,,435,OK,delimyy
4820183774842,Алексис Шпроти в олії Аквамарин 150г,sht_delimyy,1.0,1.0,4.0,,451,OK,delimyy
5010677160018,"Ресурс Напій на Осн.Рому Окхарт 35% 0,5л",sht_delimyy,1.0,1.0,4.0,,662,OK,delimyy
4820231110165,Волхов Печиво Вівсяне Шоколадом (4кг) 1 кг,ves_plav,0.1,1.1,4.0,4.0,904,OK,sales_stat
4823098207252,"Хлібний Дар Горілка Оксідженіум 0,35л",sht_delimyy,1.0,1.0,4.0,,912,OK,delimyy
4820078260894,Золоте Зерно Зефір Жако Біло-Рожевий 1кг,ves_fix,4.0,2.14,4.0,,1139,OK,sales_stat
4820231110103,Волхов Пряник з Повидлом (4кг) 1 кг,ves_plav,0.1,1.0,4.0,4.0,1916,OK,sales_stat
4823105813575,"АВК Ваф.Трубочки Бам-Бук Шоколод 1кг (4,4)",ves_fix,4.4,4.4,4.4,4.4,39,OK,sales_stat
4823105813452,"АВК Ваф.Трубочки Бам-Бук Згущене Молоко 1кг (4,4)",ves_fix,4.4,2.4,4.4,4.4,126,OK,sales_stat
4820002306643,ХБФ Вафлі Щедрики 1 кг,ves_fix,4.5,4.5,4.5,,428,OK,sales_stat
2984670076160,"Грона Печиво Наполеон тубус 1кг (4,58)",ves_plav,0.1,,4.58,4.58,1,OK,sales_stat
7622210634108,Гумка Дірол Кавун Диня Кокт.14г,sht_delimyy,1.0,,5.0,,1,LOW_N,delimyy
4820239243025,"Ферма Масло РХ Полтавське 72,5% 180г",sht_delimyy,1.0,,5.0,,1,LOW_N,delimyy
701575924479,Папір А4 Марам,sht_delimyy,1.0,,5.0,,1,LOW_N,delimyy
4823127313336,Авангард Чіпси Чіпстерс Томат Спайсі 95/110г,sht_delimyy,1.0,,5.0,,1,LOW_N,delimyy
4820239242653,Ферма Масло Ферма Селянське 73% 180г,sht_delimyy,1.0,,5.0,,2,LOW_N,delimyy
7622300511814,Бісквіт Барні Молочний 150г,sht_delimyy,1.0,,5.0,,2,LOW_N,delimyy
4823127302101,Авангард Сухарики Флінт пш.житні Краб 140г,sht_delimyy,1.0,,5.0,,2,LOW_N,delimyy
4823063130295,"Сік Садочок Мультифрукт 0,5л",sht_delimyy,1.0,,5.0,,2,LOW_N,delimyy
4823003215020,Сигарети ЛМ Ред 40шт,sht_delimyy,1.0,,5.0,,3,LOW_N,delimyy
4823063112871,"Сік Сандора Томатний 0,95л",sht_delimyy,1.0,,5.0,,3,LOW_N,delimyy
4820192687416,Сигарети Лакі Страйк Ред 40шт,sht_delimyy,1.0,,5.0,,4,LOW_N,delimyy
7622210671035,Льодяники Холз Лісові Ягоди 25г,sht_delimyy,1.0,,5.0,,5,LOW_N,delimyy
7622210722416,Льодяники Холз Екстра Стронг 25г,sht_delimyy,1.0,,5.0,,6,LOW_N,delimyy
4823003208947,Сигарети Лм Лофт Сіа Блю 20шт,sht_delimyy,1.0,10.0,5.0,,10,OK,delimyy
48210102,Сигарети Кент Нано Вайт 20шт,sht_delimyy,1.0,3.0,5.0,,10,OK,delimyy
4030600253922,Сигарети Вест Корал Мікс 20шт,sht_delimyy,1.0,5.0,5.0,,11,OK,delimyy
4820215629317,Сигарети Нео Демі Пурбл Єлоу Буст 20шт,sht_delimyy,1.0,3.0,5.0,,11,OK,delimyy
5053990101535,Чіпси Прінглс Сир-Цибуля 165г,sht_delimyy,1.0,1.0,5.0,,11,OK,delimyy
4030600252758,Сигарети Вест Ред Ап 20шт,sht_delimyy,1.0,5.0,5.0,,12,OK,delimyy
4823003208107,Сигарети Бонд Стрит Блю Селекшн 20шт,sht_delimyy,1.0,3.0,5.0,,16,OK,delimyy
4820192688352,Сигарети Лакі Страйк Блю 40шт,sht_delimyy,1.0,3.0,5.0,,17,OK,delimyy
2984670064624,Риба Вомер В'ялений 1кг,ves_plav,0.1,0.6,5.0,,17,OK,sales_stat
4823124603386,Ковбаски Ля Філешка Кабаноси зі Свинини 40г,sht_delimyy,1.0,1.0,5.0,,21,OK,delimyy
7622100537489,Сигарети Терея Сан Перл 20шт,sht_nedelimyy,5.0,5.0,5.0,,21,OK,min_eq_box
4823124603393,Ковбаски Ля Філешка Кабаноси зі Свинини 70г,sht_delimyy,1.0,1.0,5.0,,21,OK,delimyy
4823124603492,Ковбаски Ля Філешка Кабаноси з М'яса Птиці з Сиром 70г,sht_delimyy,1.0,1.0,5.0,,23,OK,delimyy
2984670065454,Риба Вомер (200-300) х/к 1кг,ves_plav,0.1,1.0,5.0,,24,OK,sales_stat
4820192687676,Сигарети Кент Люміна 20шт,sht_delimyy,1.0,2.0,5.0,,29,OK,delimyy
4820274150753,До Бочкового Грінки Хвилясті Ковбаски з Гірчицею 1кг,sht_delimyy,1.0,1.0,5.0,,34,OK,delimyy
4823124600163,Майонезний Соус Ля Паста Часниковий 180г,sht_delimyy,1.0,1.0,5.0,,36,OK,delimyy
4820182062759,До Бочкового Арахіс Смажений в Оболочці Бекон 1кг (5),ves_fix,1.0,0.656,5.0,5.0,37,OK,sales_stat
8445291321601,Нестле Шоколад Несквік Полуничний Смак 100г,sht_delimyy,1.0,1.0,5.0,,41,OK,delimyy
4820195500569,Мило Шарм Зволожуючий Крем 5*70г,sht_delimyy,1.0,1.0,5.0,,42,OK,delimyy
4823079100275,Союз Суміш Перців Горошок Ямуна 20г,sht_delimyy,1.0,1.0,5.0,,45,OK,delimyy
2984670064723,Риба Кілька п/п 1кг,ves_fix,5.0,5.0,5.0,,48,OK,sales_stat
4823124600156,Майонезний Соус Ля Паста Подвійний Сир 180г,sht_delimyy,1.0,1.0,5.0,,49,OK,delimyy
7613035351820,"Нестле Корм Фріскіс з Куркою,Овочами 270г",sht_delimyy,1.0,1.0,5.0,,53,OK,delimyy
8445290530707,Нестле Шоколад Несквік з Начинкою 100г,sht_delimyy,1.0,1.0,5.0,,63,OK,delimyy
4820256582985,"УДК Бренді Шустов-160 0,25л",sht_delimyy,1.0,,5.0,,76,LOW_N,delimyy
4820189295389,"Бренді Азнаурі V.V.S.O.P. 5*0,5л",sht_delimyy,1.0,1.0,5.0,,84,OK,delimyy
8887290109888,Кава Мак Кофе Амаретто (20) 18г Упаковка 20 шт,sht_delimyy,1.0,1.0,5.0,,92,OK,delimyy
8445290306401,Нестле Вафлі Артек Шоколадні 71г,sht_delimyy,1.0,2.0,5.0,,97,OK,delimyy
132303198051,Кузя Сервіс Пакет Суп.Люкс Д/Сміт 160л 10шт,sht_delimyy,1.0,2.0,5.0,,101,OK,delimyy
4820189943167,Союз Кетчуп МакМай До Шашлику д/п 450г,sht_delimyy,1.0,1.0,5.0,,103,OK,delimyy
4820189942122,Союз Соус Аджика МакМай Класична скло 180г,sht_delimyy,1.0,1.0,5.0,,113,OK,delimyy
4820270362716,Безтютюн.Нікотин.Под.VELO SpifSpeaEkciht,sht_delimyy,1.0,1.0,5.0,,126,OK,delimyy
4820179257564,Гермес Приправа М*ясна Реева 80гр,sht_delimyy,1.0,1.0,5.0,,126,OK,delimyy
5900020042927,Нестле Готовий Сніданок Лайон 210г,sht_delimyy,1.0,1.0,5.0,,128,OK,delimyy
2984670062132,Теплі Моря М*ясні Смужки Пармезан Сол/Суш 1кг,ves_fix,1.0,1.0,5.0,,130,OK,sales_stat
8887290109857,Кава Мак Кофе Айріш Крем 18 гр (20) Упаковка 20 шт,sht_delimyy,1.0,1.0,5.0,,134,OK,delimyy
5053990101542,Чіпси Прінглс Гострі 165г,sht_delimyy,1.0,1.0,5.0,,139,OK,delimyy
4820243970191,Рябчик Слайси з Філе Кур.з перцем чилі 30г,sht_delimyy,1.0,1.0,5.0,,144,OK,delimyy
4820021573200,Теплі Моря Бастурма Карпатська Сол/Суш 1кг,ves_fix,1.0,0.674,5.0,,145,OK,sales_stat
2978950039648,Агропром Ложка Для Супу (*10),sht_delimyy,1.0,1.0,5.0,,148,OK,delimyy
8445291125285,Нестле Приправа Мівіна Куряча 80г,sht_delimyy,1.0,1.0,5.0,,151,OK,delimyy
4820270365090,Безтютюн.Нікотин.Под.VELO Pep Min Stor Ексінт,sht_delimyy,1.0,1.0,5.0,,151,OK,delimyy
4820179257946,Гермес Приправа 12 Овочів та Трав Іделія 60гр,sht_delimyy,1.0,1.0,5.0,,161,OK,delimyy
5900516400033,Подушечки З Вати Белла 80шт,sht_delimyy,1.0,1.0,5.0,,161,OK,delimyy
4820270362815,Безтютюн.Нікотин.Под.VELO IcyBerry М'який,sht_delimyy,1.0,1.0,5.0,,166,OK,delimyy
4820243970047,Рябчик Слайси з Філе Кур.з медом і гірчицею 30г,sht_delimyy,1.0,1.0,5.0,,204,OK,delimyy
4820232610350,Союз Хлібці Пшеничні Ямуна 80 гр,sht_delimyy,1.0,1.0,5.0,,212,OK,delimyy
4820270363133,Безтютюн.Нікотин.Под.VELO Mighty Peppermint Інтенсивний (А),sht_delimyy,1.0,1.0,5.0,,213,OK,delimyy
8445290995919,Нестле Кава Нескафе Голд 100гр,sht_delimyy,1.0,1.0,5.0,,214,OK,delimyy
7613035706804,Нестле Шокол.Напій Несквік Какао 140 гр,sht_delimyy,1.0,1.0,5.0,,221,OK,delimyy
7622100546153,Сигарети Блендс Голд Классік 20шт,sht_nedelimyy,5.0,5.0,5.0,,227,OK,min_eq_box
4823000919709,Нестле Кава Нескафе Класік 30г,sht_delimyy,1.0,1.0,5.0,,245,OK,delimyy
5053990101573,Чіпси Прінглс Оригінал 165 гр,sht_delimyy,1.0,1.0,5.0,,246,OK,delimyy
5053990106868,Чіпси Прінглс Паприка 165 гр,sht_delimyy,1.0,1.0,5.0,,248,OK,delimyy
5900020042941,Нестле Готовий Сніданок Несквік 200г,sht_delimyy,1.0,1.0,5.0,,251,OK,delimyy
7613036649667,Нестле Заправка Торчин Буряково-Томатна 220г,sht_delimyy,1.0,1.0,5.0,,252,OK,delimyy
4820002301563,ХБФ Печиво Зоологічне 1 кг,ves_fix,5.0,5.0,5.0,,252,OK,sales_stat
4820179257342,Гермес Приправа Куряча Реева 80гр,sht_delimyy,1.0,1.0,5.0,,253,OK,delimyy
4820002300856,ХБФ Печиво Марія 1 кг,ves_fix,5.0,5.0,5.0,,255,OK,sales_stat
8445290306623,Нестле Вафлі Артек Класичний 71 гр,sht_delimyy,1.0,1.0,5.0,,259,OK,delimyy
4820270362990,Безтютюн.Нікотин.Под.VELO Breezy Mango Класичний (А),sht_delimyy,1.0,1.0,5.0,,268,OK,delimyy
4820270362877,Безтютюн.Нікотин.Под.VELO Crispy Pep Класичний (А),sht_delimyy,1.0,1.0,5.0,,281,OK,delimyy
7622100540687,Сигарети Блендс Саммер капс 20шт,sht_nedelimyy,5.0,5.0,5.0,,300,OK,min_eq_box
4823003215204,Сигарети Парламент Сохо Компакт блю 20шт,sht_nedelimyy,5.0,5.0,5.0,,302,OK,min_eq_box
7622100540656,Сигарети Блендс Пурпл капс 20шт,sht_nedelimyy,5.0,5.0,5.0,,303,OK,min_eq_box
4820132924502,"Галіція Пряник Заварний Солодка Долина Шоконель (0,3кг)  1шт",sht_delimyy,1.0,1.0,5.0,0.3,314,OK,delimyy
4820132924519,"Галіція Пряник Заварний Солодка Долина Лімонель (0,3кг)   1шт",sht_delimyy,1.0,1.0,5.0,0.3,324,OK,delimyy
8445290992628,Нестле Кава Нескафе Голд 50гр,sht_delimyy,1.0,1.0,5.0,,329,OK,delimyy
4823077621154,Рошен  Батончик З Начинкою 43 гр (180),sht_delimyy,1.0,1.0,5.0,,336,OK,delimyy
4820270363102,Безтютюн.Нікотин.Под.VELO Mighty Pep Екстра Інтенсивний (А),sht_delimyy,1.0,1.0,5.0,,341,OK,delimyy
4820001314366,Нестле Гірчиця Торчин Міцна 130г,sht_delimyy,1.0,1.0,5.0,,360,OK,delimyy
4820270362907,Безтютюн.Нікотин.Под.VELO Mighty Pep Класичний (А),sht_delimyy,1.0,1.0,5.0,,360,OK,delimyy
4820132924526,"Галіція Пряник Заварний Солодка Долина Малінель (0,3кг)   1шт",sht_delimyy,1.0,1.0,5.0,0.3,368,OK,delimyy
4820001316001,Нестле Майонез Торчин Європейський 300 гр,sht_delimyy,1.0,1.0,5.0,,383,OK,delimyy
4823003216119,Сигарети ЛМ Фест Ред 20шт,sht_nedelimyy,5.0,5.0,5.0,,407,OK,min_eq_box
4820178461153,Алексис Соус Соєвий Класичний 200 мл,sht_delimyy,1.0,1.0,5.0,,432,OK,delimyy
4820210842445,"Медоф Настоянка Калганова з Медом На Бренді 0,25л",sht_delimyy,1.0,1.0,5.0,,439,OK,delimyy
4820001314465,Нестле Торчин Соус Тартар 200 гр,sht_delimyy,1.0,1.0,5.0,,478,OK,delimyy
4820079690201,Алексис Крупа Гречана 800г,sht_delimyy,1.0,1.0,5.0,,479,OK,delimyy
4823003216089,Сигарети ЛМ Фест Блу 20шт,sht_nedelimyy,5.0,5.0,5.0,,488,OK,min_eq_box
4820189295518,"Бренді Азнаурі V.S. 3* 0,1л",sht_delimyy,1.0,1.0,5.0,,562,OK,delimyy
4820080720751,"Хлібний Дар Горілка Пшенична 0,5л",sht_delimyy,1.0,1.0,5.0,,686,OK,delimyy
4820201992531,"Прайм Горілка Класична 0,35л",sht_delimyy,1.0,1.0,5.0,,747,OK,delimyy
4820001316063,Нестле Кетчуп Торчин Лагідний 250 гр,sht_delimyy,1.0,1.0,5.0,,896,OK,delimyy
4820189940142,Союз Паста Томатна МакМай Домашня 70 гр (40),sht_delimyy,1.0,1.0,5.0,,1047,OK,delimyy
4820256584972,"УДК Напій Спирт.Шустов Золота Колекція 3*0,1л",sht_delimyy,1.0,1.0,5.0,,1169,OK,delimyy
5060895744156,"Бьорн Фруктовий Пунш 0,25л з/б",sht_delimyy,1.0,,6.0,,1,LOW_N,delimyy
4823063127615,Напій Ліптон Чай Чорний Персик 1л,sht_delimyy,1.0,,6.0,,1,LOW_N,delimyy
5449000191489,Соковий Напій КАППІ Оранж Мікс н/газ 1л (12),sht_delimyy,1.0,,6.0,,1,LOW_N,delimyy
4820000190077,Оболонь Вода Оболонська 2 л,sht_delimyy,1.0,,6.0,,1,LOW_N,delimyy
4820046965301,Броварня Пиво Світле 20 Років 2л,sht_delimyy,1.0,,6.0,,1,LOW_N,delimyy
4820193032284,"Оболонь Пиво Київське Розливне 1,95л",sht_delimyy,1.0,,6.0,,2,LOW_N,delimyy
4820046964557,"Броварня Пиво Чайка Черноморська 1,45л",sht_delimyy,1.0,,6.0,,2,LOW_N,delimyy
4860019001360,Мінеральна вода Боржомі 1л,sht_delimyy,1.0,,6.0,,2,LOW_N,delimyy
4820192262835,"Наш Сік Яблуко-Виноград 1,93л",sht_delimyy,1.0,,6.0,,2,LOW_N,delimyy
5449000091376,"Кока Кола Кава Карамель 0,25 з/б",sht_delimyy,1.0,,6.0,,2,LOW_N,delimyy
4820250941481,"БІР Пиво Хольстен Пілзнер 1,96л",sht_delimyy,1.0,,6.0,,3,LOW_N,delimyy
4820003689325,"Наш Сік Мультифрукт 1,93л",sht_delimyy,1.0,,6.0,,3,LOW_N,delimyy
4820002711102,Оболонь Напій Квас Старокиївський 2л,sht_delimyy,1.0,,6.0,,3,LOW_N,delimyy
4820000195447,Оболонь Напій Живчик Яблуко 2 л,sht_delimyy,1.0,,6.0,,3,LOW_N,delimyy
5449000236241,Чай Фюз Лимон-Лемонграс 1л,sht_delimyy,1.0,,6.0,,3,LOW_N,delimyy
4820250942242,"БІР Пиво Львівське 1715 2,25л",sht_delimyy,1.0,,6.0,,4,LOW_N,delimyy
4820046965202,"Броварня Пиво Чайка Черноморська Нефільтроване 1,45л",sht_delimyy,1.0,,6.0,,4,LOW_N,delimyy
4820055821018,Себек Напій Смак Полуниця з Вершками 2л,sht_delimyy,1.0,,6.0,,4,LOW_N,delimyy
4820193034080,"Оболонь Пиво Зіберт Світле 2,25л",sht_delimyy,1.0,,6.0,,4,LOW_N,delimyy
5060466510951,"Бьорн Оригінальний 0,5л з/б",sht_delimyy,1.0,,6.0,,4,LOW_N,delimyy
4820250942266,"БІР Пиво Львівське Світле 2,35л",sht_delimyy,1.0,1.0,6.0,,5,OK,delimyy
4820252123069,"Шейки Рево Блек 0,5л з\б (24)",sht_delimyy,1.0,1.0,6.0,,5,OK,delimyy
5060466511019,"Бьорн Оригінальний 0,25л з/б",sht_delimyy,1.0,1.0,6.0,,5,OK,delimyy
5449000131836,"Кока Кола Зеро 0,5л",sht_delimyy,1.0,1.0,6.0,,6,OK,delimyy
5449000132505,"Спрайт 1,75л",sht_delimyy,1.0,1.0,6.0,,6,OK,delimyy
4823063127578,Напій Ліптон Чай Чорний Лимон 1л,sht_delimyy,1.0,5.0,6.0,,7,OK,delimyy
5449000132499,"Фанта Оранж 1,75л",sht_delimyy,1.0,1.0,6.0,,7,OK,delimyy
4820000430975,"Вода Миргородська Лагідна 1,5л слаб.",sht_delimyy,1.0,1.0,6.0,,7,OK,delimyy
4823063129329,"Пепсі-Кола 1,25л",sht_delimyy,1.0,3.0,6.0,,9,OK,delimyy
4860019002077,"Мінеральна вода Боржомі 1,25л",sht_delimyy,1.0,1.0,6.0,,9,OK,delimyy
4860019001414,"Мінеральна вода Боржомі 0,75л",sht_delimyy,1.0,1.0,6.0,,9,OK,delimyy
4820003684849,"Сік Джаффа Ананас 0,95л",sht_delimyy,1.0,1.0,6.0,,9,OK,delimyy
5449000028921,"Кока Кола 1,25л",sht_delimyy,1.0,1.0,6.0,,10,OK,delimyy
4820000944748,"УДК Вино Ореанда Мускат н/сол Біле 1,5л",sht_delimyy,1.0,1.0,6.0,,11,OK,delimyy
2984670061869,Себек Напій Мохіто 2л,sht_delimyy,1.0,6.0,6.0,,13,OK,delimyy
2984670068349,Риба Філе Оселедця х/к 1кг,ves_plav,0.1,1.0,6.0,,16,OK,sales_stat
5449000133724,"Кока Кола Зеро 1,25л",sht_delimyy,1.0,1.0,6.0,,18,OK,delimyy
8005890805942,"Вино Пулія Піно Гріджио Сухе Біле 0,75л",sht_delimyy,1.0,1.0,6.0,,26,OK,delimyy
8410261215013,"Вино Каппо Москато Сухе Біле 0,75л",sht_delimyy,1.0,1.0,6.0,,29,OK,delimyy
4823063113809,"Пепсі-Блек 1,5л",sht_nedelimyy,6.0,6.0,6.0,,30,OK,min_eq_box
5061013963206,"Бьорн Гуава 0,25л з/б",sht_delimyy,1.0,1.0,6.0,,33,OK,delimyy
4820055820806,Себек Напій Мультифрут 2л,sht_nedelimyy,6.0,6.0,6.0,,37,OK,min_eq_box
4820212961724,Монжар Яйце з Сюрпризом Монстри (24) Упаковка 24 шт,sht_delimyy,1.0,1.0,6.0,,38,OK,delimyy
5449000032355,Чай Фюз Лохина-Лаванда Зеро 1л,sht_delimyy,1.0,1.0,6.0,,40,OK,delimyy
5449000258243,"Кока Кола Плюс Кава 0,25 з/б",sht_delimyy,1.0,1.0,6.0,,41,OK,delimyy
4823065904252,Айсберг Мідії Варені в Олії 180гр,sht_delimyy,1.0,1.0,6.0,,49,OK,delimyy
5449000323774,"Фанта Мандарин Зеро 0,5л",sht_delimyy,1.0,1.0,6.0,,55,OK,delimyy
4823063127905,"Пепсі-Блек 1,75л",sht_nedelimyy,6.0,6.0,6.0,,59,OK,min_eq_box
4820182221750,"Хлібний Дар Напій Спирт.Аліко Аромат Абрикоса 0,5л",sht_delimyy,1.0,1.0,6.0,,65,OK,delimyy
4820056220117,"Дісна Мін.Вода Поляна Квасова 1,5 л ПЄТ (6)",sht_nedelimyy,6.0,6.0,6.0,6.0,69,OK,name_i_istoriya
4820212960093,Монжар Яйце з Сюрпризом Зоо Планета (24) Упаковка 24 шт,sht_delimyy,1.0,1.0,6.0,,76,OK,delimyy
8697595880029,Монжар Браслет З Цукеркою Соскою 8гр Упаковка 100 шт,sht_delimyy,1.0,1.0,6.0,,79,OK,delimyy
4841676000750,"Вино Legenda Moldovei Мерло н/сол Черв.0,75л",sht_delimyy,1.0,1.0,6.0,,80,OK,delimyy
4841676000774,"Вино Legenda Moldovei Мускат н/сол Біле 0,75л",sht_delimyy,1.0,1.0,6.0,,80,OK,delimyy
4820256582626,"УДК Вино Алазан.Долина Гудаурі н/сол Біле 0,75л",sht_delimyy,1.0,1.0,6.0,,80,OK,delimyy
4820169223708,Золоте Зерно Цукерки Леді Смородіна 1кг,ves_fix,2.0,0.458,6.0,,81,OK,sales_stat
4820254573718,"Немирів Вино Ігристе Шабо Прімо Секко ЕкстраСухе 0,75л",sht_delimyy,1.0,1.0,6.0,,98,OK,delimyy
4820001727197,"Грин Дей Ігристе Вілла Крим Салюте Асті 0,75л",sht_delimyy,1.0,1.0,6.0,,100,OK,delimyy
4820209111668,Боніта Нектар Біола Томатний Гострий 1л,sht_delimyy,1.0,2.0,6.0,,102,OK,delimyy
2984670064419,Риба Лососевий Набір(солений) 500г,sht_delimyy,1.0,1.0,6.0,,103,OK,delimyy
4820254573008,"Немирів Вино Ігристе Шабо Прімо Секко Н/Сол Біле 0,75л",sht_delimyy,1.0,1.0,6.0,,103,OK,delimyy
8700216162173,Дезодорант Олд Спайс Вулфсорн 50мл,sht_delimyy,1.0,1.0,6.0,,104,OK,delimyy
4860127040312,"Дісна Вино Картулі Вазі Піросмані Червоне н/сухе 0,75л",sht_delimyy,1.0,1.0,6.0,,107,OK,delimyy
4823105816736,АВК Цукерки Mr.BlGuin 1кг,ves_fix,1.0,1.0,6.0,,108,OK,sales_stat
8594405105504,"Хлібний Дар Еліт Лікер Becherovka Lemond 0,5л",sht_delimyy,1.0,1.0,6.0,,110,OK,delimyy
4820235320232,"Грин Дей Коньяк Клинков 5* Віп С-клас 0,5л (6)",sht_delimyy,1.0,1.0,6.0,6.0,110,OK,delimyy
4820189595594,Бренді Азнаурі V.S. 3* 1л,sht_delimyy,1.0,1.0,6.0,,116,OK,delimyy
4860127040374,"Дісна Вино Картулі Вазі Сапераві Червоне Сухе 0,75 л",sht_delimyy,1.0,1.0,6.0,,118,OK,delimyy
4820254573817,"Немирів Напій Алк. Шабо Бамбл Кава 30% 0,5л",sht_delimyy,1.0,1.0,6.0,,137,OK,delimyy
4860127040114,"Дісна Вино Картулі Вазі Алазанська Долина Біле н/с 0,75 л",sht_delimyy,1.0,1.0,6.0,,138,OK,delimyy
5010677033916,"Ресурс Ром Баккарді Карта Негра 0,5л",sht_delimyy,1.0,1.0,6.0,,138,OK,delimyy
5000159542807,Марс  Драже М&М Рисові Кульки 36г,sht_delimyy,1.0,1.0,6.0,,140,OK,delimyy
4820189291671,"Вино Азнаурі Алазанська Долина напів/солод червоне 1,5л",sht_delimyy,1.0,1.0,6.0,,142,OK,delimyy
4860127040138,"Дісна Вино Картулі Вазі Алазанська Долина Червоне н/с 0,75 л",sht_delimyy,1.0,1.0,6.0,,146,OK,delimyy
4820070408454,"Немирів Бренді Шабо Х.О. 7* 0,5л",sht_delimyy,1.0,1.0,6.0,,155,OK,delimyy
4820189291688,"Вино Азнаурі Алазанська Долина напів/солод біле 1,5л",sht_delimyy,1.0,1.0,6.0,,161,OK,delimyy
4820256588024,УДК Напій Вин.Тамянка Авторське н/сол Біле 1л,sht_delimyy,1.0,1.0,6.0,,176,OK,delimyy
7613287747501,"Нестле Вермішель Мівіна Щедра Порція Куряча з Овочами та Зеленню Негостра 73,5г",sht_delimyy,1.0,3.0,6.0,,176,OK,delimyy
4820183102263,"Грин Дей Вино Вілла Крим Мускат Рів*єра н/с Рожеве 1,5л",sht_delimyy,1.0,1.0,6.0,,177,OK,delimyy
4820001727166,"Грин Дей Ігристе Вілла Крим н/с Біле 0,75л",sht_delimyy,1.0,1.0,6.0,,179,OK,delimyy
4860127040459,"Дісна Вино Картулі Вазі Цинандалі Біле Сухе 0,75 л",sht_delimyy,1.0,1.0,6.0,,180,OK,delimyy
4850015313840,"Коньяк Привітальний 3* 0,5л",sht_delimyy,1.0,1.0,6.0,,184,OK,delimyy
4860001680252,"Дісна Вино Картулі Вазі Сапераві Червоне Сухе 0,75 л",sht_delimyy,1.0,1.0,6.0,,185,OK,delimyy
4000512992622,Бойчак  Мармелад Жув. Троллі  Глаз 60шт,sht_delimyy,1.0,1.0,6.0,,186,OK,delimyy
3014260287030,Бритви Одноразові Джилет 5шт,sht_delimyy,1.0,1.0,6.0,,187,OK,delimyy
4820183100160,"Грин Дей Вино Вілла Крим Шато Барон н/с Біле 1,5л",sht_delimyy,1.0,1.0,6.0,,189,OK,delimyy
2978950227168,Скотч 300м,sht_delimyy,1.0,1.0,6.0,,199,OK,delimyy
4823105807062,АВК Цукерки Трюфель Молочний 1кг,ves_fix,1.0,1.0,6.0,,200,OK,sales_stat
4823105802494,АВК Цукерки Труфальє 1кг,ves_fix,1.0,1.0,6.0,,203,OK,sales_stat
4860001680658,"Дісна Вино Картулі Вазі Алазанська Долина Біле н/с 0,75 л",sht_delimyy,1.0,1.0,6.0,,208,OK,delimyy
4860013089609,"Немирів Вино Міріані Алазанская Долина Біле Н/Сол 0,75л",sht_delimyy,1.0,1.0,6.0,,222,OK,delimyy
4820002300429,ХБФ Печиво Шпаргалка 1 кг,ves_fix,6.0,5.0,6.0,,230,OK,sales_stat
8413178268349,Бойчак  Цукерки Желейні ТМ Відал Кріппі Джеллі 11г,sht_nedelimyy,6.0,6.0,6.0,,234,OK,min_eq_box
4841676005038,"Вино Ігристе Pierre Monte Солодке Біле 0,75л",sht_delimyy,1.0,1.0,6.0,,238,OK,delimyy
4860001680641,"Дісна Вино Картулі Вазі Алазанська Долина Червоне н/с 0,75 л",sht_delimyy,1.0,1.0,6.0,,239,OK,delimyy
4820079691475,Алексис Тушонка Яловичина 525г з/б,sht_delimyy,1.0,1.0,6.0,,261,OK,delimyy
4820270931646,Монжар Машинка-Сюрприз Форсаж(24),sht_delimyy,1.0,1.0,6.0,,262,OK,delimyy
4820183102287,Грин Дей Горілка Зелений День 1л,sht_delimyy,1.0,1.0,6.0,,265,OK,delimyy
4820183980601,Маршмеллоу Тучки-Штучки 75гр,sht_delimyy,1.0,1.0,6.0,,265,OK,delimyy
4820146980044,Свіфт Цукор Пресований 500 гр,sht_delimyy,1.0,1.0,6.0,,266,OK,delimyy
4820188110645,"Дісна Вино Вардіані Піросмані Червоне н/сухе 0,75л",sht_delimyy,1.0,1.0,6.0,,270,OK,delimyy
4860001680221,"Дісна Вино Картулі Вазі Цинандалі Біле Сухе 0,75 л",sht_delimyy,1.0,1.0,6.0,,271,OK,delimyy
4860013089586,"Немирів Вино Міріані Алазанская Долина Черв.Н/Сол 0,75л",sht_delimyy,1.0,1.0,6.0,,286,OK,delimyy
4820254574104,"Немирів Бренді Україна Шабо V.S. 3* 0,5л",sht_delimyy,1.0,1.0,6.0,,287,OK,delimyy
4820188110652,"Дісна Вино Вардіані Алазанська Долина Біле н/с 0,75л",sht_delimyy,1.0,1.0,6.0,,288,OK,delimyy
4820270931677,Монжар Цуценя-Сюрприз Зоо-Планета(24),sht_delimyy,1.0,1.0,6.0,,288,OK,delimyy
4820271511366,"Хлібний Дар Напій Винний Фраголіно Салюте Б*янко 0,75л",sht_delimyy,1.0,1.0,6.0,,290,OK,delimyy
5010677740203,Ресурс Напій на Осн.Рому Окхарт 35% 1.0л.,sht_delimyy,1.0,1.0,6.0,,298,OK,delimyy
4820079692397,Алексис Огірки конс.Твіст 650г,sht_delimyy,1.0,1.0,6.0,,301,OK,delimyy
4820004380429,"Ігристе Французький Бульвар брют біле 0,75л (6)",sht_delimyy,1.0,1.0,6.0,6.0,316,OK,delimyy
4820188110621,"Дісна Вино Вардіані Сапераві Червоне Сухе 0,75л",sht_delimyy,1.0,1.0,6.0,,322,OK,delimyy
4000512994909,Бойчак  Мармелад Жув. Троллі  Міні Бургер 60 шт,sht_delimyy,1.0,1.0,6.0,,325,OK,delimyy
4820271510420,"Хлібний Дар Ігристе Салюте Асті  Біле Солодке 0,75л",sht_delimyy,1.0,1.0,6.0,,325,OK,delimyy
4823090303099,ХБФ Вафлі Артек 1 кг,ves_fix,6.0,1.0,6.0,,334,OK,sales_stat
8711000684139,Чай Піквік Чорний Оріджінал Інгліш(20*2г),sht_delimyy,1.0,1.0,6.0,,335,OK,delimyy
4820137173462,Гермес Гірчиця Гостра Гуляй Поле (стакан)100г,sht_delimyy,1.0,1.0,6.0,,345,OK,delimyy
4820286440156,Гермес Рамен Локшина з Кімчі з Соусом Гладс Чаша 105гр,sht_delimyy,1.0,1.0,6.0,,346,OK,delimyy
4860104150164,"Медоф Бренді Шато Кахеті 3* 0,25л",sht_delimyy,1.0,1.0,6.0,,371,OK,delimyy
5000267014401,"Хлібний Дар Еліт Віскі Johnnie Walker Red Label 0,5л",sht_delimyy,1.0,1.0,6.0,,373,OK,delimyy
4841676002419,"Вино Ігристе Pierre Monte Брют Біле 0,75л",sht_delimyy,1.0,1.0,6.0,,375,OK,delimyy
4820188110614,"Дісна Вино Вардіані Ркацителі Біле Сухе 0,75л",sht_delimyy,1.0,1.0,6.0,,377,OK,delimyy
8002915002461,"Немирів Ігристе Фраголіно Бьянко Фіореллі 0,75л",sht_delimyy,1.0,1.0,6.0,,387,OK,delimyy
4820256582718,"УДК Вино Алазан.Долина Гудаурі н/сол Біле 1,5л",sht_delimyy,1.0,1.0,6.0,,410,OK,delimyy
2978950003700,Агропром Стакан Пластик 500 мл Упаковка 50 шт,sht_delimyy,1.0,1.0,6.0,,416,OK,delimyy
4820188110669,"Дісна Вино Вардіані Алазанська Долина Червоне н/с 0,75л",sht_delimyy,1.0,1.0,6.0,,421,OK,delimyy
4820256582725,"УДК Вино Алазан.Долина Гудаурі н/сол Черв 1,5л",sht_delimyy,1.0,1.0,6.0,,442,OK,delimyy
4820254572988,"Немирів Вино Ігристе Шабо Прімо Секко Брют 0,75л",sht_delimyy,1.0,1.0,6.0,,460,OK,delimyy
4820079690645,Алексис Ікра Кабачкова Літня 440г,sht_delimyy,1.0,1.0,6.0,,462,OK,delimyy
4823105814077,АВК Kresko Шоколадний Смак 140г,sht_delimyy,1.0,1.0,6.0,,479,OK,delimyy
4820055820875,Себек Вода 2л газ,sht_delimyy,1.0,2.0,6.0,,500,OK,delimyy
4823105814091,АВК Kresko Банановий Смак 140г,sht_delimyy,1.0,1.0,6.0,,526,OK,delimyy
4820088412917,Водний Світ Ікра Океанічної Риби з Креветками 160 гр,sht_delimyy,1.0,1.0,6.0,,531,OK,delimyy
8000500023976,Цукерки Раффаело Т-15,sht_delimyy,1.0,1.0,6.0,,659,OK,delimyy
4820088412719,Водний Світ Ікра Океанічної Риби з Лососем 160 гр,sht_delimyy,1.0,1.0,6.0,,663,OK,delimyy
4820080722045,Хлібний Дар Горілка Класична 1л,sht_delimyy,1.0,1.0,6.0,,709,OK,delimyy
4820080723943,"Хлібний Дар Горілка Козацька Рада 0,25л",sht_delimyy,1.0,1.0,6.0,,1360,OK,delimyy
4820001830071,"Вода мін.Поляна Квасова 1,5л",sht_delimyy,1.0,1.0,6.0,,2845,OK,delimyy
2978950003694,Агропром Стакан Пластик 180 мл Упаковка 100 шт,sht_delimyy,1.0,1.0,7.0,,760,OK,delimyy
4820079690133,Алексис Борошно (в/г) 2кг,sht_delimyy,1.0,1.0,7.0,,1066,OK,delimyy
4820163110561,Золоте Зерно Печиво Маріо 1 кг,ves_fix,1.5,0.692,7.5,,369,OK,sales_stat
4820002713090,"Оболонь Напій Квас Старокиївський 0,5л з/б",sht_delimyy,1.0,,8.0,,3,LOW_N,delimyy
4820250942303,"БІР Пиво Львівське Світле 0,48л з/б",sht_delimyy,1.0,,8.0,,3,LOW_N,delimyy
4820206290854,Кава Якобз Монарх 400 гр,sht_delimyy,1.0,,8.0,,4,LOW_N,delimyy
4820000192514,"Оболонь Пиво Хайк Преміум 0,5 л з/б",sht_delimyy,1.0,1.0,8.0,,5,OK,delimyy
4820192686358,Сигарети Ротманс Роял Ред 25шт,sht_delimyy,1.0,2.0,8.0,,6,OK,delimyy
4030600340639,Сигарети Імперіал Классік Ред 25шт,sht_delimyy,1.0,3.0,8.0,,6,OK,delimyy
4030600196342,Сигарети Вест Ред Оригінал (8)25шт,sht_delimyy,1.0,4.0,8.0,8.0,8,OK,delimyy
4820192687560,Сигарети Ротманс Ред 25шт,sht_delimyy,1.0,3.0,8.0,,10,OK,delimyy
4823003210506,Сигарети Бонд Стрит Блю Селекшн 25шт,sht_delimyy,1.0,8.0,8.0,,15,OK,delimyy
4823127313558,Сік Банка Березовий з Лаймом та М'ятой 1л,sht_delimyy,1.0,2.0,8.0,,19,OK,delimyy
4823127300404,Сік Банка Яблучно- Моркв'яний 1л,sht_delimyy,1.0,2.0,8.0,,30,OK,delimyy
5900951017322,Марс Корм Педігрі Курят.в Соусі 100г,sht_delimyy,1.0,2.0,8.0,,76,OK,delimyy
2984670064457,Риба Оселедець с/с (400г)  1кг,ves_fix,8.0,8.0,8.0,,81,OK,sales_stat
4823088400922,ХБФ Цукерки Ясочка 1кг,ves_fix,1.0,0.884,8.0,,82,OK,sales_stat
4823003211947,Сигарети Філіп Моріс Ред 25шт,sht_delimyy,1.0,1.0,8.0,,98,OK,delimyy
4820112366254,ХБФ Цукерки Забодайка Згущене Молоко 1 кг,ves_fix,1.0,1.0,8.0,,101,OK,sales_stat
8412765508905,Запальничка Кліппер,sht_delimyy,1.0,24.0,8.0,,117,OK,delimyy
4820286861128,Сигарети Ротманс Ессенце Ред 30шт,sht_delimyy,1.0,3.0,8.0,,125,OK,delimyy
4820026675862,ХБФ Карамель Дюшес 1 кг,ves_fix,1.0,1.0,8.0,,133,OK,sales_stat
4820026675879,ХБФ Карамель М*ятна 1 кг,ves_fix,1.0,1.0,8.0,,135,OK,sales_stat
8682091104939,Монжар Мармеладна Стрічка Асорті Rainbow 1500гУпаковка 150 шт,sht_delimyy,1.0,1.0,8.0,,146,OK,delimyy
4820112362140,ХБФ Карамель Молочно-Вершкова 1 кг,ves_fix,1.0,1.0,8.0,,162,OK,sales_stat
4823124603751,Хуторок Кукуруза Цукрова в зернах 220г,sht_delimyy,1.0,1.0,8.0,,168,OK,delimyy
4820286861098,Сигарети Ротманс Ессенце Блу 30шт,sht_delimyy,1.0,2.0,8.0,,174,OK,delimyy
4820183980472,Маршмеллоу Барбекю Ваніль 250гр,sht_delimyy,1.0,1.0,8.0,,176,OK,delimyy
4823088407808,ХБФ Цукерки Шпаки 1кг,ves_fix,1.0,1.0,8.0,,189,OK,sales_stat
4820002304045,ХБФ Бісквіт Молочно Горіховий 330 гр,sht_delimyy,1.0,1.0,8.0,,199,OK,delimyy
4820112367145,ХБФ Цукерки Мірель 1 кг,ves_fix,1.0,1.0,8.0,,203,OK,sales_stat
8445291424463,Нестле Батончик Лайон Чорно-Білий 42г,sht_delimyy,1.0,1.0,8.0,,222,OK,delimyy
4823127301166,Хуторок Томати Мариновані 680г,sht_delimyy,1.0,1.0,8.0,,259,OK,delimyy
2978950033424,ХБФ Цукерки Ананасні 1 кг (1),ves_fix,1.0,0.954,8.0,1.0,281,OK,sales_stat
4820112367374,ХБФ Карамель Золотий Рачок 1 кг,ves_fix,1.0,1.0,8.0,,461,OK,sales_stat
4820002304052,ХБФ Бісквіт Вишня 330гр,sht_delimyy,1.0,1.0,8.0,,466,OK,delimyy
5000159502931,Марс  Шок.Бат.Марс 51г,sht_delimyy,1.0,1.0,8.0,,474,OK,delimyy
4820112367152,ХБФ Цукерки Ніколь 1 кг,ves_fix,1.0,1.0,8.0,,477,OK,sales_stat
4823127300701,Хуторок Огірки Мариновані 680г,sht_delimyy,1.0,1.0,8.0,,536,OK,delimyy
4820026675855,ХБФ Карамель Барбарис 1 кг,ves_fix,1.0,1.0,8.0,,627,OK,sales_stat
4820002304038,ХБФ Бісквіт Шоколад 330 гр,sht_delimyy,1.0,1.0,8.0,,693,OK,delimyy
4823090303914,ХБФ Бісквіт Згущене Молоко 330 гр,sht_delimyy,1.0,1.0,8.0,,865,OK,delimyy
4823063126496,"Сік Садочок Персиково-Яблучний 0,2л",sht_delimyy,1.0,,9.0,,2,LOW_N,delimyy
4823063130271,"Сік Садочок Мультифрукт 0,2л",sht_delimyy,1.0,,9.0,,2,LOW_N,delimyy
4823063112307,"Сік Садочок Ананасово-Яблучний 0,2л",sht_delimyy,1.0,,9.0,,3,LOW_N,delimyy
4820192262750,"Наш Сік Яблуко-Виноград 0,2л",sht_delimyy,1.0,,9.0,,3,LOW_N,delimyy
4820016252738,"Наш Сік Мультифрукт 0,2л",sht_delimyy,1.0,,9.0,,3,LOW_N,delimyy
4820001449525,"Сік Садочок Яблуко- Виноград 0,2л",sht_delimyy,1.0,,9.0,,4,LOW_N,delimyy
4820177032781,Золоте Зерно Цукерки глаз.Пташине Молоко Крем-Какао 1кг,ves_fix,3.0,1.52,9.0,,62,OK,sales_stat
4820079691529,Алексис Шампиньони Мариновані 500мл,sht_delimyy,1.0,1.0,9.0,,95,OK,delimyy
4820189295631,"Бренді Азнаурі V.S. 3* 0,7л",sht_delimyy,1.0,1.0,9.0,,236,OK,delimyy
4820177030114,Золоте Зерно Зефір Жако З Фруктовою Начинкою 1кг,ves_fix,3.2,1.835,9.6,,172,OK,sales_stat
4820182744075,Авангард Сухарики Флінт Сметана Із Зеленню 140г,sht_delimyy,1.0,,10.0,,1,LOW_N,delimyy
48207805,Сигарети Лм Блю Лебел 20шт,sht_delimyy,1.0,,10.0,,1,LOW_N,delimyy
2000990868688,Якобз Цукор 4г (250),sht_delimyy,1.0,,10.0,,1,LOW_N,delimyy
4820004233527,"Волошкове Поле Сирок Гл. 26% Вишня 0,036кг",sht_delimyy,1.0,,10.0,,1,LOW_N,delimyy
4823127302156,Авангард Сухарики Флінт пш.житні Креветка 65г + Соус Тартар 15г,sht_delimyy,1.0,,10.0,,1,LOW_N,delimyy
2222000006952,Якобз Стакан 175мл (50),sht_delimyy,1.0,,10.0,,1,LOW_N,delimyy
4820004233541,"Волошкове Поле Сирок Гл. 26% Полуниця 0,036кг",sht_delimyy,1.0,,10.0,,1,LOW_N,delimyy
4820000451178,"БІР Пиво Туборг Грін 0,5л",sht_delimyy,1.0,,10.0,,1,LOW_N,delimyy
2222000006969,Якобз Стакан 340мл (50),sht_delimyy,1.0,,10.0,,1,LOW_N,delimyy
4820182748790,Авангард Грінки Флінт жит-пш.Часник 80г,sht_delimyy,1.0,,10.0,,2,LOW_N,delimyy
4820193033335,"Оболонь Пиво Зіберт Баварське 1,75 л",sht_delimyy,1.0,,10.0,,2,LOW_N,delimyy
4820192687089,Сигарети Ротманс Демі Грін 20шт,sht_delimyy,1.0,,10.0,,2,LOW_N,delimyy
4823127301197,Авангард Грінки Флінт жит-пш.Томат Спайсі 120г,sht_delimyy,1.0,,10.0,,2,LOW_N,delimyy
4823063112987,"Сік Сандора Вишневий 0,95л",sht_delimyy,1.0,,10.0,,3,LOW_N,delimyy
7622210634023,Гумка Дірол Морозна М*ята 14г,sht_delimyy,1.0,,10.0,,5,LOW_N,delimyy
48211376,Сигарети Вінстон ІксЕС Блю 20шт,sht_delimyy,1.0,5.0,10.0,,5,OK,delimyy
4823063112840,"Сік Сандора Апельсин 0,95л",sht_delimyy,1.0,1.0,10.0,,7,OK,delimyy
4820000456418,"БІР Пиво Гараж Лимон 0,44л",sht_delimyy,1.0,1.0,10.0,,7,OK,delimyy
5449000014535,"Спрайт 0,33л з/б",sht_delimyy,1.0,1.0,10.0,,7,OK,delimyy
4820192687539,Сигарети Лакі Страйк Компакт Блю 20шт,sht_delimyy,1.0,3.0,10.0,,8,OK,delimyy
4823003205557,Сигарети Мальборо Ред 20шт,sht_delimyy,1.0,10.0,10.0,,8,OK,delimyy
48207287,Сигарети Давідоф Класік 20шт,sht_delimyy,1.0,5.0,10.0,,8,OK,delimyy
48207768,Сигарети Парламент Найт Блю 20шт,sht_delimyy,1.0,3.0,10.0,,8,OK,delimyy
48211284,Сигарети Кемел 20шт,sht_delimyy,1.0,2.0,10.0,,8,OK,delimyy
4030600252819,Сигарети Вест Сільвер Ап 20шт,sht_delimyy,1.0,3.0,10.0,,9,OK,delimyy
48211369,Сигарети Вінстон ІксЕС Сільвер 20шт,sht_delimyy,1.0,9.0,10.0,,9,OK,delimyy
7622100821854,Сигарети Хітс Зінг 20шт,sht_delimyy,1.0,10.0,10.0,,9,OK,delimyy
48211710,Сигарети Вінстон ІксСтайл Блю 20шт,sht_delimyy,1.0,10.0,10.0,,10,OK,delimyy
4030600253250,Сигарети Давідоф Річ Аметіст 20шт,sht_delimyy,1.0,3.0,10.0,,10,OK,delimyy
4820192686617,Сигарети Лакі Страйк Анлімітед Ред 20шт,sht_delimyy,1.0,10.0,10.0,,11,OK,delimyy
4820001983425,Сигарети Капрі Б*янко 20шт,sht_delimyy,1.0,3.0,10.0,,12,OK,delimyy
4820192687058,Сигарети Ротманс Демі Пурпул 20шт,sht_delimyy,1.0,3.0,10.0,,12,OK,delimyy
48207775,Сигарети Парламент Аква Блю 20шт,sht_delimyy,1.0,10.0,10.0,,12,OK,delimyy
4820000363853,Сигарети Прима Люкс Ред 20шт,sht_delimyy,1.0,3.0,10.0,,13,OK,delimyy
4823003208978,Сигарети Лм Лофт Блю 20шт,sht_delimyy,1.0,3.0,10.0,,13,OK,delimyy
4820000535229,Сигарети Собраніе Супер Слімс Голд 20шт,sht_delimyy,1.0,10.0,10.0,,14,OK,delimyy
48207294,Сигарети Давідоф Голд 20шт,sht_delimyy,1.0,3.0,10.0,,14,OK,delimyy
7622100540748,Сигарети Терея Провенс Перл 20шт,sht_delimyy,1.0,10.0,10.0,,15,OK,delimyy
7622100539803,Сигарети Терея Оасіс Перл 20шт,sht_delimyy,1.0,10.0,10.0,,15,OK,delimyy
4820215621007,Сигарети Нео Стікс Буст Роял 20шт,sht_delimyy,1.0,3.0,10.0,,16,OK,delimyy
48211321,Сигарети Кемел Блю 20шт,sht_delimyy,1.0,3.0,10.0,,16,OK,delimyy
48210027,Сигарети Данхіл Бленд 20шт,sht_delimyy,1.0,2.0,10.0,,16,OK,delimyy
4823003210070,Сигарети Мальборо Голд 20шт,sht_delimyy,1.0,3.0,10.0,,16,OK,delimyy
4823003211763,Сигарети Парламент Карат Пурбл 20шт,sht_delimyy,1.0,3.0,10.0,,17,OK,delimyy
48209564,Сигарети Ротманс Демі Сільвер 20шт,sht_delimyy,1.0,3.0,10.0,,17,OK,delimyy
7622100542445,Сигарети Терея Арбор Перл 20шт,sht_delimyy,1.0,10.0,10.0,,17,OK,delimyy
48210119,Сигарети Кент Нано Сільвер 20шт,sht_delimyy,1.0,3.0,10.0,,18,OK,delimyy
4820000535168,Сигарети Собраніе Блю 20шт,sht_delimyy,1.0,3.0,10.0,,19,OK,delimyy
48209571,Сигарети Ротманс Демі Блю 20шт,sht_delimyy,1.0,3.0,10.0,,19,OK,delimyy
4820001988093,Сигарети Прилуки Класичні 8мг,sht_delimyy,1.0,3.0,10.0,,20,OK,delimyy
4820192687737,Сигарети Кент Люміна Нано 20шт,sht_delimyy,1.0,3.0,10.0,,20,OK,delimyy
4820000535182,Сигарети Собраніе Голд 20шт,sht_delimyy,1.0,5.0,10.0,,20,OK,delimyy
7622100824510,Сигарети Терея Саммер Вайв 20шт,sht_delimyy,1.0,9.0,10.0,,21,OK,delimyy
48209304,Сигарети Вог Лілас 20шт,sht_delimyy,1.0,3.0,10.0,,22,OK,delimyy
4820000366373,Сигарети Прима Люкс Блю 20шт,sht_delimyy,1.0,5.0,10.0,,23,OK,delimyy
7622100818908,Сигарети Терея Пурпл Вайв 20шт,sht_delimyy,1.0,5.0,10.0,,24,OK,delimyy
7622100818786,Сигарети Терея Туркус 20шт,sht_delimyy,1.0,5.0,10.0,,24,OK,delimyy
7622100537236,Сигарети Терея Блоссом Вайв 20шт,sht_delimyy,1.0,10.0,10.0,,25,OK,delimyy
4820192685399,Сигарети Кент Наву Блю 20шт,sht_delimyy,1.0,2.0,10.0,,28,OK,delimyy
4820272560288,Аріа Цукор 1кг,sht_nedelimyy,10.0,10.0,10.0,,29,OK,min_eq_box
7622100819059,Сигарети Терея Амбер 20шт,sht_delimyy,1.0,5.0,10.0,,29,OK,delimyy
4820000535205,Сигарети Собраніе Супер Слімс Блек 20шт,sht_delimyy,1.0,3.0,10.0,,29,OK,delimyy
7622100818878,Сигарети Терея Сільвер 20шт,sht_delimyy,1.0,10.0,10.0,,31,OK,delimyy
48211918,Сигарети Давідоф Річ Фокус Блек 20шт,sht_delimyy,1.0,3.0,10.0,,41,OK,delimyy
2984670057039,До Бочкового Ліпаріс з Перцем Павутинка 1кг (10),ves_plav,0.1,1.0,10.0,10.0,42,OK,sales_stat
8585002445797,Нестле Вермішель Мівіна Якісоба Курка-Карі 121г,sht_delimyy,1.0,1.0,10.0,,48,OK,delimyy
4820192688178,Сигарети Кент Моде С-серія Сільвер 20шт,sht_delimyy,1.0,3.0,10.0,,64,OK,delimyy
7638900083040,Батарейки Енерджайзер Літіум (2032) 1 шт,sht_delimyy,1.0,1.0,10.0,,68,OK,delimyy
8585002445773,Нестле Вермішель Мівіна Якісоба Качка 119г,sht_delimyy,1.0,1.0,10.0,,70,OK,delimyy
2984670062125,Теплі Моря Лососева Соломка зі Смаком Раки Сол/Суш 1кг,ves_fix,1.0,1.0,10.0,,72,OK,sales_stat
8887290002165,Кава Мак Кофе Капучино з Темним Шок. (20) 25г Упаковка 20 шт,sht_delimyy,1.0,1.0,10.0,,74,OK,delimyy
4823079103818,Союз Паприка Мелена Ямуна 15г,sht_delimyy,1.0,2.0,10.0,,75,OK,delimyy
4820286860381,Сигарети Ротманс Супер Слімс Розе 20шт,sht_delimyy,1.0,1.0,10.0,,85,OK,delimyy
4820127650485,Риба Мідії в Олії Східні 200г,sht_delimyy,1.0,1.0,10.0,,87,OK,delimyy
4820192688291,Сигарети Лакі Страйк Блю 20шт,sht_delimyy,1.0,3.0,10.0,,87,OK,delimyy
8000735005068,Мармелад Жувальний Фрут-телла 90 гр,sht_delimyy,1.0,1.0,10.0,,91,OK,delimyy
8585002445759,Нестле Вермішель Мівіна Якісоба Теріякі130г,sht_delimyy,1.0,1.0,10.0,,98,OK,delimyy
4820192688147,Сигарети Кент Моде С-серія Блу 20шт,sht_delimyy,1.0,3.0,10.0,,99,OK,delimyy
4820195500033,Мило Маестро відбілююче 125г,sht_delimyy,1.0,1.0,10.0,,103,OK,delimyy
4823003215914,Сигарети Лм Лофт Пурпл 20шт,sht_delimyy,1.0,2.0,10.0,,105,OK,delimyy
4030600120590,Сигарети Вест Сільвер 20шт,sht_delimyy,1.0,3.0,10.0,,110,OK,delimyy
4820286860411,Сигарети Ротманс Супер Слімс Блю 20шт,sht_delimyy,1.0,2.0,10.0,,114,OK,delimyy
4820232610565,"Союз Приправа Суміш Трав Зел. Цибуля, Кріп, Петрушка 10г",sht_delimyy,1.0,1.0,10.0,,114,OK,delimyy
2978950033578,Водафон Стартовий Пакет Турбо 150,sht_delimyy,1.0,2.0,10.0,,115,OK,delimyy
8711000683675,Кава Якобз 3в1 Бейліз Капучино 15г,sht_nedelimyy,10.0,10.0,10.0,,120,OK,min_eq_box
4820127650744,Риба Закуска Рибна Масло Лососеве 200гр,sht_delimyy,1.0,1.0,10.0,,120,OK,delimyy
4823079103948,Союз Суміш Перців Мелена Ямуна 20г,sht_delimyy,1.0,2.0,10.0,,121,OK,delimyy
4001686372234,ТМ Харібо  Цукерки Желейні Рулетка 25г,sht_delimyy,1.0,10.0,10.0,,121,OK,delimyy
2984670079734,Глобино МК Сардельки Нямські з Куркою в/с н/о 300г,sht_delimyy,1.0,1.0,10.0,,122,OK,delimyy
4820286861685,Сигарети Кент Філ Грін 20шт,sht_delimyy,1.0,2.0,10.0,,123,OK,delimyy
4820215622219,Сигарети Нео Демі Теракота 20шт,sht_delimyy,1.0,2.0,10.0,,126,OK,delimyy
4820001315868,Нестле Торчин Соус Делікатисний Майонезний 300г,sht_delimyy,1.0,,10.0,,129,LOW_N,delimyy
7622300340285,Комо Сир Філадельфія 175г,sht_delimyy,1.0,1.0,10.0,,140,OK,delimyy
7613287431455,Нестле Кетчуп Торчин Дитячий Класичний 200г,sht_delimyy,1.0,1.0,10.0,,141,OK,delimyy
4820286440491,Гермес Соус Майонезний Іделія Бургер 180г,sht_delimyy,1.0,1.0,10.0,,141,OK,delimyy
4820270360026,Сигарети Нео Демі Грін Буст 20шт,sht_delimyy,1.0,3.0,10.0,,143,OK,delimyy
4820127650751,Риба Закуска Рибна Масло Ікорне 200гр,sht_delimyy,1.0,1.0,10.0,,145,OK,delimyy
4823003216577,Сигарети Філіп Моріс Ред 20шт,sht_delimyy,1.0,2.0,10.0,,150,OK,delimyy
4820235321420,Грин Дей Коньяк Аджарі 3* 1л,sht_delimyy,1.0,1.0,10.0,,151,OK,delimyy
20112652289,Глобино МК Ковбаса Мортаделька варена в/с газ пак 400гр,sht_delimyy,1.0,1.0,10.0,,161,OK,delimyy
4820286860527,Сигарети Данхіл Мастер Бленд Блек 20шт,sht_delimyy,1.0,2.0,10.0,,162,OK,delimyy
20293570716,Глобино МК Ковбаски Мортадельки (без обол) н/к в/с газ.пак 250гр,sht_delimyy,1.0,1.0,10.0,,168,OK,delimyy
20112652005,Глобино МК Ковбаса Лікарська варена в/с п/а 400гр,sht_delimyy,1.0,1.0,10.0,,171,OK,delimyy
4820270364291,Сигарети Нео Демі Роял Буст 20шт,sht_delimyy,1.0,2.0,10.0,,174,OK,delimyy
4820193720075,Рис Довгозернистий ХЦЗ 1кг,sht_delimyy,1.0,1.0,10.0,,179,OK,delimyy
7622100537656,Сигарети Блендс Пурпл 20шт,sht_delimyy,1.0,4.0,10.0,,183,OK,delimyy
8445291314146,Нестле Торчин Соус Шрірача 200 гр,sht_delimyy,1.0,1.0,10.0,,183,OK,delimyy
4820286440477,Гермес Соус Майонезний Іделія Тартар 180г,sht_delimyy,1.0,1.0,10.0,,186,OK,delimyy
4820031460019,Рідина д/зняття Лаку Ноготок Ромашка 50мл,sht_delimyy,1.0,1.0,10.0,,188,OK,delimyy
8711000692455,"Кава Якобз 3в1 SP Дубайский Шоколад 19,5г",sht_nedelimyy,10.0,10.0,10.0,,188,OK,min_eq_box
2984670057046,До Бочкового Ліпаріс Павутинка 1кг,ves_plav,0.1,0.9,10.0,,191,OK,sales_stat
4030600120620,Сигарети Вест Блю 20шт,sht_delimyy,1.0,1.0,10.0,,191,OK,delimyy
4820079690058,Алексис Крупа Пшенична Яра Артек 800г,sht_delimyy,1.0,1.0,10.0,,194,OK,delimyy
4820037560393,Союз Розпушувач Тіста Харчовий Ямуна 18г,sht_delimyy,1.0,1.0,10.0,,195,OK,delimyy
7613035846043,Нестле Приправа Торчин 10 Овочів 60г,sht_delimyy,1.0,1.0,10.0,,198,OK,delimyy
4820286440255,Гермес Рамен Локшина з Куркою з Соусом Гладс 105г,sht_delimyy,1.0,1.0,10.0,,198,OK,delimyy
5053990161966,Чіпси Прінглс Барбекю 165г,sht_delimyy,1.0,1.0,10.0,,200,OK,delimyy
4820270364956,Сигарети Нео Демі Роудж Буст 20шт,sht_delimyy,1.0,3.0,10.0,,202,OK,delimyy
4820189942825,Союз Кетчуп МакМай Чилі д/п 270г,sht_delimyy,1.0,1.0,10.0,,202,OK,delimyy
20112652524,Глобино МК Сосиски Мортадельки в/с п/а 275г,sht_delimyy,1.0,1.0,10.0,,202,OK,delimyy
4820192688116,Сигарети Кент Моде Д-Серія Сільвер 20шт,sht_delimyy,1.0,2.0,10.0,,205,OK,delimyy
4820286860473,Сигарети Ротманс Супер Слімс Грін 20шт,sht_delimyy,1.0,2.0,10.0,,211,OK,delimyy
4820048487351,Палички Ватні Lady Cotton 100шт,sht_delimyy,1.0,1.0,10.0,,211,OK,delimyy
4030600196311,Сигарети Вест Ред 20шт,sht_delimyy,1.0,3.0,10.0,,211,OK,delimyy
4820286861753,Сигарети Лакі Страйк Демі Ред 20шт,sht_delimyy,1.0,3.0,10.0,,215,OK,delimyy
20112658137,Глобино МК Сардельки Нямські з Індичкою в/с натурін 280г,sht_delimyy,1.0,1.0,10.0,,216,OK,delimyy
4820215629348,Сигарети Нео Демі Амбер Буст 20шт,sht_delimyy,1.0,2.0,10.0,,218,OK,delimyy
4820127650928,Риба Мікс Чорноморський (Оселедець з Мідіями)  500г,sht_delimyy,1.0,1.0,10.0,,222,OK,delimyy
5053990106776,Чіпси Прінглс Бекон 165г,sht_delimyy,1.0,1.0,10.0,,224,OK,delimyy
4820179259360,Гермес Кетчуп Іделія Лагідний дойпак 250г,sht_delimyy,1.0,1.0,10.0,,228,OK,delimyy
4820270364369,Сигарети Нео Демі Скарлет Буст 20шт,sht_delimyy,1.0,2.0,10.0,,230,OK,delimyy
4823065911670,Айсберг Креветка В'ялена Фас.100г,sht_delimyy,1.0,1.0,10.0,,238,OK,delimyy
48207959,Сигарети Давідоф Вайт 20шт,sht_delimyy,1.0,3.0,10.0,,241,OK,delimyy
4823079100107,Союз Дріжджі Ямуна 11г,sht_delimyy,1.0,3.0,10.0,,242,OK,delimyy
5053990106981,Чіпси Прінглс Сир 165г,sht_delimyy,1.0,1.0,10.0,,243,OK,delimyy
4823079103580,Союз Лавровий Лист Ямуна 20г,sht_delimyy,1.0,3.0,10.0,,244,OK,delimyy
7638900083590,Батарейки Енерджайзер Еврідей АА 4 шт,sht_delimyy,1.0,1.0,10.0,,248,OK,delimyy
4820183980892,"Маршмеллоу Міні Поломбір,Ваніль 20гр",sht_delimyy,1.0,1.0,10.0,,248,OK,delimyy
4820270361689,Сигарети Кент Стік Аквамарін Мікс 20шт,sht_delimyy,1.0,3.0,10.0,,249,OK,delimyy
4820079690232,Алексис Крупа Горохова 800г,sht_delimyy,1.0,1.0,10.0,,250,OK,delimyy
7638900227550,Батарейки Енерджайзер Еврідей ААА 4 шт,sht_delimyy,1.0,1.0,10.0,,259,OK,delimyy
2984670062118,Теплі Моря М*ясо Курки Червоний Перчик Сол/Суш 1 кг,ves_fix,1.0,1.0,10.0,,260,OK,sales_stat
4820286861784,Сигарети Лакі Страйк Демі Блю 20шт,sht_delimyy,1.0,3.0,10.0,,262,OK,delimyy
4820127650621,Риба Шматочки Лосося с/с в Олії 280г,sht_delimyy,1.0,1.0,10.0,,268,OK,delimyy
4820286860824,Сигарети Лакі Страйк Крафтед 1871 Блю 20шт,sht_delimyy,1.0,1.0,10.0,,269,OK,delimyy
4820270363881,Сигарети Лакі Страйк Стікс Голд Тобакко 20шт,sht_delimyy,1.0,1.0,10.0,,272,OK,delimyy
4820232610367,Союз Хлібці Рисові Ямуна 80 гр,sht_delimyy,1.0,1.0,10.0,,272,OK,delimyy
4820127650188,Риба Філе Оселедця с/с в Олії з Овочами 200г,sht_delimyy,1.0,1.0,10.0,,274,OK,delimyy
5053990101597,Чіпси Прінглс Сметана-Цибуля 165 гр,sht_delimyy,1.0,1.0,10.0,,280,OK,delimyy
4820001314564,Нестле Торчин Соус Папрік 200 гр,sht_delimyy,1.0,1.0,10.0,,286,OK,delimyy
4820079690072,Алексис Крупа Ячна 800г,sht_delimyy,1.0,1.0,10.0,,291,OK,delimyy
20293570464,Глобино МК Ковбаса На дровах з печі в/с н/к 400г,sht_delimyy,1.0,1.0,10.0,,293,OK,delimyy
4030600213407,Сигарети Давідоф Слімс Сільвер 20шт,sht_delimyy,1.0,3.0,10.0,,295,OK,delimyy
4820286860329,Сигарети Ротманс Ред 20шт,sht_delimyy,1.0,1.0,10.0,,307,OK,delimyy
4820079690454,Алексис Крупа Рис Пропарений 800г,sht_delimyy,1.0,1.0,10.0,,309,OK,delimyy
4823079103627,Союз Ванільний Цукор Ямуна 10г,sht_delimyy,1.0,1.0,10.0,,321,OK,delimyy
4820182064586,До Бочкового Кільця Кальмару Копчені 1кг (10),ves_plav,0.1,1.1,10.0,10.0,321,OK,sales_stat
4820127650515,Риба Оселедець в Олії 180г,sht_delimyy,1.0,1.0,10.0,,328,OK,delimyy
4823079103726,Союз Желатин Іріс 15г,sht_delimyy,1.0,3.0,10.0,,344,OK,delimyy
4820286860855,Сигарети Лакі Страйк Крафтед 1871 Ред 20шт,sht_delimyy,1.0,3.0,10.0,,345,OK,delimyy
4820079692861,Алексис Крупа Вівсяні Пластівці 500г,sht_delimyy,1.0,1.0,10.0,,347,OK,delimyy
4820286860794,Сигарети Ротманс Ессенце Блу 20шт,sht_delimyy,1.0,2.0,10.0,,350,OK,delimyy
4820192688086,Сигарети Кент Моде Д Серія Блю 20шт,sht_delimyy,1.0,2.0,10.0,,351,OK,delimyy
4820189942849,Союз Кетчуп МакМай До Шашлику д/п 270г,sht_delimyy,1.0,1.0,10.0,,351,OK,delimyy
8714599107683,Кава Якобз 3в1 Мілка Капучино 18гр,sht_nedelimyy,10.0,10.0,10.0,,351,OK,min_eq_box
2978950012405,Серветка Тріумф 500 л.б. (10),sht_delimyy,1.0,1.0,10.0,10.0,353,OK,delimyy
4820183980298,Кукурудзяні Палички Їж Наше Пряжене Молоко 60г,sht_delimyy,1.0,1.0,10.0,,354,OK,delimyy
4820286860763,Сигарети Ротманс Ессенце Ред 20шт,sht_delimyy,1.0,1.0,10.0,,361,OK,delimyy
4820001314625,Нестле Торчин Соус Сацебелі 200 гр,sht_delimyy,1.0,1.0,10.0,,365,OK,delimyy
4820270362556,Сигарети Кент Стік Амбер Мікс 20шт,sht_delimyy,1.0,1.0,10.0,,365,OK,delimyy
4820079690263,Алексис Крупа Рис Круглий 800г,sht_delimyy,1.0,1.0,10.0,,373,OK,delimyy
7622100824602,Сигарети Терея Зінг 20шт,sht_delimyy,1.0,2.0,10.0,,375,OK,delimyy
4820079690249,Алексис Крупа Манна 800г,sht_delimyy,1.0,1.0,10.0,,382,OK,delimyy
20112659233,Глобино МК Сосиски Нямські з Сиром Міні в/с б/о 250г,sht_delimyy,1.0,1.0,10.0,,388,OK,delimyy
4820270363935,Сигарети Лакі Страйк Стікс Грін 20шт,sht_delimyy,1.0,3.0,10.0,,394,OK,delimyy
2978950004493,Пакет Смайл 30/7*50 20 мкн (250шт) Упаковка 250 шт,sht_delimyy,1.0,1.0,10.0,,399,OK,delimyy
4820079690218,Алексис Крупа Пшоно 800г,sht_delimyy,1.0,1.0,10.0,,411,OK,delimyy
4820127650201,Риба Філе Оселедця с/с в Олії з аром.трав 200г,sht_delimyy,1.0,1.0,10.0,,434,OK,delimyy
4823039008795,Комо Cream Valley Закуска Пастоподібна Бутербродна З Шинкою 85г,sht_nedelimyy,2.0,1.0,10.0,,447,OK,delimyy
4820182064708,До Бочкового Анчоуси 1кг (10),ves_plav,0.1,1.0,10.0,10.0,456,OK,sales_stat
4820193720082,Крупа Гречана ХЦЗ 1кг,sht_delimyy,1.0,1.0,10.0,,468,OK,delimyy
4820112654566,Глобино МК Нарізка Українська с/к в/с в/п 80г,sht_delimyy,1.0,1.0,10.0,,478,OK,delimyy
4820182062049,До Бочкового Арахіс Васабі 1кг,ves_fix,1.0,1.0,10.0,,478,OK,sales_stat
4820079690225,Алексис Крупа Перлова 800г,sht_delimyy,1.0,1.0,10.0,,480,OK,delimyy
4820270364529,Сигарети Лакі Страйк Стікс Єлоу Свіч 20шт,sht_nedelimyy,5.0,1.0,10.0,,512,OK,delimyy
4820192689823,Сигарети Лакі Страйк Компакт Сільвер 20шт,sht_delimyy,1.0,2.0,10.0,,517,OK,delimyy
4823079103535,Союз Лимонна Кислота Ямуна 100г,sht_delimyy,1.0,1.0,10.0,,523,OK,delimyy
4820286860190,Сигарети Вог Пурпл 20шт,sht_delimyy,1.0,3.0,10.0,,578,OK,delimyy
4823079103672,Союз Перець Чорний Мелений Ямуна 20г,sht_delimyy,1.0,2.0,10.0,,585,OK,delimyy
4820286860558,Сигарети Лакі Страйк Блек Серія Грін 20шт,sht_delimyy,1.0,2.0,10.0,,590,OK,delimyy
4820182064821,До Бочкового Кальмар Сушений 1кг,ves_plav,0.1,1.1,10.0,,591,OK,sales_stat
4820270363836,Сигарети Лакі Страйк Стікс Річ Тобакко 20шт,sht_nedelimyy,5.0,1.0,10.0,,599,OK,delimyy
4820182064739,До Бочкового Путасу з Перцем(Янтарна) 1кг,ves_plav,0.1,1.1,10.0,,600,OK,sales_stat
4820079690041,Алексис Крупа Пшенична Озима Полтав. 800г,sht_delimyy,1.0,1.0,10.0,,619,OK,delimyy
4820020353087,Айсберг Корюшка  В'ялена Фас.90г,sht_delimyy,1.0,1.0,10.0,,624,OK,delimyy
4820219343035,Пюре Фруктове Яблуко-Персик 90г,sht_delimyy,1.0,1.0,10.0,,656,OK,delimyy
4820219343028,Пюре Фруктове Яблуко-Банан 90г,sht_delimyy,1.0,1.0,10.0,,687,OK,delimyy
4820189942801,Союз Кетчуп МакМай Лагідний д/п 270г,sht_delimyy,1.0,1.0,10.0,,699,OK,delimyy
4820021572968,Теплі Моря Лососева Соломка зі Смаком Креветки Сол/Суш 1кг,ves_fix,1.0,1.0,10.0,,740,OK,sales_stat
4820112654726,Глобино МК Нарізка Набір М*ясний Асорті 180г,sht_delimyy,1.0,1.0,10.0,,752,OK,delimyy
4820001316100,Нестле Кетчуп Торчин До Шашлику 250 гр,sht_delimyy,1.0,1.0,10.0,,766,OK,delimyy
4820189942986,Союз Майонез МакМай 270г Провансаль д/п,sht_delimyy,1.0,1.0,10.0,,774,OK,delimyy
2984670057107,Теплі Моря Рибні Палички Фірмові Ікряник Сол/Суш 1 кг,ves_fix,1.0,1.0,10.0,,779,OK,sales_stat
40084701,Шоколад Кіндер Т-8,sht_delimyy,1.0,1.0,10.0,,813,OK,delimyy
4820112651565,Глобино МК Нарізка Балик Дарницький с/к в/с в/п 80г,sht_delimyy,1.0,1.0,10.0,,832,OK,delimyy
4820112650407,Глобино МК Нарізка Брауншвейгська с/к в/с в/п 80г,sht_delimyy,1.0,1.0,10.0,,874,OK,delimyy
4820253632430,До Бочкового Арахіс Солодкий Перець Чилі 1кг,ves_fix,1.0,1.0,10.0,,989,OK,sales_stat
4820182062179,До Бочкового Фісташка Преміум 1кг,ves_fix,1.0,0.65,10.0,,991,OK,sales_stat
4820112654085,Глобино МК Нарізка Салямі Альпіна 1с с/к в/п 80г,sht_delimyy,1.0,1.0,10.0,,1058,OK,delimyy
4820112653842,Глобино МК Салямки Орігінал Чікен с/к в/с 70г,sht_delimyy,1.0,1.0,10.0,,1096,OK,delimyy
4820182062032,До Бочкового Арахіс Бекон 1кг,ves_fix,1.0,0.73,10.0,,1098,OK,sales_stat
4820270364017,Сигарети Лакі Страйк Стікс Пурпл 20шт,sht_nedelimyy,5.0,1.0,10.0,,1120,OK,delimyy
4820179281521,"Медоф Горілка Класік 0,1л",sht_delimyy,1.0,1.0,10.0,,1128,OK,delimyy
4820182062025,До Бочкового Арахіс Сир 1кг,ves_fix,1.0,1.0,10.0,,1146,OK,sales_stat
4820002302058,ХБФ Крекер Ніжний 400гр,sht_delimyy,1.0,1.0,10.0,,1214,OK,delimyy
4820182064760,До Бочкового Жовтосмугастий Селар 1кг,ves_plav,0.1,1.0,10.0,,1303,OK,sales_stat
4820192686648,Сигарети Лакі Страйк Блек Серія Пурпл 20шт,sht_delimyy,1.0,3.0,10.0,,1360,OK,delimyy
2978950039013,Пакет Фемелі S 30*50(Мал)(200) 1 шт,sht_delimyy,25.0,25.0,200.0,,1957,OK,manual
2978950004523,Пакет Майка 100 шт Упаковка 100 шт,sht_delimyy,1.0,1.0,10.0,,2585,OK,delimyy
4820004237846,"Волошкове Поле Молоко 2,5% 0,9кг ТЕТРА ПАК",sht_delimyy,1.0,,12.0,,1,LOW_N,delimyy
4820000197458,"Оболонь Напій С/а Ром Кола 0,33л",sht_delimyy,1.0,,12.0,,1,LOW_N,delimyy
90494406,"Бонаква 0,5л газ",sht_delimyy,1.0,,12.0,,1,LOW_N,delimyy
4820000197434,"Оболонь Напій С/а Бренди Кола 0,33л",sht_delimyy,1.0,,12.0,,1,LOW_N,delimyy
5449000312099,"Швепс Шприц Аперитиво 0,75л",sht_delimyy,1.0,,12.0,,1,LOW_N,delimyy
4820000199766,Оболонь Вода Оболонська Лимон Апельсин 2л,sht_delimyy,1.0,,12.0,,1,LOW_N,delimyy
4820193034523,"Оболонь Напій С/а Джин Грейпфрут 0,33л",sht_delimyy,1.0,,12.0,,1,LOW_N,delimyy
4823063112666,"Пепсі-Блек (Макс) 0,33л з/б",sht_delimyy,1.0,,12.0,,1,LOW_N,delimyy
4823063130318,"Сік Садочок Мультифрукт 0,95л",sht_delimyy,1.0,,12.0,,1,LOW_N,delimyy
4820193037647,"Оболонь Напій С/а Текіла Лайм 0,33 л",sht_delimyy,1.0,,12.0,,1,LOW_N,delimyy
5449000312211,"Швепс Гранат 0,75л",sht_delimyy,1.0,,12.0,,2,LOW_N,delimyy
4820000195430,Оболонь Напій Живчик Яблуко 1 л,sht_delimyy,1.0,,12.0,,2,LOW_N,delimyy
5061013949767,"Монстр Енерджі 0,5л Авст.Лимонад з/б",sht_delimyy,1.0,,12.0,,2,LOW_N,delimyy
5056784903476,"Монстр Енерджі Ріо Панч 0,5л з/б",sht_delimyy,1.0,,12.0,,2,LOW_N,delimyy
4820016252639,"Наш Сік Вишня 0,95л",sht_delimyy,1.0,,12.0,,2,LOW_N,delimyy
4823063112673,"Пепсі-Блек 0,5л",sht_delimyy,1.0,,12.0,,2,LOW_N,delimyy
5449000312136,"Швепс Біттер Лимон 0,75",sht_delimyy,1.0,,12.0,,2,LOW_N,delimyy
4820003689141,"Наш Сік Томатний 0,95л",sht_delimyy,1.0,,12.0,,2,LOW_N,delimyy
5060166695415,"Монстр Енерджі 0,5л з/б",sht_delimyy,1.0,,12.0,,2,LOW_N,delimyy
4820252124530,"Шейки Шейк Мімоза 0,5л з/б",sht_delimyy,1.0,,12.0,,2,LOW_N,delimyy
4820000199759,Оболонь Вода Оболонська Лимон Апельсин 1л,sht_delimyy,1.0,,12.0,,2,LOW_N,delimyy
5449000250537,"Швепс Шприц Аперитиво 0,33л з/б",sht_delimyy,1.0,,12.0,,2,LOW_N,delimyy
4820000197410,"Оболонь Напій С/а Джин Тонік 0,33л",sht_delimyy,1.0,,12.0,,2,LOW_N,delimyy
5060751213062,"Монстр Енерджі 0,5л Манго Локо з/б",sht_delimyy,1.0,,12.0,,2,LOW_N,delimyy
4823063129312,"Пепсі-Кола 0,75л",sht_delimyy,1.0,,12.0,,3,LOW_N,delimyy
4820252123311,"Шейки Нон Стоп Б/А 0,75л XL Еволюшн Фреш",sht_delimyy,1.0,,12.0,,3,LOW_N,delimyy
4823063130110,"Сік Садочок Апельсиново-Яблучний 0,95л",sht_delimyy,1.0,,12.0,,3,LOW_N,delimyy
5060466511040,"Бьорн Яблуко-Ківі 0,25л з/б",sht_delimyy,1.0,,12.0,,3,LOW_N,delimyy
4820193030303,"Оболонь Пиво Зіберт Світле 0,5 л з/б",sht_delimyy,1.0,,12.0,,3,LOW_N,delimyy
4823063126038,"Сік Садочок Томатний 0,95л",sht_delimyy,1.0,,12.0,,3,LOW_N,delimyy
4860019001810,"Мінеральна вода Боржомі 0,33л з/б",sht_delimyy,1.0,,12.0,,3,LOW_N,delimyy
4820192262804,"Наш Сік Яблуко-Виноград 0,95л",sht_delimyy,1.0,,12.0,,3,LOW_N,delimyy
4823063126052,"Сік Садочок Персиково-Яблучний 0,95л",sht_delimyy,1.0,,12.0,,3,LOW_N,delimyy
4820016252271,"Наш Сік Мультифрукт 0,95л",sht_delimyy,1.0,,12.0,,3,LOW_N,delimyy
4820250943393,"БІР Пиво Львівське М*яке 0,9л",sht_delimyy,1.0,,12.0,,3,LOW_N,delimyy
4823063122665,"Пепсі-Блек 0,33л ПЕТ",sht_delimyy,1.0,,12.0,,4,LOW_N,delimyy
5060466510982,"Бьорн Яблуко-Ківі 0,5л з/б",sht_delimyy,1.0,,12.0,,4,LOW_N,delimyy
4820097891987,"Шейки Нон Стоп Б/А 0,75л XL",sht_delimyy,1.0,,12.0,,4,LOW_N,delimyy
5449000221506,"Швепс Мандарин 0,33л з/б",sht_delimyy,1.0,,12.0,,4,LOW_N,delimyy
4820250942204,"БІР Пиво Львівське 1715 1,12л",sht_delimyy,1.0,,12.0,,4,LOW_N,delimyy
5449000298881,"Фанта Оранж 0,75л",sht_delimyy,1.0,,12.0,,4,LOW_N,delimyy
4820000457675,"БІР Сидр Сомерсбі Солодкий 0,95л",sht_delimyy,1.0,2.0,12.0,,5,OK,delimyy
4820271511816,"Напій Винний Фрателлі Фраголіно Бьянко н/б 0,75л",sht_delimyy,1.0,1.0,12.0,,5,OK,delimyy
4820097892311,"Шейки Піт-Буль Б/А 0,5л",sht_delimyy,1.0,1.0,12.0,,5,OK,delimyy
4820250940828,"БІР Пиво Арсенал Міцне 1,22л",sht_delimyy,1.0,1.0,12.0,,5,OK,delimyy
5449000008046,"Кока Кола 0,25л з/б",sht_delimyy,1.0,12.0,12.0,,5,OK,delimyy
4820250942280,"БІР Пиво Львівське Світле 1,18л",sht_delimyy,1.0,1.0,12.0,,6,OK,delimyy
4820000430012,"Вода Миргородська 1,5л",sht_delimyy,1.0,1.0,12.0,,6,OK,delimyy
5449000011527,"Фанта Оранж 0,33л з/б",sht_delimyy,1.0,8.0,12.0,,6,OK,delimyy
5449000030245,"Кока Кола 0,75л",sht_delimyy,1.0,6.0,12.0,,7,OK,delimyy
5449000131805,"Кока Кола Зеро 0,33л з/б",sht_delimyy,1.0,1.0,12.0,,7,OK,delimyy
5949000506400,"Напій Ліптон Чай Зелений 0,5л",sht_delimyy,1.0,6.0,12.0,,8,OK,delimyy
4820050236411,"Горілка Гетьман Українське Зерно 0,7л",sht_delimyy,1.0,1.0,12.0,,9,OK,delimyy
5449000130389,"Кока Кола 1,75л",sht_delimyy,1.0,6.0,12.0,,9,OK,delimyy
4820017000024,"Вода Моршинська 1,5л негаз.",sht_delimyy,1.0,1.0,12.0,,9,OK,delimyy
4823063127554,"Напій Ліптон Чай Чорний Лимон 0,5л",sht_delimyy,1.0,2.0,12.0,,10,OK,delimyy
4820017000055,"Вода Моршинська 1,5л",sht_delimyy,1.0,1.0,12.0,,11,OK,delimyy
4823063126298,"Пепсі-Кола 0,5л",sht_delimyy,1.0,5.0,12.0,,13,OK,delimyy
4820017000253,"Вода Моршинська 1,5л слаб.",sht_delimyy,1.0,1.0,12.0,,13,OK,delimyy
4860019001346,"Мінеральна вода Боржомі 0,5л скло",sht_delimyy,1.0,1.0,12.0,,16,OK,delimyy
5449000333261,"Соковий Напій КАППІ Оранж Мікс н/газ 0,5л",sht_delimyy,1.0,1.0,12.0,,28,OK,delimyy
4820146443600,Сік Ранок Виноград-Яблуко 1л,sht_delimyy,1.0,,12.0,,29,LOW_N,delimyy
40822426,"Бонаква 0,5л негаз",sht_delimyy,1.0,1.0,12.0,,31,OK,delimyy
5449000026583,Бонаква 1л газ,sht_delimyy,1.0,1.0,12.0,,32,OK,delimyy
5449000000996,"Кока Кола 0,33 з/б",sht_delimyy,1.0,1.0,12.0,,33,OK,delimyy
54491397,"Фанта Виноград Зеро 0,5л",sht_delimyy,1.0,1.0,12.0,,44,OK,delimyy
4823063122641,"Пепсі-Кола 0,33л ПЕТ",sht_delimyy,1.0,12.0,12.0,,45,OK,delimyy
4820235322205,"Грин Дей Вино Віажио Віа Монте Сухе Біле 0,75л",sht_delimyy,1.0,1.0,12.0,,46,OK,delimyy
5449000325273,"Чай Фюз Лохина-Лаванда Зеро 0,5л",sht_delimyy,1.0,1.0,12.0,,47,OK,delimyy
4820182780356,Шпроти в Олії Морські 240г,sht_delimyy,1.0,1.0,12.0,,47,OK,delimyy
5449000333223,Сік КАППІ Гранат Нектар 1л,sht_delimyy,1.0,1.0,12.0,,54,OK,delimyy
5011013100156,"Хлібний Дар Еліт Лікер Baileys 0,7л",sht_delimyy,1.0,1.0,12.0,,56,OK,delimyy
4820055821193,"Себек Напій Буратіно 0,5л",sht_nedelimyy,12.0,12.0,12.0,,57,OK,min_eq_box
5000281033273,"Хлібний Дар Еліт Ром Captain Morgan Black Spaced 0,7л",sht_delimyy,1.0,1.0,12.0,,69,OK,delimyy
5038342511224,"Дісна Віскі Спікер 0,7л",sht_delimyy,1.0,1.0,12.0,,71,OK,delimyy
5000299223055,Хлібний Дар Еліт Ром Captain Morgan Spiced Gold 1л,sht_delimyy,1.0,1.0,12.0,,72,OK,delimyy
4820182221231,"Хлібний Дар Коньяк Аліко 3* 0,5л (12)",sht_delimyy,1.0,1.0,12.0,,72,OK,delimyy
8594405101049,"Хлібний Дар Еліт Лікер Becherovka 0,7л",sht_delimyy,1.0,1.0,12.0,,80,OK,delimyy
4820113380075,Ананаси кусками РІО 580мл,sht_delimyy,1.0,1.0,12.0,,80,OK,delimyy
4820004925118,"Хлібний Дар Вермут Маренго Мохіто 0,5 л",sht_delimyy,1.0,1.0,12.0,,85,OK,delimyy
8711000564158,Чай Піквік Фруктово-Трав*яний Імбир-Лемонграс 20*2г,sht_delimyy,1.0,1.0,12.0,,86,OK,delimyy
4820024225007,"Грин Дей Вино Вілла Крим Мускат Виналь н/с Біле 0,75л (12)",sht_delimyy,1.0,1.0,12.0,,86,OK,delimyy
4820254573664,"Немирів Бренді Виноградний  Шабо Селект Колекція 36% 0,5л",sht_delimyy,1.0,1.0,12.0,,86,OK,delimyy
4823093700352,"Коньяк Алекс Срібний 4* 0,5л",sht_delimyy,1.0,1.0,12.0,,90,OK,delimyy
8682091118301,Монжар Той Джой 3D Желейне ОКО 18г (60),sht_delimyy,1.0,1.0,12.0,,90,OK,delimyy
4820127650904,Риба М*ясо Мідії с/с в олії 500г,sht_delimyy,1.0,1.0,12.0,,92,OK,delimyy
4820256584774,УДК Напій Вин.Ореанда Каберне Сух.Черв.1л,sht_delimyy,1.0,1.0,12.0,,92,OK,delimyy
4820210842360,"Медоф Настоянка Калганова з Медом На Коньяку 0,7л",sht_delimyy,1.0,1.0,12.0,,93,OK,delimyy
4820013375430,"Ресурс Вино Мускатель Південний Біле Солодке 0,75л",sht_delimyy,1.0,1.0,12.0,,94,OK,delimyy
4820079693660,"Алексис Молоко Згущене Іріска 0,53кг",sht_delimyy,1.0,1.0,12.0,,95,OK,delimyy
4820013375454,"Ресурс Вино Мускатель Південний Червоне Солодке 0,75л",sht_delimyy,1.0,1.0,12.0,,96,OK,delimyy
8006530111409,Засіб Для Миття Посуду Фейрі Лимон 900мл,sht_delimyy,1.0,1.0,12.0,,98,OK,delimyy
4820237190680,"Ресурс Горілка Вілд Дак Віп 0,7л",sht_delimyy,1.0,1.0,12.0,,100,OK,delimyy
4820189294610,"Напій Винний Азнаурі Чорна Смородина 0,75л",sht_delimyy,1.0,1.0,12.0,,102,OK,delimyy
54881027823,"Чай Ахмад Чорний Манго та Лічі 25*1,5г",sht_delimyy,1.0,1.0,12.0,,105,OK,delimyy
4820254574517,"Немирів Бренді Грузинська Легенда 3*0,5л",sht_delimyy,1.0,1.0,12.0,,111,OK,delimyy
4820179280685,Медоф Горілка Мірна На Молоці 1л,sht_delimyy,1.0,1.0,12.0,,114,OK,delimyy
4820237190673,"Ресурс Горілка Вілд Дак Платінум 0,7л",sht_delimyy,1.0,1.0,12.0,,117,OK,delimyy
2984670061890,"Себек Вода 0,5л газ",sht_nedelimyy,12.0,12.0,12.0,,118,OK,min_eq_box
4820254573794,"Немирів Напій Алк. Шабо Кава 30% 0,5л",sht_delimyy,1.0,1.0,12.0,,120,OK,delimyy
4820254574531,"Немирів Бренді Грузинська Легенда 3*0,25л",sht_delimyy,1.0,1.0,12.0,,122,OK,delimyy
4820270931387,Монжар Жувальна Цукерка Тофі Тайм Вишня 25г (20),sht_delimyy,1.0,1.0,12.0,,125,OK,delimyy
4820189295051,"Напій Винний Азнаурі Малина 0,75л",sht_delimyy,1.0,1.0,12.0,,127,OK,delimyy
5900343003698,"Настоянка Зубровка 0,7л",sht_delimyy,1.0,1.0,12.0,,127,OK,delimyy
4820183100979,"Грин Дей Вино Вілла Крим Мускат Рів*єра н/с Рожеве 0,75л",sht_delimyy,1.0,1.0,12.0,,128,OK,delimyy
4820004925071,"Хлібний Дар Вино Коблево Каберне 0,75 л",sht_delimyy,1.0,1.0,12.0,,128,OK,delimyy
4820034477281,"Ресурс Настоянка Дарк Блейд 0,7л",sht_delimyy,1.0,1.0,12.0,,130,OK,delimyy
4820004921080,"Хлібний Дар Вино Коблево Мускат 0,75 л",sht_delimyy,1.0,1.0,12.0,,132,OK,delimyy
5038342511910,"Дісна Віскі Шотландский Glendale 3* 0,7л",sht_delimyy,1.0,1.0,12.0,,132,OK,delimyy
8711000684047,"Чай Піквік Чорний Асорті Лісові Ягоди Вишня (20*1,5г)",sht_delimyy,1.0,1.0,12.0,,134,OK,delimyy
4823122206602,"Грин Дей Сп.Напій Аджарі Апельсин 0,5л",sht_delimyy,1.0,1.0,12.0,,134,OK,delimyy
4820256582374,УДК Напій Вин.Тамянка Авторське н/сол Біле 1л,sht_delimyy,1.0,1.0,12.0,,135,OK,delimyy
54881007993,Чай Ахмад Англійський до сніданку 100 гр,sht_delimyy,1.0,1.0,12.0,,136,OK,delimyy
4820254571615,"Немирів Коньяк Грузинська Легенда 3*0,5л",sht_delimyy,1.0,1.0,12.0,,137,OK,delimyy
4820004925033,"Хлібний Дар Вино Коблево Шардоне 0,75 л",sht_delimyy,1.0,1.0,12.0,,142,OK,delimyy
4823118604184,"Чай Шерлок Час Задоволення 22*1,8г",sht_delimyy,1.0,1.0,12.0,,142,OK,delimyy
54881027816,"Чай Ахмад Чорний Лимон та М*ята 25*1,5г",sht_delimyy,1.0,1.0,12.0,,142,OK,delimyy
4860013088688,"Немирів Бренді Старий Кахеті 5* 0,5л (12)",sht_delimyy,1.0,1.0,12.0,,143,OK,delimyy
4820189290223,"Вино Азнаурі Алазанська Долина напів/солод біле 0,75л",sht_delimyy,1.0,1.0,12.0,,145,OK,delimyy
6973354000788,Рома Вермішель Гаряча та Гостра чашка 126г,sht_delimyy,1.0,1.0,12.0,,146,OK,delimyy
4820254573732,"Немирів Бренді Виноградний  Шабо Селект 36% 0,25л",sht_delimyy,1.0,1.0,12.0,,146,OK,delimyy
4820034477274,"Ресурс Настоянка Дарк Блейд 0,5л",sht_delimyy,1.0,1.0,12.0,,147,OK,delimyy
4820024227889,"Грин Дей Вино Вілла Крим Шевал*є Руж н/с Червоне 0,75л",sht_delimyy,1.0,1.0,12.0,,153,OK,delimyy
6973354000764,Рома Вермішель з Кислим і Гострим Смаком чашка 122г,sht_delimyy,1.0,1.0,12.0,,155,OK,delimyy
54881027830,"Чай Ахмад Чорний Ягідний Мікс 25*1,5г",sht_delimyy,1.0,1.0,12.0,,157,OK,delimyy
7610113013311,"Ресурс Ром Бакарді Спайсд 0,5л",sht_delimyy,1.0,1.0,12.0,,161,OK,delimyy
4820256585535,"УДК Напій Алк.Ореанда Гранде с/г н/сол Біле 0,75л",sht_delimyy,1.0,1.0,12.0,,162,OK,delimyy
4823122201218,"Грин Дей Горілка Хельсінкі Зимова Столиця 0,5л",sht_delimyy,1.0,1.0,12.0,,163,OK,delimyy
5010677924009,"Ресурс Мартіні Б*янко 0,75л",sht_delimyy,1.0,1.0,12.0,,163,OK,delimyy
8711000710197,Напій Якобз АйсПрессо Класік 250мл,sht_delimyy,1.0,1.0,12.0,,164,OK,delimyy
4820004927471,"Хлібний Дар Вино Коблево Бастардо 0,75 л",sht_delimyy,1.0,1.0,12.0,,168,OK,delimyy
4820163121956,"УДК Вино Ореанда Шардоне Сухе Біле 0,75л",sht_delimyy,1.0,1.0,12.0,,168,OK,delimyy
4820182222252,"Хлібний Дар Бренді Коблево Гранд V.S. 3* 0,5л",sht_delimyy,1.0,1.0,12.0,,168,OK,delimyy
4823063126335,"Пепсі-Кола 1,75л",sht_delimyy,1.0,1.0,12.0,,175,OK,delimyy
4823118604153,"Чай Шерлок Зелений Меліса 22*1,8г",sht_delimyy,1.0,1.0,12.0,,175,OK,delimyy
54881025140,Чай Ахмад Лондон 100 гр,sht_delimyy,1.0,1.0,12.0,,177,OK,delimyy
4823105400713,Верес Баклажани в Аджиці 500г,sht_delimyy,1.0,1.0,12.0,,177,OK,delimyy
8700216724463,Кондиціонер Для Білизни Ленор 798мл,sht_delimyy,1.0,1.0,12.0,,178,OK,delimyy
4823124600941,Хуторок Квасоля в том.соусі 500г,sht_delimyy,1.0,1.0,12.0,,181,OK,delimyy
4823105400164,Верес Шампіньони Закусочні 260г,sht_delimyy,1.0,1.0,12.0,,182,OK,delimyy
6976685700303,Монжар Браслет с Черепом 12г (30шт),sht_delimyy,1.0,1.0,12.0,,185,OK,delimyy
4823124602556,Хуторок Горошок Зелений 420г,sht_delimyy,1.0,1.0,12.0,,191,OK,delimyy
4823124603362,Хуторок Шампіньони Мариновані з овочами 300г,sht_delimyy,1.0,1.0,12.0,,192,OK,delimyy
4820210841196,"Прайм Горілка Львів Княжий Преміум 0,7л",sht_delimyy,1.0,1.0,12.0,,200,OK,delimyy
5900343001915,"Горілка Зубровка Бяла 0,7л",sht_delimyy,1.0,1.0,12.0,,203,OK,delimyy
5011321336049,Шампунь ХШ Основний догляд 400 мл,sht_delimyy,1.0,1.0,12.0,,209,OK,delimyy
54881024969,Чай Ахмад Лондон 25 шт,sht_delimyy,1.0,1.0,12.0,,221,OK,delimyy
6971642210017,Рома Вермішель Тонка з Кислим і Гострим Смаком чашка 120г,sht_delimyy,1.0,1.0,12.0,,223,OK,delimyy
2984670064563,Монжар Жувальний Макарун 22г (20шт),sht_delimyy,1.0,1.0,12.0,,225,OK,delimyy
4823122206619,"Грин Дей Сп.Напій Аджарі Вишня 0,5л",sht_delimyy,1.0,1.0,12.0,,230,OK,delimyy
4820210842346,"Прайм Настоянка Львів Княжий Журавлина 0,5л",sht_delimyy,1.0,1.0,12.0,,232,OK,delimyy
4820254571813,"Немирів Коньяк Грузинська Легенда 3*0,25л",sht_delimyy,1.0,1.0,12.0,,232,OK,delimyy
4860013080767,"Немирів Бренді Старий Кахеті 3* 0,25л",sht_delimyy,1.0,1.0,12.0,,232,OK,delimyy
4820256583739,УДК Напій Вин.Яблуко 23 н/с Біле 1л,sht_delimyy,1.0,1.0,12.0,,236,OK,delimyy
4820024225038,"Грин Дей Вино Вілла Крим Шардоне Сухе Біле 0,75л",sht_delimyy,1.0,1.0,12.0,,242,OK,delimyy
4823105400560,Верес Ікра із Кабачків Екстра 440г,sht_delimyy,1.0,1.0,12.0,,242,OK,delimyy
4823124600972,Асорті Овочеве Банка 470г скло,sht_delimyy,1.0,1.0,12.0,,250,OK,delimyy
4820055820639,"Себек Напій Лимонад 0,5л",sht_nedelimyy,12.0,12.0,12.0,,252,OK,min_eq_box
4820210842162,"Медоф Настоянка Калганова з Медом На Коньяку 0,1л",sht_delimyy,1.0,2.0,12.0,,256,OK,delimyy
4820210840694,Прайм Горілка Львів Княжий Преміум 1л,sht_delimyy,1.0,1.0,12.0,,257,OK,delimyy
4820256583500,УДК Напій Вин.Мікадо Біла Слива н/сол Біле 1л,sht_delimyy,1.0,1.0,12.0,,268,OK,delimyy
4820127650232,Риба Філе Оселедця с/с в Олії 500г,sht_delimyy,1.0,1.0,12.0,,273,OK,delimyy
4820015943804,Соус Руна Шашличний 485г,sht_delimyy,1.0,1.0,12.0,,274,OK,delimyy
8437006916806,Свіфт Оливки Ібелус з/б 280г,sht_delimyy,1.0,1.0,12.0,,286,OK,delimyy
4820210841455,"Медоф Горілка Калганоф Люкс 0,7л",sht_delimyy,1.0,1.0,12.0,,295,OK,delimyy
4820139280267,"Коньяк Тіса 3* 0,5л",sht_delimyy,1.0,1.0,12.0,,306,OK,delimyy
4820182220357,"Хлібний Дар Коньяк Коблево Резерв 3* 0,5л",sht_delimyy,1.0,1.0,12.0,,312,OK,delimyy
4820080724063,Хлібний Дар Горілка Козацька Рада 1л,sht_delimyy,1.0,1.0,12.0,,327,OK,delimyy
3800020417577,Нестле Батончик Кіт Кат Чанкі 40г,sht_delimyy,1.0,1.0,12.0,,329,OK,delimyy
4820206080721,Страйпси Равлик Боб Яблучно-Полуничні 14г,sht_delimyy,1.0,1.0,12.0,,334,OK,delimyy
4823122200044,"Грин Дей Горілка Зелений День 0,7л",sht_delimyy,1.0,1.0,12.0,,337,OK,delimyy
4823105408016,Верес Кукуруза Цукрова 340г,sht_delimyy,1.0,1.0,12.0,,339,OK,delimyy
8437006916790,Свіфт Маслини Ібелус з/б 280г,sht_delimyy,1.0,1.0,12.0,,344,OK,delimyy
4823096008745,Чумак Соус Цацикі 180г,sht_delimyy,1.0,1.0,12.0,,350,OK,delimyy
8593893745841,Нестле Батончик Натс Сінгл 42 гр,sht_delimyy,1.0,2.0,12.0,,350,OK,delimyy
4823105400096,Верес Огірки Мариновані 300г,sht_delimyy,1.0,1.0,12.0,,356,OK,delimyy
4820015949837,Соус Руна Український 485г,sht_delimyy,1.0,1.0,12.0,,368,OK,delimyy
2984670064440,Риба Філе Оселедця с/с в Олії з Фран.Гірчицею 500г,sht_delimyy,1.0,1.0,12.0,,375,OK,delimyy
4820139280274,"Коньяк Тіса 3* 0,25л",sht_delimyy,1.0,1.0,12.0,,382,OK,delimyy
4820024227896,"Грин Дей Вино Вілла Крим Шато Барон н/с Біле 0,75л",sht_delimyy,1.0,1.0,12.0,,383,OK,delimyy
4820024228787,"Грин Дей Горілка Зелений День 0,7л",sht_delimyy,1.0,1.0,12.0,,384,OK,delimyy
6976685701027,Монжар Кисло-Спрей 25г (30),sht_delimyy,1.0,1.0,12.0,,385,OK,delimyy
5010752001151,"Ресурс Віскі Вільям Лоусон 0,5л",sht_delimyy,1.0,1.0,12.0,,386,OK,delimyy
4820079690850,Алексис Кукурудза з/б ключ 420г,sht_delimyy,1.0,1.0,12.0,,386,OK,delimyy
4820139280236,"Коньяк Закарпатский 4* 0,5л",sht_delimyy,1.0,1.0,12.0,,388,OK,delimyy
4820103402596,Прайм Горілка Класична 1л,sht_delimyy,1.0,1.0,12.0,,391,OK,delimyy
4820275980038,Немирів Портвейн 777 Білий 1л,sht_delimyy,1.0,1.0,12.0,,396,OK,delimyy
4820183102911,"Грин Дей Бренді Довбуш 3* 0,5л",sht_delimyy,1.0,1.0,12.0,,399,OK,delimyy
4820181420635,Немирів Горілка Оригінал 1л,sht_delimyy,1.0,1.0,12.0,,404,OK,delimyy
4820181420444,"Немирів Горілка Делікат М*яка 0,7л",sht_delimyy,1.0,1.0,12.0,,432,OK,delimyy
4820256583760,УДК Напій Вин.Вишня 23 н/с Чер 1л,sht_delimyy,1.0,1.0,12.0,,434,OK,delimyy
4820139280243,"Коньяк Закарпатский 4* 0,25л",sht_delimyy,1.0,1.0,12.0,,436,OK,delimyy
4820275980052,Немирів Вино Тамянка Біле Н/Солод. 1л,sht_delimyy,1.0,1.0,12.0,,438,OK,delimyy
4820210840687,"Прайм Горілка Львів Княжий Преміум 0,5л",sht_delimyy,1.0,1.0,12.0,,444,OK,delimyy
4820254574142,"Немирів Бренді Україна Шабо V.S. 3* 0,25л",sht_delimyy,1.0,1.0,12.0,,452,OK,delimyy
4823124603058,Хуторок Кукуруза Цукрова 410г з/б,sht_delimyy,1.0,1.0,12.0,,458,OK,delimyy
4820030562127,Свіфт Зелений Горошок Б.Г. 500 гр,sht_delimyy,1.0,1.0,12.0,,463,OK,delimyy
5000159408301,Марс  Шок.Бат.Марс Мах 70г,sht_delimyy,1.0,1.0,12.0,,476,OK,delimyy
4820179280678,"Медоф Горілка Мірна На Молоці 0,7л",sht_delimyy,1.0,1.0,12.0,,484,OK,delimyy
4860104150041,"Медоф Бренді Шато Кахеті 3* 0,5л",sht_delimyy,1.0,1.0,12.0,,500,OK,delimyy
4820229031236,УДК Горілка Хортиця Срібна 1л,sht_delimyy,1.0,1.0,12.0,,506,OK,delimyy
4820179624823,Немирів Портвейн 777 Червоний 1л,sht_delimyy,1.0,1.0,12.0,,527,OK,delimyy
4820070400861,Немирів Коньяк Шабо V.S 3* 0.25л,sht_delimyy,1.0,1.0,12.0,,535,OK,delimyy
4820189291817,"Коньяк України Азнаурі 3* 0,7л",sht_delimyy,1.0,1.0,12.0,,541,OK,delimyy
4820030562448,Свіфт Томатна Паста Б.Г. 400г,sht_delimyy,1.0,1.0,12.0,,545,OK,delimyy
4860013088664,"Немирів Бренді Старий Кахеті 3* 0,5л",sht_delimyy,1.0,1.0,12.0,,552,OK,delimyy
5900951297212,Марс  Драже М&М Шоколад 45г,sht_delimyy,1.0,1.0,12.0,,554,OK,delimyy
4820015942616,Соус Руна Сацебелі 485г,sht_delimyy,1.0,1.0,12.0,,558,OK,delimyy
54881005906,Чай Ахмад Англійський до сніданку 25 шт,sht_delimyy,1.0,1.0,12.0,,578,OK,delimyy
4820080726838,"Хлібний Дар Горілка Козацька Рада 0,7л",sht_delimyy,1.0,1.0,12.0,,589,OK,delimyy
4820088412269,Водний Світ Закуска Копчена Сьомга 110 гр,sht_delimyy,1.0,1.0,12.0,,591,OK,delimyy
4820146980051,Свіфт Цукор Пресований 250 гр,sht_delimyy,1.0,1.0,12.0,,617,OK,delimyy
4820181420628,"Немирів Горілка Особлива 0,7л",sht_delimyy,1.0,1.0,12.0,,618,OK,delimyy
4820179280494,Медоф Горілка Класік 1л,sht_delimyy,1.0,1.0,12.0,,626,OK,delimyy
4820088412115,Водний Світ Закуска Лососева 110 гр,sht_delimyy,1.0,1.0,12.0,,658,OK,delimyy
80310891,Кіндер-Джой Т1,sht_delimyy,1.0,2.0,12.0,,698,OK,delimyy
4820103402589,"Прайм Горілка Класична 0,7л",sht_delimyy,1.0,1.0,12.0,,713,OK,delimyy
4820088412320,Водний Світ Кілька Слабосолена 180 гр,sht_delimyy,1.0,1.0,12.0,,798,OK,delimyy
9243178625595,Монжар Льодяник на Паличці Кисла П*ятка 9гр Упаковка 24 шт,sht_delimyy,1.0,1.0,12.0,,870,OK,delimyy
4820179280487,"Медоф Горілка Класік 0,7л",sht_delimyy,1.0,1.0,12.0,,964,OK,delimyy
4820039802408,Комо Слайс Голландія 150 гр,sht_nedelimyy,2.0,1.0,12.0,,1278,OK,delimyy
4820039808363,Комо Слайс Традиційний 150 гр,sht_nedelimyy,2.0,1.0,12.0,,1373,OK,delimyy
4820079690126,Алексис Борошно (в/г) 1кг,sht_delimyy,1.0,1.0,12.0,,1417,OK,delimyy
4820039802422,Комо Слайс Кантрі 150 гр,sht_nedelimyy,2.0,1.0,12.0,,1577,OK,delimyy
4820026706368,Боніта Халва Ванільна Глазурована 70г,sht_delimyy,1.0,1.0,13.0,,174,OK,delimyy
4820026703138,Боніта Халва Ванільна 60г,sht_delimyy,1.0,1.0,13.0,,248,OK,delimyy
4823009202291,Хладік Морозиво Каштан Шоколадний 75г,sht_delimyy,1.0,,14.0,,1,LOW_N,delimyy
4823009202284,Хладік Морозиво Каштан Класичний 75г,sht_delimyy,1.0,,14.0,,1,LOW_N,delimyy
4823009202789,Хладік Морозиво Сніговик в Конд.Глазурі 80г,sht_delimyy,1.0,,14.0,,1,LOW_N,delimyy
8000500359358,Печиво з начинкою Нутелла та Какао Т3,sht_delimyy,1.0,1.0,14.0,,92,OK,delimyy
8000500434123,Хрусткі Вафлі Т 1,sht_delimyy,1.0,1.0,14.0,,118,OK,delimyy
4820270931783,Монжар Драже Олівець Пірати 22г (12),sht_delimyy,1.0,1.0,14.0,,216,OK,delimyy
4823118600902,Чай Шерлок Англ.Сніданок 100г,sht_delimyy,1.0,1.0,14.0,,235,OK,delimyy
5900951302381,Марс  Корм Віскас Тунець в Желе 85г,sht_delimyy,1.0,1.0,14.0,,284,OK,delimyy
5000159376792,Марс  Драже Скітлс Кисломікс 38г,sht_delimyy,1.0,1.0,14.0,,442,OK,delimyy
4009900460187,Марс  Драже Скітлс Дикі Ягоди 38г,sht_delimyy,1.0,1.0,14.0,,509,OK,delimyy
5000159376655,Марс  Драже Скітлс Фрукти 38г,sht_delimyy,1.0,1.0,14.0,,515,OK,delimyy
4820114290175,Серветка Версаль 200 л.б (28),sht_delimyy,1.0,1.0,14.0,,553,OK,delimyy
4823039004902,Комо Наш Сирок Голландський 70 гр,sht_nedelimyy,5.0,1.0,14.0,,1391,OK,delimyy
4823039004896,Комо Наш Сирок Вершковий 70 гр,sht_nedelimyy,5.0,2.0,14.0,,1676,OK,delimyy
4823009204080,Хладік Морозиво Золотий Каштан Класичний 70г,sht_delimyy,1.0,,15.0,,1,LOW_N,delimyy
7622201781323,Гумка Дірол Бабл Фреш 14г,sht_delimyy,1.0,,15.0,,2,LOW_N,delimyy
7622210634061,Гумка Дірол Льодяна М*ята 14г,sht_delimyy,1.0,,15.0,,3,LOW_N,delimyy
7622210644169,Гумка Дірол Уайт Полуниця 14г,sht_delimyy,1.0,,15.0,,4,LOW_N,delimyy
5449000080806,"Кока Кола Зеро 1,75л",sht_delimyy,1.0,1.0,15.0,,5,OK,delimyy
4820055820868,"Себек Вода 1,5л газ",sht_delimyy,1.0,1.0,15.0,,16,OK,delimyy
4820083909221,Корм Пауч Лосось Коти 300г,sht_delimyy,1.0,1.0,15.0,,45,OK,delimyy
4820269140202,Корм Пауч Кролик Коти 300г,sht_delimyy,1.0,1.0,15.0,,48,OK,delimyy
4820232610534,Союз Приправа Овочева 15 Овочів І Трав Іріс 50г,sht_delimyy,1.0,1.0,15.0,,65,OK,delimyy
4820270930250,Монжар Набір Олівців з Драже Пірати (5),sht_delimyy,1.0,1.0,15.0,5.0,104,OK,delimyy
4823105815920,АВК Сендвіч Brunch із Сиром Пармезан 47г,sht_delimyy,1.0,2.0,15.0,,108,OK,delimyy
4823122204042,Грин Дей Бренді Аджарі 3* 1л,sht_delimyy,1.0,1.0,15.0,,137,OK,delimyy
4820270930243,Монжар Набір Олівців з Драже Пес Патрон ( 5),sht_delimyy,1.0,1.0,15.0,,161,OK,delimyy
4820201993101,"Прайм Настоянка Чорний Карбон 0,5л",sht_delimyy,1.0,1.0,15.0,,189,OK,delimyy
4823077651182,Рошен  Батончик Трюфель Вино Ігристе (рожевий) 39г,sht_delimyy,1.0,1.0,15.0,,199,OK,delimyy
4820083900013,Корм Гав М*ясне Асорті 500г,sht_delimyy,1.0,1.0,15.0,,256,OK,delimyy
4820182222238,"Хлібний Дар Бренді Коблево Гранд V.S. 3* 0,25л",sht_delimyy,1.0,1.0,15.0,,282,OK,delimyy
2978950003595,Агропром Стакан Паперовий Малюнок 175 мл Упаковка 50 шт,sht_delimyy,1.0,1.0,15.0,,288,OK,delimyy
4820055821179,Себек Напій Ситро 2л,sht_delimyy,1.0,1.0,15.0,,329,OK,delimyy
5900343003674,"Настоянка Зубровка 0,5л",sht_delimyy,1.0,1.0,15.0,,348,OK,delimyy
4820103409151,"Прайм Настоянка Чилійські Пекучі Червоні Перці 0,5л",sht_delimyy,1.0,1.0,15.0,,359,OK,delimyy
80135463,Паста Шоколадна Нутелла-200,sht_delimyy,1.0,1.0,15.0,,377,OK,delimyy
4820182221910,"Хлібний Дар Напій Спирт.Аліко Аромат Вишні 0,1л",sht_delimyy,1.0,1.0,15.0,,399,OK,delimyy
4820182221927,"Хлібний Дар Напій Спирт.Аліко Аромат Кави 0,1л",sht_delimyy,1.0,1.0,15.0,,411,OK,delimyy
4820182220043,"Хлібний Дар Коньяк Коблево 3*0,25л",sht_delimyy,1.0,1.0,15.0,,415,OK,delimyy
4820083909443,"Корм Пауч Курка Цуц Усі 0,4кг",sht_delimyy,1.0,1.0,15.0,,416,OK,delimyy
4820210843770,"Медоф Настоянка Калганова з Медом На Бренді 0,1л",sht_delimyy,1.0,1.0,15.0,,422,OK,delimyy
4820079693295,Алексис Молоко Згущене з/б 380г,sht_delimyy,1.0,1.0,15.0,,425,OK,delimyy
4820182222146,"Хлібний Дар Бренді Коблево 3*0,25л",sht_delimyy,1.0,1.0,15.0,,426,OK,delimyy
4820229031175,"УДК Горілка Хортиця Срібна 0,1л",sht_delimyy,1.0,1.0,15.0,,437,OK,delimyy
4820083909795,Корм Пауч Курка Коти 300 г,sht_delimyy,1.0,1.0,15.0,,449,OK,delimyy
4823122200082,"Грин Дей Горілка Зелений День 0,1л",sht_delimyy,1.0,1.0,15.0,,461,OK,delimyy
5900343001892,"Горілка Зубровка Бяла 0,5л",sht_delimyy,1.0,1.0,15.0,,470,OK,delimyy
4820182220562,"Хлібний Дар Коньяк Коблево Резерв 3* 0,25л",sht_delimyy,1.0,1.0,15.0,,486,OK,delimyy
4820235320539,"Грин Дей Горілка Зелений День 0,1л",sht_delimyy,1.0,2.0,15.0,,490,OK,delimyy
4820181420895,"Немирів Настойка Медова з Перцем 0,5л",sht_delimyy,1.0,1.0,15.0,,493,OK,delimyy
4820083909184,Корм Пауч Телятина Коти 300 г,sht_delimyy,1.0,1.0,15.0,,502,OK,delimyy
4820083909528,"Корм Пауч Малі Породи Собак 0,4кг",sht_delimyy,1.0,1.0,15.0,,537,OK,delimyy
4820083909252,Корм Пауч Стерилізовані Коти 300 г,sht_delimyy,1.0,1.0,15.0,,564,OK,delimyy
4820182222139,"Хлібний Дар Бренді Коблево 3* 0,1л",sht_delimyy,1.0,1.0,15.0,,616,OK,delimyy
80052760,Батончик Кіндер Буено,sht_delimyy,1.0,1.0,15.0,,634,OK,delimyy
4820001830064,"Вода мін.Лужанська 1,5л",sht_delimyy,1.0,1.0,15.0,,697,OK,delimyy
4820189295341,"Бренді Азнаурі V.S. 3* 0,5л",sht_delimyy,1.0,1.0,15.0,,744,OK,delimyy
4820001020021,"Вода мін.Куяльник 1,5л",sht_delimyy,1.0,1.0,15.0,,747,OK,delimyy
4820181420437,"Немирів Горілка Делікат М*яка 0,5л",sht_delimyy,1.0,1.0,15.0,,755,OK,delimyy
4820001021066,"Вода мін.Куяльник1 1,5л",sht_delimyy,1.0,1.0,15.0,,788,OK,delimyy
5900951028502,Марс  Шок.Бат.Твікс Екстра 75г,sht_delimyy,1.0,1.0,15.0,,811,OK,delimyy
4820229031182,"УДК Горілка Хортиця Срібна 0,2л",sht_delimyy,1.0,1.0,15.0,,845,OK,delimyy
4820204210168,Золоте Зерно Полюс Торт Мигдаль 50 гр,sht_delimyy,1.0,1.0,15.0,,869,OK,delimyy
4820001115567,"Гермес Олія Олейна 0,85 л",sht_delimyy,1.0,1.0,15.0,,926,OK,delimyy
4823098207290,"Хлібний Дар Горілка Оксідженіум 0,7л",sht_delimyy,1.0,1.0,15.0,,929,OK,delimyy
4820189290094,"Коньяк України Азнаурі 3* 0,5л",sht_delimyy,1.0,1.0,15.0,,958,OK,delimyy
4820204210182,Золоте Зерно Полюс Торт Згущене Молоко 50 гр,sht_delimyy,1.0,1.0,15.0,,959,OK,delimyy
4823071656954,Серветка Волога Аква Бебі з клапоном 120шт,sht_delimyy,1.0,1.0,15.0,,963,OK,delimyy
4820229032882,"УДК Настоянка Медовуха Гречана 0,2л",sht_delimyy,1.0,1.0,15.0,,1018,OK,delimyy
4820181420611,"Немирів Горілка Оригінал 0,5л",sht_delimyy,1.0,1.0,15.0,,1057,OK,delimyy
4820204210021,Золоте Зерно Полюс Торт Фундук 50 гр,sht_delimyy,1.0,1.0,15.0,,1213,OK,delimyy
4820017295307,Золоте Зерно Фігурні Вироби Молочні 60 гр,sht_delimyy,1.0,1.0,15.0,,1289,OK,delimyy
4820103402572,"Прайм Горілка Класична 0,5л",sht_delimyy,1.0,1.0,15.0,,1315,OK,delimyy
4820080726777,"Хлібний Дар Горілка Класична 0,1л",sht_delimyy,1.0,1.0,15.0,,1386,OK,delimyy
4820229031977,"УДК Горілка Первак Домашній Пшеничний 0,25л",sht_delimyy,1.0,1.0,15.0,,1393,OK,delimyy
4820189941897,Союз Гірчиця МакМай Міцна п/п 130г,sht_delimyy,1.0,1.0,15.0,,1409,OK,delimyy
4823098207214,"Хлібний Дар Горілка Оксідженіум 0,1л",sht_delimyy,1.0,1.0,15.0,,1458,OK,delimyy
4820080729907,"Хлібний Дар Горілка Класична 0,18л",sht_delimyy,1.0,1.0,15.0,,1812,OK,delimyy
4823098200673,"Хлібний Дар Горілка Класична 0,25л",sht_delimyy,1.0,1.0,15.0,,1890,OK,delimyy
4823098207238,"Хлібний Дар Горілка Оксідженіум 0,25л",sht_delimyy,1.0,1.0,15.0,,1949,OK,delimyy
4820179280067,"Медоф Горілка Наша Марка 0,25л",sht_delimyy,1.0,1.0,15.0,,2017,OK,delimyy
4823105816774,АВК Батончик Королівський Шарм Мигдаль Кок.Крем 29г,sht_delimyy,1.0,1.0,16.0,,152,OK,delimyy
4820256584606,"УДК Напій Спирт.Десна 3*0,5л",sht_delimyy,1.0,1.0,16.0,,164,OK,delimyy
4823105816712,АВК Батончик Королівський Шарм Фундук Гор.Крем 25г,sht_delimyy,1.0,1.0,16.0,,174,OK,delimyy
5060846022876,Чай Еврідей Брекфаст 2г*20пак,sht_delimyy,1.0,1.0,16.0,,184,OK,delimyy
4823105400478,Верес Гірчиця Французька 130г,sht_delimyy,1.0,1.0,16.0,,223,OK,delimyy
4823105400515,Верес Хрін Український д/п 130г,sht_delimyy,1.0,1.0,16.0,,354,OK,delimyy
4823105400492,Верес Гірчиця Українська Міцна 120г,sht_delimyy,1.0,1.0,16.0,,382,OK,delimyy
4820088413693,Водний Світ Шматочки Філе Оселедця Пряного Посолу 180 гр,sht_delimyy,1.0,1.0,16.0,,630,OK,delimyy
4820003830017,Туалетний Папір Обухов (1) 65 м,sht_delimyy,1.0,1.0,16.0,1.0,778,OK,delimyy
4820229031229,"УДК Горілка Хортиця Срібна 0,7л",sht_delimyy,1.0,1.0,16.0,,784,OK,delimyy
5000159459228,Марс  Шок.Бат.Твікс 50г,sht_delimyy,1.0,1.0,16.0,,794,OK,delimyy
4820229030420,"УДК Горілка Мороша Джерельна 0,5л",sht_delimyy,1.0,1.0,16.0,,896,OK,delimyy
4820088413716,Водний Світ Шматочки Філе Оселедця Слабосолені 180 гр,sht_delimyy,1.0,1.0,16.0,,897,OK,delimyy
4820197500246,Бойчак  Чіпси Мега Чіпс Бекон 90г,sht_delimyy,1.0,1.0,16.0,,968,OK,delimyy
4820137174032,Гермес Майонез Гуляй-Поле Традиційний 67% ф/пак 340гр,sht_delimyy,1.0,1.0,16.0,,1192,OK,delimyy
4820137174049,Гермес Майонез Гуляй-Поле Салатний 30% ф/пак 340гр,sht_delimyy,1.0,1.0,16.0,,1509,OK,delimyy
2978950009726,Яйце в/к (10),sht_delimyy,1.0,,18.0,10.0,1,LOW_N,delimyy
4820079691031,Алексис Цукор Пресований 500г,sht_delimyy,1.0,1.0,18.0,,145,OK,delimyy
7613035603257,Нестле Батончик Лайон Вайт 42 гр,sht_delimyy,1.0,1.0,18.0,,203,OK,delimyy
4820183770684,Алексис Бички т/с Аква 230гр,sht_delimyy,1.0,1.0,18.0,,225,OK,delimyy
4820002306988,ХБФ Печиво Зоологічне 180 гр,sht_delimyy,1.0,1.0,18.0,,278,OK,delimyy
4820002300559,ХБФ Вафлі Дебют Горіхові 32 гр,sht_delimyy,1.0,3.0,18.0,,299,OK,delimyy
4823118601213,Чай Шерлок Англ.Сніданок 25*2г,sht_delimyy,1.0,1.0,18.0,,372,OK,delimyy
4820183770806,Алексис Кілька нероз.т/с Аква 230г,sht_delimyy,1.0,1.0,18.0,,492,OK,delimyy
4820183772930,Алексис Сардини нат.д/ол.Аква 230г,sht_delimyy,1.0,1.0,18.0,,573,OK,delimyy
5000159542890,Марс  Драже М&М Арахіс 45г,sht_delimyy,1.0,1.0,18.0,,674,OK,delimyy
40084077,Шоколад Кіндер Максі Т1,sht_delimyy,1.0,1.0,18.0,,674,OK,delimyy
40084107,Кіндер-Сюрприз Т36,sht_delimyy,1.0,1.0,18.0,,916,OK,delimyy
80741244,Кіндер-Сюрприз Т36 Колекція,sht_delimyy,1.0,1.0,18.0,,959,OK,delimyy
4820088413990,Водний Світ Крабові Палички 180 гр,sht_delimyy,1.0,1.0,18.0,,1352,OK,delimyy
4820179280456,"Медоф Горілка Класік 0,2л",sht_delimyy,1.0,1.0,18.0,,1532,OK,delimyy
4820103409519,"Прайм Горілка Малинівка 0,1л",sht_delimyy,1.0,1.0,18.0,,1548,OK,delimyy
5901806000216,Бойчак Шоколад Альпинелла Полуниця 100г (19),sht_delimyy,1.0,1.0,19.0,,223,OK,delimyy
4820250942587,"БІР Пиво Туборг Грін 0,9л",sht_delimyy,1.0,,20.0,,1,LOW_N,delimyy
7622210609724,Льодяники Холз Вишня 25г,sht_delimyy,1.0,,20.0,,2,LOW_N,delimyy
7622201460341,Льодяники Холз Мед та Лимон 25г,sht_delimyy,1.0,,20.0,,2,LOW_N,delimyy
4820271511786,"Ігристе Фрателлі Фраголіно Бьянко н/б 0,33л з/б",sht_delimyy,1.0,,20.0,,2,LOW_N,delimyy
4820022693037,"Броварня Пиво Чайка Черноморська Лимон-Лайм 0,45л",sht_delimyy,1.0,,20.0,,3,LOW_N,delimyy
4820193032604,"Оболонь Пиво Київське Розливне 0,6 л",sht_delimyy,1.0,,20.0,,4,LOW_N,delimyy
2978950022930,Етикетка 58*40 (600),sht_delimyy,1.0,,20.0,,4,LOW_N,delimyy
4820097892786,Шейки Піт-Буль Б/А 1л,sht_delimyy,1.0,,20.0,,4,LOW_N,delimyy
5449000109125,Швепс Мохіто 1л,sht_delimyy,1.0,1.0,20.0,,6,OK,delimyy
54491472,"Кока Кола 0,5л",sht_delimyy,1.0,1.0,20.0,,8,OK,delimyy
8445291573222,"Нестле Кава Нескафе Капучино 13,5гр (20) Стік",sht_nedelimyy,20.0,20.0,20.0,,21,OK,name_i_istoriya
8445291573079,Нестле Кава Нескафе Лате 14гр (20) Стік,sht_nedelimyy,20.0,,20.0,,50,LOW_N,delimyy
4823079103825,Союз Перець Чилі Мелений Ямуна 15г,sht_delimyy,1.0,3.0,20.0,,54,OK,delimyy
4820232610541,Союз Приправа До Картоплі Іріс 25г,sht_delimyy,1.0,1.0,20.0,,64,OK,delimyy
4820237190666,"Ресурс Горілка Вілд Дак Платінум 0,5л",sht_delimyy,1.0,1.0,20.0,,76,OK,delimyy
4820024228770,"Грин Дей Горілка Зелений День Крістал 0,5л",sht_delimyy,1.0,1.0,20.0,,78,OK,delimyy
4823079103832,Союз Перець Духмяний Горошок Ямуна 15г,sht_delimyy,1.0,2.0,20.0,,82,OK,delimyy
4820232610589,Союз Приправа До М*яса Іріс 25г,sht_delimyy,1.0,1.0,20.0,,86,OK,delimyy
4820232610701,Союз Приправа До Плову Іріс 25г,sht_delimyy,1.0,1.0,20.0,,89,OK,delimyy
4820073561774,"Грин Дей Горілка Зелений День Лайф 0,5л",sht_delimyy,1.0,1.0,20.0,,95,OK,delimyy
4823079103696,Союз Перець Чорний Горошок Ямуна 20г,sht_delimyy,1.0,3.0,20.0,,96,OK,delimyy
4820023747210,Рушники Паперові Ecolo Двошарові,sht_delimyy,1.0,1.0,20.0,,99,OK,delimyy
4820232610572,Союз Приправа До Курки Іріс 25г,sht_delimyy,1.0,2.0,20.0,,99,OK,delimyy
4820232610602,Союз Приправа До Шашлику Іріс 25г,sht_delimyy,1.0,1.0,20.0,,101,OK,delimyy
4820212960710,Монжар Жуйка Кислиця Тутті Фрутті (100),sht_nedelimyy,100.0,1.0,20.0,,105,OK,manual
3870634080139,Свічки Антик 18 см,sht_delimyy,1.0,5.0,20.0,,107,OK,delimyy
4823122206107,"Грин Дей Настоянка Зелений День Лимон 0,5л",sht_delimyy,1.0,1.0,20.0,,115,OK,delimyy
4820023747135,Папір Туалетний Ecolo Білий,sht_delimyy,1.0,1.0,20.0,,121,OK,delimyy
4820270930175,Монжар Жуйка Куул Фреш Тропік 4гр (100 шт) Упаковка 100 шт,sht_delimyy,1.0,1.0,20.0,,123,OK,delimyy
5000159607087,Марс  Драже М&М Шоколад 82г,sht_delimyy,1.0,1.0,20.0,,125,OK,delimyy
8887290146623,Кава Мак Кофе Капучино з Сол.Карам.(20)25г,sht_delimyy,1.0,1.0,20.0,,131,OK,delimyy
4823122207302,"Грин Дей Сп.Напій Соджу Фанжу Ананас 0,350л",sht_delimyy,1.0,1.0,20.0,,148,OK,delimyy
4823077633492,Рошен  Вафельнi Батончик Рошетто Дарк 34 гр,sht_delimyy,1.0,1.0,20.0,,149,OK,delimyy
8886300070163,Кава Мак Кофе PHO (20) 24г,sht_delimyy,1.0,1.0,20.0,,149,OK,delimyy
4820235324285,"Грин Дей Настоянка Зелений День Лимон 0,5л",sht_delimyy,1.0,1.0,20.0,,154,OK,delimyy
4823122207296,"Грин Дей Сп.Напій Соджу Фанжу Персик 0,350л",sht_delimyy,1.0,1.0,20.0,,157,OK,delimyy
4823079106246,Союз Приправа Смакова Куряча Перчік 75г,sht_delimyy,1.0,1.0,20.0,,172,OK,delimyy
8887290100922,Кава Мак Кофе Стронг (25) 16 гр Упаковка 25 шт,sht_delimyy,1.0,1.0,20.0,,179,OK,delimyy
4820243970351,Рябчик Слайси з Філе Кур.зі смаком сиру 30г,sht_delimyy,1.0,1.0,20.0,,189,OK,delimyy
6973354000221,Рома Вермішель з Гострим Смаком Яловичини пакет 103г,sht_delimyy,1.0,1.0,20.0,,197,OK,delimyy
2984670056070,Якобз Чай Чорний Піквік Цейлон (20) 1шт,sht_nedelimyy,20.0,20.0,20.0,,200,OK,name_i_istoriya
4820080721383,"Хлібний Дар Горілка Цельсій Класік 0,5л",sht_delimyy,1.0,1.0,20.0,,203,OK,delimyy
6973354000351,Рома Вермішель з Кислим і Гострим Смаком Яловичини пакет 112г,sht_delimyy,1.0,1.0,20.0,,205,OK,delimyy
4823127300756,Вир.Макаронні Ля Паста Вермішель 400г,sht_delimyy,1.0,1.0,20.0,,210,OK,delimyy
4820212960666,Монжар Жуйка Кислиця Кавун (100) Упаковка 100 шт,sht_nedelimyy,100.0,1.0,20.0,,210,OK,manual
2978950002604,Ручка 1-2 л ПЕТ,sht_delimyy,1.0,6.0,20.0,,214,OK,delimyy
4820023520929,Свіфт Хрін Столовий Вінниця 125г,sht_delimyy,1.0,1.0,20.0,,230,OK,delimyy
4820256584675,"УДК Напій Спирт.Шустов Золота Колекція 3*0,5л",sht_delimyy,1.0,1.0,20.0,,236,OK,delimyy
2984670067793,Агропром Комплект Вилка 1шт,sht_delimyy,1.0,2.0,20.0,,238,OK,delimyy
4820270930182,Монжар Жуйка Куул Фреш Малина 4гр (100 шт) Упаковка 100 шт,sht_delimyy,1.0,1.0,20.0,,241,OK,delimyy
4820212960703,Монжар Жуйка Кислиця Полуниця (100) Упаковка 100 шт,sht_nedelimyy,100.0,1.0,20.0,,260,OK,manual
2984670067786,Агропром Комплект Ложка 1шт,sht_delimyy,1.0,1.0,20.0,,261,OK,delimyy
4820210842001,"Медоф Настоянка Калганова з Медом На Коньяку 0,5л",sht_delimyy,1.0,1.0,20.0,,264,OK,delimyy
4823127300800,Вир.Макаронні Ля Паста Черепашки 400г,sht_delimyy,1.0,1.0,20.0,,268,OK,delimyy
4820182222153,"Хлібний Дар Бренді Коблево 3*0,35л",sht_delimyy,1.0,1.0,20.0,,281,OK,delimyy
4820239243155,"Комо Тульчинка 72,5% 180 гр",sht_delimyy,1.0,1.0,20.0,,288,OK,delimyy
4823127300794,Вир.Макаронні Ля Паста Спіральки 400г,sht_delimyy,1.0,1.0,20.0,,289,OK,delimyy
4820243970016,Рябчик Слайси з Філе Кур.з соєвим соусом 30г,sht_delimyy,1.0,1.0,20.0,,300,OK,delimyy
5000159541213,Марс  Драже М&М Арахіс 90г,sht_delimyy,1.0,1.0,20.0,,316,OK,delimyy
4820243970030,Рябчик Слайси з Філе Кур.з перцем і паприкою 30г,sht_delimyy,1.0,1.0,20.0,,320,OK,delimyy
8886300970098,Кава Петрівська Слобода Лісовий Горіх (25) 18 гр Упаковка 25 шт,sht_delimyy,1.0,1.0,20.0,,332,OK,delimyy
4820179259858,Гермес Макарони Вермішель Іделія 400гр,sht_delimyy,1.0,1.0,20.0,,338,OK,delimyy
4820189295617,"Бренді Азнаурі V.S. 3* 0,35л",sht_delimyy,1.0,1.0,20.0,,342,OK,delimyy
8886300970135,Кава Петрівська Слобода Згущене Молоко (25) 18 гр Упаковка 25 шт,sht_delimyy,1.0,1.0,20.0,,357,OK,delimyy
4820183100870,"Грин Дей Горілка Зелений День 0,375л",sht_delimyy,1.0,1.0,20.0,,360,OK,delimyy
8000500267035,Кіндер-Деліз Т1,sht_delimyy,1.0,1.0,20.0,,364,OK,delimyy
4820210842469,"Медоф Настоянка Калганова з Медом На Бренді 0,5л",sht_delimyy,1.0,1.0,20.0,,368,OK,delimyy
4820182220388,"Хлібний Дар Коньяк Коблево 3*0,35л",sht_delimyy,1.0,1.0,20.0,,374,OK,delimyy
8680861069075,Монжар Жуйка Турбо (100) Упаковка 100 шт,sht_nedelimyy,100.0,1.0,20.0,,380,OK,manual
4820256585344,"УДК Напій Спирт.Шустов-160 0,5л",sht_delimyy,1.0,1.0,20.0,,388,OK,delimyy
4820179259841,Гермес Макарони Метелики Іделія 400гр,sht_delimyy,1.0,1.0,20.0,,390,OK,delimyy
8886300970081,Кава Петрівська Слобода Карамель (25) 18 гр Упаковка 25 шт,sht_delimyy,1.0,1.0,20.0,,401,OK,delimyy
4823122200075,"Грин Дей Горілка Зелений День 0,2л",sht_delimyy,1.0,1.0,20.0,,406,OK,delimyy
8886300970111,Кава Петрівська Слобода Класичний (25) 20 гр Упаковка 25 шт,sht_delimyy,1.0,1.0,20.0,,408,OK,delimyy
4820179258745,Гермес Локшина з Куркою + Соус Сальса Гладс 75гр,sht_delimyy,1.0,1.0,20.0,,420,OK,delimyy
4820179259872,Гермес Макарони Спіраль Іделія 400гр,sht_delimyy,1.0,1.0,20.0,,422,OK,delimyy
4820183980137,Кукурудзяні Палички Їж Наше Бекон 45г,sht_delimyy,1.0,1.0,20.0,,428,OK,delimyy
2978950002291,Сірники (10),sht_delimyy,1.0,1.0,20.0,10.0,433,OK,delimyy
4823122204028,"Грин Дей Бренді Аджарі 3* 0,5л",sht_delimyy,1.0,1.0,20.0,,439,OK,delimyy
4823122204004,"Грин Дей Бренді Аджарі 3* 0,25л",sht_delimyy,1.0,1.0,20.0,,443,OK,delimyy
4820183980045,Кукурудзяні Палички Їж Наше Молочні 60г,sht_delimyy,1.0,1.0,20.0,,444,OK,delimyy
4820001830057,"Вода мін.Свалява 1,5л",sht_delimyy,1.0,1.0,20.0,,451,OK,delimyy
4820183980144,Кукурудзяні Палички Їж Наше Сир 45г,sht_delimyy,1.0,1.0,20.0,,480,OK,delimyy
8445290693983,"Нестле Вермішель Мівіна Куряча з Овочами та Зеленню Гостра 59,2г",sht_delimyy,1.0,1.0,20.0,,486,OK,delimyy
4820024229098,"Грин Дей Горілка Зелений День 0,2л",sht_delimyy,1.0,1.0,20.0,,492,OK,delimyy
4820079692373,Алексис Сухарі Паніровочні 100г,sht_delimyy,1.0,1.0,20.0,,501,OK,delimyy
5902978002428,Бойчак  Драже Корсар Кокос 70г,sht_delimyy,1.0,1.0,20.0,,514,OK,delimyy
5902978002732,Бойчак  Драже Горішки Клоуни 70г,sht_delimyy,1.0,1.0,20.0,,547,OK,delimyy
4820235321406,"Грин Дей Коньяк Аджарі 3* 0,5л",sht_delimyy,1.0,1.0,20.0,,566,OK,delimyy
4820210840588,"Прайм Горілка Львів Княжий Крафтова 0,5л",sht_delimyy,1.0,1.0,20.0,,567,OK,delimyy
4823079102163,Союз Сода Харчова Ямуна 300г,sht_delimyy,1.0,1.0,20.0,,571,OK,delimyy
4823122200013,"Грин Дей Горілка Зелений День 0,5л",sht_delimyy,1.0,1.0,20.0,,589,OK,delimyy
8445290708489,"Нестле Вермішель Мівіна Куряча з Овочами та Зеленню Негостра 59,2г",sht_delimyy,1.0,1.0,20.0,,600,OK,delimyy
4820003831885,Рушник Білий Диво 2 шт,sht_delimyy,1.0,1.0,20.0,,633,OK,delimyy
4820024228763,"Грин Дей Горілка Зелений День 0,5л",sht_delimyy,1.0,2.0,20.0,,634,OK,delimyy
4820210840045,"Медоф Горілка Калганоф Люкс 0,5л",sht_delimyy,1.0,1.0,20.0,,716,OK,delimyy
4820229031205,"УДК Горілка Хортиця Срібна 0,375л",sht_delimyy,1.0,1.0,20.0,,718,OK,delimyy
4820235321383,"Грин Дей Коньяк Аджарі 3* 0,25л",sht_delimyy,1.0,1.0,20.0,,724,OK,delimyy
4823122203960,"Грин Дей Бренді Довбуш 3* 0,25л",sht_delimyy,1.0,1.0,20.0,,735,OK,delimyy
4820253410014,Сіль ХЦЗ 1кг,sht_delimyy,1.0,1.0,20.0,,740,OK,delimyy
4820256585351,"УДК Напій Спирт.Шустов-160 0,25л",sht_delimyy,1.0,1.0,20.0,,742,OK,delimyy
4820012683178,Свіфт Згущене Молоко Дой Пак 290 гр,sht_delimyy,1.0,1.0,20.0,,748,OK,delimyy
4820179259070,Гермес Вермішель Курка Даріна 50 гр,sht_delimyy,1.0,1.0,20.0,,759,OK,delimyy
4820179256819,Гермес Вермішель Гриби Реева 60 гр,sht_delimyy,1.0,1.0,20.0,,796,OK,delimyy
4820179280661,"Медоф Горілка Мірна На Молоці 0,5л",sht_delimyy,1.0,1.0,20.0,,812,OK,delimyy
482001729183,Золоте Зерно Фігурні Вироби Молочні 200 гр,sht_delimyy,1.0,1.0,20.0,,815,OK,delimyy
4820270931080,Монжар Цукерка Юмі Джелі Ведмедики 70г (40),sht_delimyy,1.0,1.0,20.0,,834,OK,delimyy
4820270931066,Монжар Цукерка Юмі Джелі Кола 70г (40),sht_delimyy,1.0,1.0,20.0,,836,OK,delimyy
4823098207856,"Хлібний Дар Горілка Оксідженіум Айс 0,5л",sht_delimyy,1.0,1.0,20.0,,843,OK,delimyy
4820270931073,Монжар Цукерка Юмі Джелі Фрукти 70г (40),sht_delimyy,1.0,1.0,20.0,,894,OK,delimyy
8886300970142,Кава Петрівська Слобода Міцний (25) 20 гр Упаковка 25 шт,sht_delimyy,1.0,1.0,20.0,,895,OK,delimyy
4820179257083,Гермес Локшина з Яловичиною Реева 85гр,sht_delimyy,1.0,1.0,20.0,,940,OK,delimyy
4820181420604,"Немирів Горілка Оригінал 0,37л",sht_delimyy,1.0,1.0,20.0,,941,OK,delimyy
80177609,Шоколад Кіндер Т-4,sht_delimyy,1.0,1.0,20.0,,967,OK,delimyy
4820080720386,"Хлібний Дар Горілка Козацька Рада 0,5л",sht_delimyy,1.0,1.0,20.0,,970,OK,delimyy
4820179256802,Гермес Вермішель Курка Реева Гостра 60 гр,sht_delimyy,1.0,1.0,20.0,,988,OK,delimyy
4820229031885,"УДК Настоянка Первак Перцева з Медом 0,5л",sht_delimyy,1.0,1.0,20.0,,998,OK,delimyy
4820229031212,"УДК Горілка Хортиця Срібна 0,5л",sht_delimyy,1.0,1.0,20.0,,1015,OK,delimyy
5000159461122,Марс  Шок.Бат.Снікерс 50г,sht_delimyy,1.0,1.0,20.0,,1016,OK,delimyy
4820149650043,Бойчак  Соломка Посмішка СолоДка 40г,sht_delimyy,1.0,1.0,20.0,,1031,OK,delimyy
4820003831915,Туалетний Папір Диво 4 шт,sht_delimyy,1.0,1.0,20.0,,1076,OK,delimyy
5900951310935,"Марс  Шок.Бат.Снікерс Супер 112,5г",sht_delimyy,1.0,1.0,20.0,,1107,OK,delimyy
4820256584651,"УДК Напій Спирт.Шустов Золота Колекція 3*0,25л",sht_delimyy,1.0,1.0,20.0,,1189,OK,delimyy
8887290101035,Кава Мак Кофе Оригінал (25) 20 гр Упаковка 25 шт,sht_delimyy,1.0,1.0,20.0,,1194,OK,delimyy
4820179257076,Гермес Локшина з Куркою Реева 85гр,sht_delimyy,1.0,1.0,20.0,,1244,OK,delimyy
4820149650074,Бойчак  Соломка Посмішка Цибуля 40г,sht_delimyy,1.0,1.0,20.0,,1246,OK,delimyy
4820080720577,"Хлібний Дар Горілка Класична 0,5л",sht_delimyy,1.0,1.0,20.0,,1310,OK,delimyy
4820149650012,Бойчак  Соломка Посмішка Солена 40г,sht_delimyy,1.0,1.0,20.0,,1395,OK,delimyy
4820229031984,"УДК Горілка Первак Домашній Пшеничний 0,5л",sht_delimyy,1.0,1.0,20.0,,1398,OK,delimyy
4820017290647,Золоте Зерно Фігурні Вироби Сир 50 гр,sht_delimyy,1.0,1.0,20.0,,1416,OK,delimyy
4820179256796,Гермес Вермішель Курка Реева 60 гр,sht_delimyy,1.0,1.0,20.0,,1439,OK,delimyy
4820210840571,"Прайм Горілка Старольвівська Пшенична 0,5л",sht_delimyy,1.0,1.0,20.0,,1481,OK,delimyy
4820210840670,"Прайм Горілка Старольвівська Прозора 0,5л",sht_delimyy,1.0,1.0,20.0,,1517,OK,delimyy
4820017291002,Золоте Зерно Фігурні Вироби Гриби 50 гр,sht_delimyy,1.0,1.0,20.0,,1525,OK,delimyy
4823098207276,"Хлібний Дар Горілка Оксідженіум 0,5л",sht_delimyy,1.0,1.0,20.0,,1620,OK,delimyy
4820179280470,"Медоф Горілка Класік 0,5л",sht_delimyy,1.0,1.0,20.0,,1665,OK,delimyy
4820017290128,Золоте Зерно Фігурні Вироби Бекон 50 гр,sht_delimyy,1.0,1.0,20.0,,1783,OK,delimyy
4820179280050,"Медоф Горілка Наша Марка 0,1л",sht_delimyy,1.0,1.0,20.0,,1963,OK,delimyy
4820193720037,Цукор Фасований ХЦЗ 1кг,sht_delimyy,1.0,1.0,20.0,,2004,OK,delimyy
4820189940432,Союз Майонез МакМай 170 гр пакет,sht_delimyy,1.0,1.0,20.0,,2343,OK,delimyy
4820189943587,Союз Майонез МакМай 320гр пакет,sht_delimyy,1.0,1.0,20.0,,2411,OK,delimyy
7622201760939,"Гумка Дірол Ікс Фреш Тропічні Фрукти 13,5г",sht_delimyy,1.0,,21.0,,2,LOW_N,delimyy
4820215364577,Корм Мяу Телятина 300г (21),sht_delimyy,1.0,1.0,21.0,,82,OK,delimyy
4820269144453,Корм Мяу Яловичина 300г,sht_delimyy,1.0,1.0,21.0,,200,OK,delimyy
5901806002975,Бойчак  Шоколад Альпинелла Молочна 90г (21),sht_delimyy,1.0,1.0,21.0,,227,OK,delimyy
4820215364546,Корм Мяу Кролик 300г,sht_delimyy,1.0,1.0,21.0,,374,OK,delimyy
4820017293235,Золоте Зерно Пластівці Молочні 80 гр,sht_delimyy,1.0,1.0,21.0,,505,OK,delimyy
4820017294478,Золоте Зерно Кульки з Какао 75 гр,sht_delimyy,1.0,1.0,21.0,,609,OK,delimyy
2984670065652,"Соління Квашені Огірки 0,5кг",sht_delimyy,1.0,1.0,22.0,,165,OK,delimyy
4820002300306,ХБФ Вафлі Артек 130 гр,sht_delimyy,1.0,1.0,23.0,,1027,OK,delimyy
4820193038866,"Оболонь Пиво Київське Експорт 0,5л з/б",sht_delimyy,1.0,,24.0,,1,LOW_N,delimyy
4820193034011,"Оболонь Пиво Зіберт Баварське 0,5 л з/б",sht_delimyy,1.0,,24.0,,1,LOW_N,delimyy
4820193038996,"Оболонь Пиво Хайк Вайб Інком Такс 0,5л з/б",sht_delimyy,1.0,,24.0,,1,LOW_N,delimyy
4823009203335,Хладік Морозиво ваф.ст. Какао Морозко 60г,sht_delimyy,1.0,,24.0,,1,LOW_N,delimyy
4823009208736,Хладік Морозиво Сніговик у Ваф.Ст. 80г,sht_delimyy,1.0,,24.0,,1,LOW_N,delimyy
4820250942754,"БІР Пиво Старопрамен Світле 0,48л з/б",sht_delimyy,1.0,,24.0,,1,LOW_N,delimyy
4823063126878,"Пепсі-Кола 0,33л з/б",sht_delimyy,1.0,,24.0,,1,LOW_N,delimyy
4823009202963,Хладік Морозиво Пломбир 19% ваф.ст.70г (24),sht_delimyy,1.0,,24.0,,1,LOW_N,delimyy
4820000197427,"Оболонь Напій С/а Джин Тоник з/б 0,5 л",sht_delimyy,1.0,,24.0,,2,LOW_N,delimyy
4820000456463,"БІР Пиво Карлсберг 0,5л з/б",sht_delimyy,1.0,,24.0,,2,LOW_N,delimyy
4820000197441,"Оболонь Напій С/а Бренди Кола з/б 0,5л",sht_delimyy,1.0,,24.0,,2,LOW_N,delimyy
4820000197465,"Оболонь Напій С/а Ром Кола з/б 0,5л",sht_delimyy,1.0,,24.0,,2,LOW_N,delimyy
4820250941412,"БІР Пиво Хольстен Пілзнер 0,48л з/б",sht_delimyy,1.0,,24.0,,2,LOW_N,delimyy
4820193038941,"Оболонь Пиво Бермікс Кавун 0,5л з/б",sht_delimyy,1.0,,24.0,,2,LOW_N,delimyy
4820250942082,"БІР Пиво Львівське 1715 0,48л з/б  Б/Алк",sht_delimyy,1.0,,24.0,,2,LOW_N,delimyy
4820252124493,"Шейки Шейк Мохіто 0,33л пл",sht_delimyy,1.0,,24.0,,2,LOW_N,delimyy
4820097890140,"Шейки Шейк Текіла Сомбреро 0,33л",sht_delimyy,1.0,,24.0,,2,LOW_N,delimyy
4820250942624,"БІР Пиво Львівське М*яке 0,48л з/б",sht_delimyy,1.0,,24.0,,2,LOW_N,delimyy
4820097890324,"Шейки Нон Стоп Б/А 0,5л з/б",sht_delimyy,1.0,,24.0,,3,LOW_N,delimyy
4820046963222,"Броварня Пиво Бочкове Нефільтроване 0,5л з/б",sht_delimyy,1.0,,24.0,,3,LOW_N,delimyy
4820097894834,"Шейки Шейк Секс На Пляже 0,33л",sht_delimyy,1.0,,24.0,,3,LOW_N,delimyy
4820250941962,"БІР Пиво Карлсберг 0,5л з/б    Б/Алк",sht_delimyy,1.0,,24.0,,3,LOW_N,delimyy
4820193037371,"Оболонь Пиво Злата Брама 0,5л з/б",sht_delimyy,1.0,,24.0,,3,LOW_N,delimyy
4820252124578,"Шейки Рево Манго 0,5л з/б",sht_delimyy,1.0,,24.0,,3,LOW_N,delimyy
4820097890317,"Шейки Нон Стоп Б/А 0,25л з/б",sht_delimyy,1.0,,24.0,,3,LOW_N,delimyy
4820097897224,"Шейки Нон Стоп Б/А 0,25л з/б Еволюшн Фреш",sht_delimyy,1.0,,24.0,,3,LOW_N,delimyy
4820097890119,"Шейки Шейк Бора Бора 0,33л",sht_delimyy,1.0,,24.0,,3,LOW_N,delimyy
4820097899167,"Шейки Нон Стоп Б/А 0,5л з/б Буст",sht_delimyy,1.0,,24.0,,3,LOW_N,delimyy
4820252124608,"Шейки Кінгз Брідж Джин Бейзіл 0,5л з/б",sht_delimyy,1.0,,24.0,,3,LOW_N,delimyy
4820193034349,"Оболонь Пиво Хайк Зеро Б/А 0,5л з/б",sht_delimyy,1.0,,24.0,,3,LOW_N,delimyy
4820097892328,"Шейки Рево Вишня 0,5л з/б",sht_delimyy,1.0,,24.0,,4,LOW_N,delimyy
4820252120068,"Шейки Кінгз Брідж Грейпфрут 0,5л з/б",sht_delimyy,1.0,,24.0,,4,LOW_N,delimyy
4820252123366,"Шейки Шейк Мохіто 0,5л з/б",sht_delimyy,1.0,,24.0,,4,LOW_N,delimyy
4820097894827,"Шейки Шейк Секс На Пляже 0,5л з/б",sht_delimyy,1.0,,24.0,,4,LOW_N,delimyy
4820252121089,"Шейки Кінгз Брідж Джин-Тонік 0,5л з/б",sht_delimyy,1.0,,24.0,,4,LOW_N,delimyy
4820252124615,"Шейки Кінгз Брідж Джин Чері 0,5л з/б (24)",sht_delimyy,1.0,,24.0,,4,LOW_N,delimyy
4820022693075,"Броварня Пиво Чайка Черноморська 0,5л Б/А з/б",sht_delimyy,1.0,1.0,24.0,,5,OK,delimyy
4820252121867,"Шейки Шейк Дайкірі 0,5л з/б",sht_delimyy,1.0,1.0,24.0,,5,OK,delimyy
4820097891680,"Шейки Шейк Бора Бора 0,5л з/б",sht_delimyy,1.0,1.0,24.0,,6,OK,delimyy
4820252123304,"Шейки Кінгз Брідж Джин Беррі 0,5л з/б",sht_delimyy,1.0,1.0,24.0,,6,OK,delimyy
5449000044839,Швепс Біттер Лимон 1л,sht_delimyy,1.0,1.0,24.0,,6,OK,delimyy
4820252124448,"Шейки Шейк Порнстар 0,5л з/б",sht_delimyy,1.0,1.0,24.0,,7,OK,delimyy
4820097890423,"Шейки Рево 0,5л з/б",sht_delimyy,1.0,1.0,24.0,,8,OK,delimyy
4820034921548,"Пиво Стелла Артуа 0,5л з/б",sht_nedelimyy,24.0,24.0,24.0,,38,OK,min_eq_box
8006530178181,Порошок Гала Руч СМЗ Колор Франц. аромат 405г,sht_delimyy,1.0,,24.0,,76,LOW_N,delimyy
4820002309620,ХБФ Печиво Ювілейний Букет 55 гр,sht_delimyy,1.0,4.0,24.0,,80,OK,delimyy
8714599107638,Кава Якобз 3в1 FD Чоко 15г,sht_nedelimyy,24.0,24.0,24.0,,83,OK,min_eq_box
4823105817016,АВК Батончик Гулівер 25г,sht_delimyy,1.0,2.0,24.0,,93,OK,delimyy
4820206290601,"Кава Якобз 3в1 Капучино 12,5гр",sht_nedelimyy,24.0,24.0,24.0,,100,OK,min_eq_box
5900497311014,Пепсі-Кола 1л,sht_delimyy,1.0,12.0,24.0,,107,OK,delimyy
4820269143012,Корм Пауч Телятина В Соусі 85гр,sht_delimyy,1.0,2.0,24.0,,109,OK,delimyy
8711000605561,"Кава Якобз 3в1 SD Сінамон Рол 11,2г",sht_nedelimyy,24.0,24.0,24.0,,124,OK,min_eq_box
4820083902826,Корм Мяу Телятина/Ялович. з Овочами 100гр (24),sht_delimyy,1.0,5.0,24.0,,125,OK,delimyy
8714599104378,Кава Якобз 3в1 Карамель 15гр,sht_nedelimyy,24.0,24.0,24.0,,137,OK,min_eq_box
8006530178297,Порошок Гала Авт СМЗ Франц. Аромат 405г,sht_delimyy,1.0,1.0,24.0,,141,OK,delimyy
8445291306851,Нестле Кава Нескафе 3в1 Турбо 12гр (24) Стік,sht_nedelimyy,24.0,18.0,24.0,,154,OK,nonround_proof
4820215364409,Корм Пауч Яловичина в Желе 85/100гр (24),sht_delimyy,1.0,3.0,24.0,,154,OK,delimyy
4820206290519,Кава Якобз 3в1 Інтенз 12гр,sht_nedelimyy,24.0,24.0,24.0,,162,OK,delimyy
8445291306882,Нестле Кава Нескафе 3в1 Екстра Стронг 12гр (24) Стік,sht_nedelimyy,24.0,22.0,24.0,,169,OK,nonround_proof
4820210842018,"Медоф Настоянка Калганова з Медом На Коньяку 0,25л",sht_delimyy,1.0,2.0,24.0,,170,OK,delimyy
4820206290489,Кава Якобз 3в1 Латте 13гр,sht_delimyy,1.0,23.0,24.0,,170,OK,delimyy
3800020493915,Нестле Батончик Кіт Кат Чанк Білий 40г,sht_delimyy,1.0,1.0,24.0,,174,OK,delimyy
8445291307216,Нестле Кава Нескафе 3в1 Оріджінал 12гр (24) Стік,sht_nedelimyy,24.0,19.0,24.0,,185,OK,delimyy
8714599104408,Кава Якобз 3в1 Лісовий Горіх 15гр,sht_nedelimyy,24.0,24.0,24.0,,207,OK,min_eq_box
8714599109236,"Кава Якобз 3в1 Стронг 12,9г",sht_nedelimyy,24.0,24.0,24.0,,234,OK,min_eq_box
4860013084208,"Немирів Бренді Старий Кахеті 3* 0,2л",sht_delimyy,1.0,1.0,24.0,,243,OK,delimyy
4820083908873,Корм Пауч Лосось В Желе/Соусі 85г,sht_delimyy,1.0,1.0,24.0,,287,OK,delimyy
4820076691468,Алексис Тушонка Свинина 525г з/б,sht_delimyy,1.0,1.0,24.0,,289,OK,delimyy
4820235320768,"Грин Дей Коньяк Довбуш 3* 0,1л",sht_delimyy,1.0,1.0,24.0,,297,OK,delimyy
8006540512098,Порошок Гала Авт Франц. Аромат 300г,sht_delimyy,1.0,1.0,24.0,,310,OK,delimyy
4820181190156,Золоте Зерно Халва Ванільна 60 гр,sht_delimyy,1.0,2.0,24.0,,327,OK,delimyy
4820215364270,Корм Пауч Ягня В Соусі 85г,sht_delimyy,1.0,1.0,24.0,,328,OK,delimyy
4823096005591,Чумак Кетчуп Лагідний 250г,sht_delimyy,1.0,1.0,24.0,,328,OK,delimyy
3800020418345,Нестле Батончик Кіт Кат Чанкі Дуо 64г,sht_delimyy,1.0,1.0,24.0,,341,OK,delimyy
4820083908903,Корм Пауч Кролик в Желе/Соусі  85г,sht_delimyy,1.0,3.0,24.0,,381,OK,delimyy
4820215364256,Корм Пауч Індичка в Желе/Соусі 85г,sht_delimyy,1.0,4.0,24.0,,384,OK,delimyy
4823122203946,"Грин Дей Бренді Довбуш 3* 0,1л",sht_delimyy,1.0,1.0,24.0,,393,OK,delimyy
8714599102565,Кава Якобз Монарх 3в1 15гр,sht_nedelimyy,24.0,24.0,24.0,,430,OK,min_eq_box
4820215364416,Корм Пауч Качка в Соусі 85г,sht_delimyy,1.0,1.0,24.0,,439,OK,delimyy
4820083908910,Корм Пауч Курка в Желе/Соусі 85г,sht_delimyy,1.0,1.0,24.0,,479,OK,delimyy
4820083908880,Корм Пауч для Собак Курка 100 гр,sht_delimyy,1.0,1.0,24.0,,482,OK,delimyy
4823122203984,"Грин Дей Бренді Аджарі 3* 0,1л",sht_delimyy,1.0,1.0,24.0,,518,OK,delimyy
4820083901584,Корм Мяу Печінка в Ніжному Соусі 85гр,sht_delimyy,1.0,2.0,24.0,,525,OK,delimyy
4820269142664,Корм Мяу Яловичина в Ніжному Соусі 85 г,sht_delimyy,1.0,3.0,24.0,,540,OK,delimyy
4820269142657,Корм Мяу Риба в Ніжному Соусі 85 г,sht_delimyy,1.0,1.0,24.0,,568,OK,delimyy
4820179257847,Гермес Пюре Вершки Реева 40гр,sht_delimyy,1.0,1.0,24.0,,576,OK,delimyy
4820219342748,Набір Равлик Боб Цукерки Яблуко-Груша та Іграшка 20г,sht_delimyy,1.0,1.0,24.0,,610,OK,delimyy
4820179257830,Гермес Пюре Курка Реева 40гр,sht_delimyy,1.0,1.0,24.0,,612,OK,delimyy
4820269142602,Корм Мяу Індичка в Ніжному Соусі 85 г,sht_delimyy,1.0,1.0,24.0,,624,OK,delimyy
4820083902819,Корм Мяу Рагу Кролик та Індичка 85 г,sht_delimyy,1.0,1.0,24.0,,625,OK,delimyy
4820083901577,Корм Мяу Кролик в Ніжному Соусі 85 г,sht_delimyy,1.0,1.0,24.0,,626,OK,delimyy
4823090301835,ХБФ Печиво Марія Преміум 200 гр,sht_delimyy,1.0,1.0,24.0,,647,OK,delimyy
4820206290571,"Кава Якобз 3в1 Карамель Латте 12,3г",sht_nedelimyy,24.0,24.0,24.0,,662,OK,min_eq_box
4820182221019,"Хлібний Дар Коньяк Коблево 3* 0,1л",sht_delimyy,1.0,1.0,24.0,,688,OK,delimyy
4820189295532,"Бренді Азнаурі V.S. 3* 0,25л",sht_delimyy,1.0,1.0,24.0,,717,OK,delimyy
4820179282658,"Медоф Напій Лонгміксер Персик-Маракуйя 0,33л",sht_delimyy,1.0,1.0,24.0,,739,OK,delimyy
4820206290540,"Кава Якобз 3в1 Динамікс 12,5г",sht_nedelimyy,24.0,24.0,24.0,,739,OK,min_eq_box
4820206290458,Кава Якобз 3в1 Орідж 12гр,sht_nedelimyy,24.0,24.0,24.0,,749,OK,min_eq_box
4820189290148,"Коньяк України Азнаурі 3* 0,25л",sht_delimyy,1.0,1.0,24.0,,763,OK,delimyy
4820201995402,"Медоф Напій Лонгміксер Кавун-М'ята 0,33л",sht_delimyy,1.0,1.0,24.0,,765,OK,delimyy
4820179280869,"Медоф Напій Лонгміксер Апельсин 0,33л",sht_delimyy,1.0,1.0,24.0,,786,OK,delimyy
4820083901812,Корм Мяу Курка в Ніжному Соусі 85 г,sht_delimyy,1.0,1.0,24.0,,801,OK,delimyy
4820179280654,"Медоф Горілка Мірна На Молоці 0,2л",sht_delimyy,1.0,1.0,24.0,,805,OK,delimyy
4820179280852,"Медоф Напій Лонгміксер Кактус 0,33л",sht_delimyy,1.0,1.0,24.0,,835,OK,delimyy
4820111140985,Корм Пан Кот Курка в Соусі 100г,sht_delimyy,1.0,1.0,24.0,,847,OK,delimyy
4820215363464,Корм Пауч Для Собак Малих Пород Ягня 100гр,sht_delimyy,1.0,1.0,24.0,,875,OK,delimyy
4820210840632,"Прайм Горілка Львів Княжий Крафтова 0,25л",sht_delimyy,1.0,1.0,24.0,,877,OK,delimyy
40111216,Марс  Шок.Бат.Баунті 57г,sht_delimyy,1.0,3.0,24.0,,878,OK,delimyy
4820039807977,Комо Сир Пл.Зелень-Часник 75 гр,sht_delimyy,1.0,1.0,24.0,,888,OK,delimyy
4820111141005,Корм Пан Кот Індичка в Соусі 100г,sht_delimyy,1.0,1.0,24.0,,912,OK,delimyy
4820080726968,"Хлібний Дар Горілка Козацька Рада 0,37л",sht_delimyy,1.0,1.0,24.0,,924,OK,delimyy
4823005206873,Комо Вершки Яготинське 10% 200г,sht_delimyy,1.0,1.0,24.0,,933,OK,delimyy
4820039807908,Комо Сир Пл.Паприкаш 75 гр,sht_delimyy,1.0,1.0,24.0,,937,OK,delimyy
4820103402565,"Прайм Горілка Класична 0,2л",sht_delimyy,1.0,1.0,24.0,,964,OK,delimyy
4820111141036,Корм Пан Кот Кролик в Соусі 100г,sht_delimyy,1.0,1.0,24.0,,982,OK,delimyy
4820111141029,Корм Пан Кот Яловичина в Соусі 100г,sht_delimyy,1.0,1.0,24.0,,988,OK,delimyy
4820235321369,"Грин Дей Коньяк Аджарі 3* 0,1л",sht_delimyy,1.0,1.0,24.0,,996,OK,delimyy
4820179257038,Гермес Локшина з Куркою Реева Чашка 75гр,sht_delimyy,1.0,1.0,24.0,,1123,OK,delimyy
4820181420598,"Немирів Горілка Оригінал 0,2л",sht_delimyy,1.0,1.0,24.0,,1220,OK,delimyy
4820080722298,"Хлібний Дар Горілка Класична 0,37л",sht_delimyy,1.0,1.0,24.0,,1250,OK,delimyy
4820088413983,Водний Світ Крабові Палички 90 гр,sht_delimyy,1.0,1.0,24.0,,1395,OK,delimyy
4820039807809,Комо Сир Пл.з Шинкою 75 гр,sht_delimyy,1.0,1.0,24.0,,1395,OK,delimyy
4820002300399,ХБФ Печиво Ювілейний Букет 200 гр,sht_delimyy,1.0,1.0,24.0,,1494,OK,delimyy
4820039807915,Комо Сир Пл.Вершковий 75 гр,sht_nedelimyy,5.0,1.0,24.0,,1738,OK,delimyy
4820103407065,"Прайм Горілка Малинівка 0,25л",sht_delimyy,1.0,1.0,24.0,,1827,OK,delimyy
7613036532419,"Нестле Кава Нескафе Голд 1,8 гр(25) Стік",sht_nedelimyy,25.0,25.0,25.0,,431,OK,delimyy
7613036449748,"Нестле Кава Нескафе Класік 1,8 гр(25) Стік",sht_nedelimyy,25.0,25.0,25.0,,608,OK,name_i_istoriya
4820234160419,Запальничка Одноразова (50),sht_delimyy,5.0,5.0,50.0,,828,OK,manual
4820187043708,"Кава Карт Нуар 1,8 гр",sht_nedelimyy,26.0,26.0,26.0,,1154,OK,min_eq_box
4820206290014,"Кава Якобз Монарх 1,8 гр",sht_nedelimyy,26.0,26.0,26.0,,1638,OK,manual
4820204404437,Карамель Чупа Чупс ХХЛ 29 гр(40шт),sht_nedelimyy,40.0,40.0,40.0,,172,OK,min_eq_box
49814521,Карамель Чупа Чупс Бест 11 гр(50шт),sht_nedelimyy,50.0,50.0,50.0,,406,OK,min_eq_box
2978950039006,Пакет Фемелі M 38*58(Серед)(50) 1шт,sht_delimyy,25.0,25.0,50.0,,844,OK,manual
2978950002581,Пляшка пивна 3 л (54),sht_delimyy,5.0,5.0,54.0,,118,OK,manual
2978950002574,Пляшка пивна 2 л (70),sht_delimyy,5.0,5.0,70.0,,323,OK,manual
2978950002567,Пляшка пивна 1 л (90),sht_delimyy,5.0,5.0,90.0,,429,OK,manual
2978950009849,Пакет БМВ Маленький 50 мкн (1шт),sht_nedelimyy,100.0,100.0,100.0,,711,OK,min_eq_box
2978950002550,"Пляшка пивна 0,5 л (120)",sht_delimyy,5.0,5.0,120.0,,189,OK,manual
